USE fin;

/*
 * Users
 */

INSERT INTO `users` (`id`, `firstname`, `lastname`, `birthday`, `email`, `password_hash`, `phone`, `created_at`, `updated_at`) VALUES ('101', 'Ryleigh', 'Reilly', '1994-08-25', 'lherman@example.net', 'd2248e9f1cd2730a5f0090d7fb02389664ab805e', '0', '1992-12-07 23:07:59', '1971-08-24 22:48:01');
INSERT INTO `users` (`id`, `firstname`, `lastname`, `birthday`, `email`, `password_hash`, `phone`, `created_at`, `updated_at`) VALUES ('102', 'Elena', 'Fay', '2017-09-03', 'conroy.renee@example.net', '1956c1e62d802c9c598d5656ce6462b0b5316897', '1', '1997-11-06 05:50:11', '1997-03-03 02:13:29');
INSERT INTO `users` (`id`, `firstname`, `lastname`, `birthday`, `email`, `password_hash`, `phone`, `created_at`, `updated_at`) VALUES ('105', 'Ethan', 'Schmeler', '2015-03-19', 'isaiah55@example.com', 'b3f4170469cbaffea7179bf2b8ef650e1b40c83d', '954', '2020-11-03 20:31:13', '1973-08-07 15:56:31');
INSERT INTO `users` (`id`, `firstname`, `lastname`, `birthday`, `email`, `password_hash`, `phone`, `created_at`, `updated_at`) VALUES ('106', 'Lance', 'Auer', '2010-08-25', 'nitzsche.annalise@example.com', 'f6ffabd61b13c0ea2116a603f964a0593a21c170', '885996', '2003-10-14 21:45:34', '1975-04-28 09:32:41');
INSERT INTO `users` (`id`, `firstname`, `lastname`, `birthday`, `email`, `password_hash`, `phone`, `created_at`, `updated_at`) VALUES ('107', 'Luigi', 'Klein', '1977-09-03', 'samantha.gorczany@example.com', '09116387af8eededd92d74bcb1b3548117e3eafa', '377637', '2010-08-31 04:05:26', '1983-02-05 06:26:50');
INSERT INTO `users` (`id`, `firstname`, `lastname`, `birthday`, `email`, `password_hash`, `phone`, `created_at`, `updated_at`) VALUES ('108', 'Shanie', 'Bins', '1975-08-10', 'bernice.ward@example.org', 'e355d5ece1640260ba8a3e782f4e4d2dd9f33e0d', '834363', '1983-06-04 17:09:29', '1979-01-12 02:32:49');
INSERT INTO `users` (`id`, `firstname`, `lastname`, `birthday`, `email`, `password_hash`, `phone`, `created_at`, `updated_at`) VALUES ('113', 'D\'angelo', 'Lesch', '2019-02-22', 'qlehner@example.com', '6ded243eb67ea402c9c542e50e17896fa2bff561', '129011', '2016-01-31 17:48:38', '1972-08-19 06:26:54');
INSERT INTO `users` (`id`, `firstname`, `lastname`, `birthday`, `email`, `password_hash`, `phone`, `created_at`, `updated_at`) VALUES ('114', 'Ayana', 'Jacobi', '1999-04-12', 'zboncak.jaylen@example.net', '991ec7e2df2f762eef070810df8e990d3ca9594f', '6310577774', '1971-10-29 05:37:32', '1972-01-09 04:22:08');
INSERT INTO `users` (`id`, `firstname`, `lastname`, `birthday`, `email`, `password_hash`, `phone`, `created_at`, `updated_at`) VALUES ('116', 'Nelle', 'Kovacek', '1975-11-18', 'kuhn.rosalyn@example.com', 'c77e8038214c9d7304dd974fd668be8d793fb311', '593', '1990-06-29 11:23:02', '1973-01-27 23:58:47');
INSERT INTO `users` (`id`, `firstname`, `lastname`, `birthday`, `email`, `password_hash`, `phone`, `created_at`, `updated_at`) VALUES ('117', 'Norma', 'Considine', '1989-12-02', 'antoinette16@example.org', '0bd125b2c4ed7ec62c78d7296f744484df756dd0', '8451361545', '1996-03-06 12:11:58', '1992-03-26 15:41:01');
INSERT INTO `users` (`id`, `firstname`, `lastname`, `birthday`, `email`, `password_hash`, `phone`, `created_at`, `updated_at`) VALUES ('118', 'Darlene', 'Gutkowski', '2017-08-05', 'schamberger.meggie@example.org', '28895098dee2982d5921e1971695b29438493994', '33', '2011-12-04 15:16:14', '1995-08-30 01:09:51');
INSERT INTO `users` (`id`, `firstname`, `lastname`, `birthday`, `email`, `password_hash`, `phone`, `created_at`, `updated_at`) VALUES ('121', 'Brice', 'O\'Connell', '1976-07-19', 'mpfeffer@example.org', '31eff5397b4038ff77431e63a13bb6abc4bba927', '50', '2012-05-18 22:39:37', '1982-10-13 06:55:14');
INSERT INTO `users` (`id`, `firstname`, `lastname`, `birthday`, `email`, `password_hash`, `phone`, `created_at`, `updated_at`) VALUES ('122', 'Chaz', 'Nader', '1982-10-08', 'icarroll@example.org', '4869ebe04fc3cd68c01d553631a6f65f9c42763f', '451391', '2015-09-16 10:12:23', '1988-01-02 09:25:01');
INSERT INTO `users` (`id`, `firstname`, `lastname`, `birthday`, `email`, `password_hash`, `phone`, `created_at`, `updated_at`) VALUES ('123', 'Rosemarie', 'King', '2018-05-11', 'qbradtke@example.com', '52f62f952861b06064ad9f144e8e1c60cf5c19d5', '48', '1974-05-02 10:56:31', '1972-05-24 09:38:24');
INSERT INTO `users` (`id`, `firstname`, `lastname`, `birthday`, `email`, `password_hash`, `phone`, `created_at`, `updated_at`) VALUES ('124', 'Colby', 'Jakubowski', '2011-07-21', 'gloria.king@example.net', 'fc7a1376fd99c03ada584183ef13e180ea5fef71', '918765', '1983-03-16 00:27:26', '1989-06-19 08:48:23');
INSERT INTO `users` (`id`, `firstname`, `lastname`, `birthday`, `email`, `password_hash`, `phone`, `created_at`, `updated_at`) VALUES ('125', 'Kennedy', 'Gutkowski', '1971-02-03', 'cristian96@example.org', '5e57aaa778313784e9199fab624b9a61a2c02f94', '62', '2010-05-13 20:12:18', '2010-12-02 07:03:41');
INSERT INTO `users` (`id`, `firstname`, `lastname`, `birthday`, `email`, `password_hash`, `phone`, `created_at`, `updated_at`) VALUES ('127', 'Ericka', 'Boyle', '1971-12-21', 'reinger.raven@example.com', 'be87d09bed21b35333ac27430d0f40b72339eaf6', '1991769790', '1970-10-15 01:09:22', '2001-05-30 04:42:13');
INSERT INTO `users` (`id`, `firstname`, `lastname`, `birthday`, `email`, `password_hash`, `phone`, `created_at`, `updated_at`) VALUES ('128', 'Roberto', 'Satterfield', '1996-05-10', 'lonie.boyer@example.com', '3b81a74f300e79e5dc52a43dabdede4e03a18bad', '50812', '2009-05-31 10:52:05', '1986-04-21 12:30:16');
INSERT INTO `users` (`id`, `firstname`, `lastname`, `birthday`, `email`, `password_hash`, `phone`, `created_at`, `updated_at`) VALUES ('130', 'Dax', 'Murray', '1999-05-24', 'jorge79@example.net', 'b88973185ebb03ca1c79190b7c450633e4634098', '133534', '1977-04-25 08:25:50', '2014-08-19 16:30:37');
INSERT INTO `users` (`id`, `firstname`, `lastname`, `birthday`, `email`, `password_hash`, `phone`, `created_at`, `updated_at`) VALUES ('131', 'Blaze', 'Yundt', '2017-06-14', 'janae04@example.org', '4c536d55856fcb4bc6cb318421c6106551199021', '366714', '1986-07-27 06:33:18', '1994-03-05 07:12:34');
INSERT INTO `users` (`id`, `firstname`, `lastname`, `birthday`, `email`, `password_hash`, `phone`, `created_at`, `updated_at`) VALUES ('132', 'Elza', 'Borer', '1991-01-30', 'layne32@example.net', 'ace6deea739cad81422b32e45b4dc3a69e9d01a2', '808845', '1993-07-10 18:32:23', '2017-06-24 16:37:12');
INSERT INTO `users` (`id`, `firstname`, `lastname`, `birthday`, `email`, `password_hash`, `phone`, `created_at`, `updated_at`) VALUES ('134', 'Beverly', 'Ankunding', '2010-05-02', 'tommie.murazik@example.net', '4b63c00769f2d602ce0b72171b5e2ae8601129c2', '8228269913', '2004-07-17 04:38:52', '1992-07-15 18:06:02');
INSERT INTO `users` (`id`, `firstname`, `lastname`, `birthday`, `email`, `password_hash`, `phone`, `created_at`, `updated_at`) VALUES ('135', 'Ludwig', 'Kub', '1993-01-02', 'xmills@example.com', 'ca8148b28e51db806201909e19e1fe91bc41d9d1', '248089', '2020-01-22 18:35:19', '2013-09-16 01:51:02');
INSERT INTO `users` (`id`, `firstname`, `lastname`, `birthday`, `email`, `password_hash`, `phone`, `created_at`, `updated_at`) VALUES ('136', 'Ora', 'Lueilwitz', '1987-12-25', 'ritchie.burdette@example.org', 'c4c1eb9bb42b2757152551d908b00ad2474e060f', '365', '1989-03-19 06:50:15', '2011-01-11 07:16:06');
INSERT INTO `users` (`id`, `firstname`, `lastname`, `birthday`, `email`, `password_hash`, `phone`, `created_at`, `updated_at`) VALUES ('137', 'Keira', 'Langosh', '2014-01-21', 'reynolds.arjun@example.org', '20c039b676fbbabc983ba73911460d72def12358', '1915144777', '2018-01-07 11:22:30', '2006-05-23 16:22:24');
INSERT INTO `users` (`id`, `firstname`, `lastname`, `birthday`, `email`, `password_hash`, `phone`, `created_at`, `updated_at`) VALUES ('138', 'Rosalyn', 'McCullough', '1988-06-18', 'fharber@example.com', '6594b72c5d3041b505d38cd3e5e27d83ff448b97', '305', '2001-08-19 11:06:42', '1971-05-19 08:31:42');
INSERT INTO `users` (`id`, `firstname`, `lastname`, `birthday`, `email`, `password_hash`, `phone`, `created_at`, `updated_at`) VALUES ('140', 'Raul', 'Gerlach', '1975-03-19', 'mcdermott.tomas@example.com', '0cc3f9fd4e37f471a19a0cf6a5ef090dfcada358', '6310575735', '1987-02-19 09:53:54', '1997-11-13 20:44:51');
INSERT INTO `users` (`id`, `firstname`, `lastname`, `birthday`, `email`, `password_hash`, `phone`, `created_at`, `updated_at`) VALUES ('142', 'Lionel', 'Schuster', '1996-07-27', 'ewill@example.com', '5d871eb767e3a8bd42633dc0f4f1962b20d84030', '555865', '2012-08-20 00:02:54', '1982-05-20 14:55:02');
INSERT INTO `users` (`id`, `firstname`, `lastname`, `birthday`, `email`, `password_hash`, `phone`, `created_at`, `updated_at`) VALUES ('143', 'Samson', 'Morissette', '1973-06-01', 'mvon@example.com', 'a799fba6f59063ff6190b9b9cbb72056dd18ede5', '343', '1983-05-15 23:55:30', '1972-02-28 15:32:48');
INSERT INTO `users` (`id`, `firstname`, `lastname`, `birthday`, `email`, `password_hash`, `phone`, `created_at`, `updated_at`) VALUES ('144', 'Price', 'Emmerich', '2020-05-17', 'monique.doyle@example.com', 'e4d142109d83e81fafce6262c3210beed7d45f0d', '17842268', '1974-05-02 11:19:28', '2007-09-20 11:09:25');
INSERT INTO `users` (`id`, `firstname`, `lastname`, `birthday`, `email`, `password_hash`, `phone`, `created_at`, `updated_at`) VALUES ('145', 'Zetta', 'Welch', '1997-12-22', 'cecilia.hand@example.com', '672cf3d2006717d6478513c77907b0d90c935020', '4', '1980-10-03 13:18:36', '1989-04-18 11:20:20');
INSERT INTO `users` (`id`, `firstname`, `lastname`, `birthday`, `email`, `password_hash`, `phone`, `created_at`, `updated_at`) VALUES ('146', 'Keshawn', 'Grant', '1984-11-08', 'jpacocha@example.com', '74fd75709550b150a4e3a62ceed01d4d35deaadd', '96', '2000-04-30 01:44:32', '1980-02-28 14:07:02');
INSERT INTO `users` (`id`, `firstname`, `lastname`, `birthday`, `email`, `password_hash`, `phone`, `created_at`, `updated_at`) VALUES ('147', 'Naomi', 'Little', '1989-07-15', 'josephine93@example.net', '204ad5be17a972abfcf1a083bf5a8e52096c6ccf', '567564', '1984-11-30 21:38:31', '1994-08-14 12:24:15');
INSERT INTO `users` (`id`, `firstname`, `lastname`, `birthday`, `email`, `password_hash`, `phone`, `created_at`, `updated_at`) VALUES ('148', 'Teresa', 'Fadel', '1989-10-02', 'orn.teagan@example.com', '74142561e285b74af1a3c19081d78b4cd827e08e', '8666874183', '2017-04-04 07:05:41', '2008-05-26 03:23:28');
INSERT INTO `users` (`id`, `firstname`, `lastname`, `birthday`, `email`, `password_hash`, `phone`, `created_at`, `updated_at`) VALUES ('149', 'Raquel', 'Stehr', '1972-02-19', 'xwaters@example.net', 'f8cc21c39d111eb061e0e19583d8c6e0e1b7a766', '558', '1989-03-08 23:31:15', '1978-03-01 10:32:35');
INSERT INTO `users` (`id`, `firstname`, `lastname`, `birthday`, `email`, `password_hash`, `phone`, `created_at`, `updated_at`) VALUES ('150', 'Annetta', 'Heller', '2018-01-02', 'konopelski.omari@example.org', '2c98ca779f52f3d3af405f85b030ceb85cc22110', '267', '2016-10-01 22:16:32', '2004-10-21 21:29:42');
INSERT INTO `users` (`id`, `firstname`, `lastname`, `birthday`, `email`, `password_hash`, `phone`, `created_at`, `updated_at`) VALUES ('152', 'Kailee', 'Mitchell', '2016-12-29', 'weissnat.kamryn@example.org', '4fc01a710613222e24e97dc3113b5860352db62b', '330', '1972-12-26 22:26:23', '2020-01-22 02:03:53');
INSERT INTO `users` (`id`, `firstname`, `lastname`, `birthday`, `email`, `password_hash`, `phone`, `created_at`, `updated_at`) VALUES ('153', 'Genesis', 'Carter', '1982-06-21', 'mraz.delfina@example.net', '491e3462a3e53442726bb9bdb8e39bd3d1e8d09c', '788503', '1970-02-22 03:30:53', '1986-09-30 19:06:43');
INSERT INTO `users` (`id`, `firstname`, `lastname`, `birthday`, `email`, `password_hash`, `phone`, `created_at`, `updated_at`) VALUES ('156', 'Dee', 'Cole', '2014-09-05', 'dortha30@example.net', 'b808cd45241817b19bcf5b00e60a1862029ad141', '380', '2006-09-30 22:17:07', '1991-07-09 05:53:52');
INSERT INTO `users` (`id`, `firstname`, `lastname`, `birthday`, `email`, `password_hash`, `phone`, `created_at`, `updated_at`) VALUES ('158', 'Therese', 'Green', '1985-12-17', 'haag.christopher@example.org', '7bcc0ecea77a0fcc9fb16ad2d0d036898d64b043', '3132916736', '2009-07-12 20:39:59', '1981-05-03 02:02:10');
INSERT INTO `users` (`id`, `firstname`, `lastname`, `birthday`, `email`, `password_hash`, `phone`, `created_at`, `updated_at`) VALUES ('159', 'Rebekah', 'Weissnat', '2005-03-11', 'bdare@example.com', 'ed8fffd960c49bc09949a889b05ba10b68960a6e', '377', '1983-07-16 12:31:08', '2012-12-05 18:34:14');
INSERT INTO `users` (`id`, `firstname`, `lastname`, `birthday`, `email`, `password_hash`, `phone`, `created_at`, `updated_at`) VALUES ('160', 'Guillermo', 'Hudson', '2003-04-03', 'krista.lemke@example.org', '2e4f9fea63807400ac1764852b83933cee660844', '6254592155', '2008-08-29 12:27:47', '2006-09-20 19:09:56');
INSERT INTO `users` (`id`, `firstname`, `lastname`, `birthday`, `email`, `password_hash`, `phone`, `created_at`, `updated_at`) VALUES ('162', 'Lilyan', 'Flatley', '2020-04-08', 'odach@example.net', 'e9a14e793c47f6eee32e12b4bef560697b109286', '445', '2002-06-05 15:13:15', '2002-01-21 17:35:08');
INSERT INTO `users` (`id`, `firstname`, `lastname`, `birthday`, `email`, `password_hash`, `phone`, `created_at`, `updated_at`) VALUES ('163', 'Kailey', 'Vandervort', '2005-01-31', 'maverick.schimmel@example.org', '039f57ae44698969e1c86701e8c7deedd5bb6fe7', '844302', '1971-07-01 07:37:19', '1971-11-14 21:01:41');
INSERT INTO `users` (`id`, `firstname`, `lastname`, `birthday`, `email`, `password_hash`, `phone`, `created_at`, `updated_at`) VALUES ('164', 'Jerrell', 'Kassulke', '1990-05-17', 'pansy98@example.com', '1e50ab601c27216adbe7a88ea453a5c4e7797e7c', '739', '1989-10-13 09:47:37', '1989-03-14 14:49:33');
INSERT INTO `users` (`id`, `firstname`, `lastname`, `birthday`, `email`, `password_hash`, `phone`, `created_at`, `updated_at`) VALUES ('166', 'Ramona', 'Wilkinson', '1983-05-01', 'rgerlach@example.org', 'c0a77c9ebad1efb9d8f607c25446778ef4d9c813', '484247', '2001-06-30 16:59:19', '1999-05-30 21:07:56');
INSERT INTO `users` (`id`, `firstname`, `lastname`, `birthday`, `email`, `password_hash`, `phone`, `created_at`, `updated_at`) VALUES ('169', 'Jaime', 'Kovacek', '2012-01-14', 'xpagac@example.org', '5ae246b006943f5296f22d7ae43744571bc9a5c2', '409005', '2015-09-06 21:46:54', '1981-09-28 14:08:00');
INSERT INTO `users` (`id`, `firstname`, `lastname`, `birthday`, `email`, `password_hash`, `phone`, `created_at`, `updated_at`) VALUES ('170', 'Haylee', 'Wuckert', '1984-07-07', 'fhuels@example.net', 'a5fa3b72855050b96efdc59bd9fe59c3e64dc0b7', '3171210816', '1975-06-01 21:17:49', '1974-12-31 06:10:36');
INSERT INTO `users` (`id`, `firstname`, `lastname`, `birthday`, `email`, `password_hash`, `phone`, `created_at`, `updated_at`) VALUES ('171', 'William', 'Sporer', '1995-02-03', 'pierce.keebler@example.com', '0e75b308d7c1e488ff7866abfe412baeab0bc193', '778', '1970-11-25 09:25:33', '1977-10-22 21:17:06');
INSERT INTO `users` (`id`, `firstname`, `lastname`, `birthday`, `email`, `password_hash`, `phone`, `created_at`, `updated_at`) VALUES ('173', 'Lenore', 'Jakubowski', '1983-03-11', 'gmurazik@example.com', '16aebef38562bebb99e2a3e20b31121b97107816', '326', '1992-06-21 06:29:20', '2002-07-09 20:11:30');
INSERT INTO `users` (`id`, `firstname`, `lastname`, `birthday`, `email`, `password_hash`, `phone`, `created_at`, `updated_at`) VALUES ('179', 'Jaylon', 'O\'Conner', '1996-03-02', 'tyler.o\'conner@example.org', '59909d215d66baeef37a948394833c7977334d14', '969172', '1976-08-26 22:13:49', '2007-11-01 19:49:15');
INSERT INTO `users` (`id`, `firstname`, `lastname`, `birthday`, `email`, `password_hash`, `phone`, `created_at`, `updated_at`) VALUES ('180', 'Zaria', 'Kassulke', '2009-09-25', 'patricia.rogahn@example.net', '8791ee4fa9d17a360584ea1079b20c4072c223ce', '3455976150', '1980-03-12 20:33:00', '1997-11-06 16:32:40');
INSERT INTO `users` (`id`, `firstname`, `lastname`, `birthday`, `email`, `password_hash`, `phone`, `created_at`, `updated_at`) VALUES ('181', 'Demario', 'Moore', '2014-10-01', 'bartoletti.johnathon@example.com', '91b4dca8fde370f0fecce2456e207ca009d4fe07', '933027', '2020-05-28 08:14:08', '1971-12-29 03:37:43');
INSERT INTO `users` (`id`, `firstname`, `lastname`, `birthday`, `email`, `password_hash`, `phone`, `created_at`, `updated_at`) VALUES ('183', 'Arne', 'Langosh', '1994-08-18', 'chet08@example.org', '01ba8026fbccb2e69d2c510ebc22af55b53f536d', '813686', '1979-05-18 14:45:01', '1976-07-31 17:30:33');
INSERT INTO `users` (`id`, `firstname`, `lastname`, `birthday`, `email`, `password_hash`, `phone`, `created_at`, `updated_at`) VALUES ('186', 'Alta', 'Torp', '2003-05-13', 'garfield79@example.com', '35e90a252e533b8fe044047c4213fa6fa526afba', '6333624977', '2009-02-11 14:32:54', '2002-10-18 07:17:11');
INSERT INTO `users` (`id`, `firstname`, `lastname`, `birthday`, `email`, `password_hash`, `phone`, `created_at`, `updated_at`) VALUES ('187', 'Watson', 'Ortiz', '1985-01-07', 'rasheed35@example.net', 'b059ab206e629b4e26f55bcf399f3289c3b3aa48', '17', '1978-11-12 09:48:03', '2008-08-03 20:52:32');
INSERT INTO `users` (`id`, `firstname`, `lastname`, `birthday`, `email`, `password_hash`, `phone`, `created_at`, `updated_at`) VALUES ('192', 'Kayleigh', 'Kautzer', '2010-09-22', 'dallas46@example.org', '7ad7372e93393f877e347861b6293f7da65e81a2', '92', '2018-11-26 04:09:41', '1978-07-28 08:56:44');
INSERT INTO `users` (`id`, `firstname`, `lastname`, `birthday`, `email`, `password_hash`, `phone`, `created_at`, `updated_at`) VALUES ('193', 'Kamren', 'Dietrich', '1975-01-29', 'lou.kozey@example.net', '8f3b13b25780766d6c905fe30765968e3d765017', '358491', '1982-12-26 13:58:29', '2000-03-22 20:26:00');
INSERT INTO `users` (`id`, `firstname`, `lastname`, `birthday`, `email`, `password_hash`, `phone`, `created_at`, `updated_at`) VALUES ('197', 'Kirsten', 'Schaden', '2001-09-11', 'orn.aimee@example.org', 'cefbd10b3d57a07a0206a8f87db91bacac66d020', '687698766', '1999-11-04 19:32:55', '1976-12-03 00:40:27');



/*
 * Customers
*/
#

INSERT INTO `customers` (`id`, `user_id`, `created_at`, `updated_at`, `hometown`) VALUES ('1', '101', '1998-12-20 14:28:28', '1977-04-25 06:55:22', 'quia');
INSERT INTO `customers` (`id`, `user_id`, `created_at`, `updated_at`, `hometown`) VALUES ('2', '102', '2004-07-04 02:41:43', '1995-03-30 21:10:13', 'adipisci');
INSERT INTO `customers` (`id`, `user_id`, `created_at`, `updated_at`, `hometown`) VALUES ('3', '105', '2002-05-28 02:03:05', '2014-06-10 08:51:14', 'sit');
INSERT INTO `customers` (`id`, `user_id`, `created_at`, `updated_at`, `hometown`) VALUES ('4', '106', '2012-07-16 22:58:23', '2008-02-01 20:28:27', 'et');
INSERT INTO `customers` (`id`, `user_id`, `created_at`, `updated_at`, `hometown`) VALUES ('5', '107', '1996-10-20 16:15:22', '1992-09-04 18:43:56', 'odit');
INSERT INTO `customers` (`id`, `user_id`, `created_at`, `updated_at`, `hometown`) VALUES ('6', '108', '2001-11-15 11:25:10', '1990-05-01 05:21:32', 'voluptate');
INSERT INTO `customers` (`id`, `user_id`, `created_at`, `updated_at`, `hometown`) VALUES ('7', '113', '2013-01-16 00:55:42', '2004-06-08 00:40:15', 'consequatur');
INSERT INTO `customers` (`id`, `user_id`, `created_at`, `updated_at`, `hometown`) VALUES ('8', '114', '2007-03-29 00:03:05', '1983-09-14 23:31:56', 'consequatur');
INSERT INTO `customers` (`id`, `user_id`, `created_at`, `updated_at`, `hometown`) VALUES ('9', '116', '1983-08-18 20:13:31', '2017-11-13 11:07:43', 'velit');
INSERT INTO `customers` (`id`, `user_id`, `created_at`, `updated_at`, `hometown`) VALUES ('10', '117', '2000-04-23 22:48:51', '1980-09-14 09:20:37', 'debitis');
INSERT INTO `customers` (`id`, `user_id`, `created_at`, `updated_at`, `hometown`) VALUES ('11', '118', '2003-03-29 09:44:47', '1999-06-19 08:15:25', 'labore');
INSERT INTO `customers` (`id`, `user_id`, `created_at`, `updated_at`, `hometown`) VALUES ('12', '121', '1991-02-13 14:02:56', '1987-01-09 01:10:59', 'porro');
INSERT INTO `customers` (`id`, `user_id`, `created_at`, `updated_at`, `hometown`) VALUES ('13', '122', '1990-12-16 11:49:06', '2014-05-04 06:35:08', 'ut');
INSERT INTO `customers` (`id`, `user_id`, `created_at`, `updated_at`, `hometown`) VALUES ('14', '123', '2003-01-08 21:11:12', '2016-07-25 09:19:19', 'debitis');
INSERT INTO `customers` (`id`, `user_id`, `created_at`, `updated_at`, `hometown`) VALUES ('15', '124', '2011-04-14 01:36:40', '2002-05-20 10:26:47', 'pariatur');
INSERT INTO `customers` (`id`, `user_id`, `created_at`, `updated_at`, `hometown`) VALUES ('16', '125', '2017-11-08 02:26:13', '1973-07-12 08:30:09', 'praesentium');
INSERT INTO `customers` (`id`, `user_id`, `created_at`, `updated_at`, `hometown`) VALUES ('17', '127', '2010-11-08 15:15:40', '1988-12-25 18:02:15', 'dicta');
INSERT INTO `customers` (`id`, `user_id`, `created_at`, `updated_at`, `hometown`) VALUES ('18', '128', '2001-11-26 00:45:52', '2001-01-13 14:14:14', 'temporibus');
INSERT INTO `customers` (`id`, `user_id`, `created_at`, `updated_at`, `hometown`) VALUES ('19', '130', '1970-04-24 22:39:20', '1998-05-22 17:38:46', 'enim');
INSERT INTO `customers` (`id`, `user_id`, `created_at`, `updated_at`, `hometown`) VALUES ('20', '131', '1991-08-05 11:20:02', '1980-08-05 08:25:11', 'sit');
INSERT INTO `customers` (`id`, `user_id`, `created_at`, `updated_at`, `hometown`) VALUES ('21', '132', '2005-07-05 20:47:20', '1992-02-14 18:59:57', 'est');
INSERT INTO `customers` (`id`, `user_id`, `created_at`, `updated_at`, `hometown`) VALUES ('22', '134', '1980-01-24 10:57:14', '2004-05-16 20:22:33', 'aliquam');
INSERT INTO `customers` (`id`, `user_id`, `created_at`, `updated_at`, `hometown`) VALUES ('23', '135', '2000-12-19 00:50:17', '2003-05-02 22:43:33', 'eligendi');
INSERT INTO `customers` (`id`, `user_id`, `created_at`, `updated_at`, `hometown`) VALUES ('24', '136', '2001-02-12 03:34:45', '1979-02-01 04:35:41', 'accusamus');
INSERT INTO `customers` (`id`, `user_id`, `created_at`, `updated_at`, `hometown`) VALUES ('25', '137', '1982-07-03 11:45:24', '2007-07-23 16:29:22', 'reiciendis');
INSERT INTO `customers` (`id`, `user_id`, `created_at`, `updated_at`, `hometown`) VALUES ('26', '138', '2011-10-10 13:56:37', '2012-09-15 23:45:37', 'ut');
INSERT INTO `customers` (`id`, `user_id`, `created_at`, `updated_at`, `hometown`) VALUES ('27', '140', '2006-03-25 08:14:00', '1998-06-13 14:50:52', 'voluptatem');
INSERT INTO `customers` (`id`, `user_id`, `created_at`, `updated_at`, `hometown`) VALUES ('28', '142', '2015-11-26 05:12:06', '2015-11-02 16:22:12', 'occaecati');
INSERT INTO `customers` (`id`, `user_id`, `created_at`, `updated_at`, `hometown`) VALUES ('29', '143', '1980-11-29 20:41:16', '1983-08-01 17:39:17', 'consequatur');
INSERT INTO `customers` (`id`, `user_id`, `created_at`, `updated_at`, `hometown`) VALUES ('30', '144', '1989-04-12 11:52:38', '2016-07-07 06:22:44', 'totam');
INSERT INTO `customers` (`id`, `user_id`, `created_at`, `updated_at`, `hometown`) VALUES ('31', '145', '1980-05-16 23:05:23', '1976-06-03 04:10:10', 'aut');
INSERT INTO `customers` (`id`, `user_id`, `created_at`, `updated_at`, `hometown`) VALUES ('32', '146', '2008-11-01 02:29:32', '2006-09-01 02:53:41', 'libero');
INSERT INTO `customers` (`id`, `user_id`, `created_at`, `updated_at`, `hometown`) VALUES ('33', '147', '2017-04-21 17:42:20', '2015-12-13 12:09:12', 'rem');
INSERT INTO `customers` (`id`, `user_id`, `created_at`, `updated_at`, `hometown`) VALUES ('34', '148', '1975-10-12 22:21:44', '1983-09-21 08:28:50', 'neque');
INSERT INTO `customers` (`id`, `user_id`, `created_at`, `updated_at`, `hometown`) VALUES ('35', '149', '1988-12-05 05:32:49', '1983-03-24 02:08:13', 'est');
INSERT INTO `customers` (`id`, `user_id`, `created_at`, `updated_at`, `hometown`) VALUES ('36', '150', '1987-12-27 02:48:16', '1999-11-05 21:04:34', 'velit');
INSERT INTO `customers` (`id`, `user_id`, `created_at`, `updated_at`, `hometown`) VALUES ('37', '152', '2019-03-13 15:30:14', '1980-08-20 05:44:00', 'enim');
INSERT INTO `customers` (`id`, `user_id`, `created_at`, `updated_at`, `hometown`) VALUES ('38', '153', '1972-06-08 00:49:03', '1971-09-15 07:23:02', 'adipisci');
INSERT INTO `customers` (`id`, `user_id`, `created_at`, `updated_at`, `hometown`) VALUES ('39', '156', '1998-01-03 09:10:47', '2004-01-02 00:59:13', 'repellat');
INSERT INTO `customers` (`id`, `user_id`, `created_at`, `updated_at`, `hometown`) VALUES ('40', '158', '2009-05-25 11:41:46', '1978-10-13 20:27:55', 'similique');
INSERT INTO `customers` (`id`, `user_id`, `created_at`, `updated_at`, `hometown`) VALUES ('41', '159', '1999-11-22 06:12:16', '1978-02-16 00:08:02', 'maiores');
INSERT INTO `customers` (`id`, `user_id`, `created_at`, `updated_at`, `hometown`) VALUES ('42', '160', '2012-05-30 11:49:20', '2004-05-09 07:00:20', 'ut');
INSERT INTO `customers` (`id`, `user_id`, `created_at`, `updated_at`, `hometown`) VALUES ('43', '162', '2007-02-21 15:07:17', '2014-04-15 11:30:56', 'ea');
INSERT INTO `customers` (`id`, `user_id`, `created_at`, `updated_at`, `hometown`) VALUES ('44', '163', '2014-03-24 00:50:40', '1985-06-30 05:26:56', 'ipsum');
INSERT INTO `customers` (`id`, `user_id`, `created_at`, `updated_at`, `hometown`) VALUES ('45', '164', '2014-06-09 07:12:50', '2010-10-13 23:19:34', 'ut');
INSERT INTO `customers` (`id`, `user_id`, `created_at`, `updated_at`, `hometown`) VALUES ('46', '166', '2018-07-21 04:15:37', '2006-02-20 15:28:26', 'sed');
INSERT INTO `customers` (`id`, `user_id`, `created_at`, `updated_at`, `hometown`) VALUES ('47', '169', '2018-10-30 21:01:34', '1976-10-31 07:01:51', 'quia');
INSERT INTO `customers` (`id`, `user_id`, `created_at`, `updated_at`, `hometown`) VALUES ('48', '170', '2020-06-07 22:46:41', '2005-08-09 23:21:40', 'est');
INSERT INTO `customers` (`id`, `user_id`, `created_at`, `updated_at`, `hometown`) VALUES ('49', '171', '2003-11-12 22:12:50', '1995-05-21 01:52:12', 'nostrum');
INSERT INTO `customers` (`id`, `user_id`, `created_at`, `updated_at`, `hometown`) VALUES ('50', '173', '1991-08-30 07:52:26', '2005-06-06 18:45:48', 'aspernatur');
INSERT INTO `customers` (`id`, `user_id`, `created_at`, `updated_at`, `hometown`) VALUES ('51', '179', '2006-11-14 20:51:11', '2019-03-15 22:32:36', 'sint');
INSERT INTO `customers` (`id`, `user_id`, `created_at`, `updated_at`, `hometown`) VALUES ('52', '180', '2005-09-20 03:44:36', '1976-03-07 17:58:10', 'ad');
INSERT INTO `customers` (`id`, `user_id`, `created_at`, `updated_at`, `hometown`) VALUES ('53', '181', '2011-02-26 23:36:59', '1993-05-07 22:27:53', 'hic');
INSERT INTO `customers` (`id`, `user_id`, `created_at`, `updated_at`, `hometown`) VALUES ('54', '183', '1997-04-07 19:38:42', '1986-08-27 17:30:05', 'voluptatem');
INSERT INTO `customers` (`id`, `user_id`, `created_at`, `updated_at`, `hometown`) VALUES ('55', '186', '2016-12-21 16:42:11', '2007-04-06 15:22:30', 'dolore');
INSERT INTO `customers` (`id`, `user_id`, `created_at`, `updated_at`, `hometown`) VALUES ('56', '187', '2005-01-03 23:11:13', '2007-09-06 08:05:26', 'veritatis');
INSERT INTO `customers` (`id`, `user_id`, `created_at`, `updated_at`, `hometown`) VALUES ('57', '192', '1983-04-07 05:01:11', '1973-11-23 17:21:15', 'non');
INSERT INTO `customers` (`id`, `user_id`, `created_at`, `updated_at`, `hometown`) VALUES ('58', '193', '1979-10-08 13:12:39', '2011-11-14 19:52:30', 'dolore');
INSERT INTO `customers` (`id`, `user_id`, `created_at`, `updated_at`, `hometown`) VALUES ('59', '197', '1970-07-19 12:01:42', '2005-09-05 20:58:50', 'ullam');
INSERT INTO `customers` (`id`, `user_id`, `created_at`, `updated_at`, `hometown`) VALUES ('60', '101', '1998-06-21 10:59:18', '2008-08-15 20:10:19', 'ut');
INSERT INTO `customers` (`id`, `user_id`, `created_at`, `updated_at`, `hometown`) VALUES ('61', '102', '2007-05-31 15:55:50', '2016-01-15 02:17:33', 'incidunt');
INSERT INTO `customers` (`id`, `user_id`, `created_at`, `updated_at`, `hometown`) VALUES ('62', '105', '1996-09-10 11:52:16', '1983-08-09 20:30:26', 'fugiat');
INSERT INTO `customers` (`id`, `user_id`, `created_at`, `updated_at`, `hometown`) VALUES ('63', '106', '2019-08-19 21:21:05', '2018-06-20 08:31:22', 'dolore');
INSERT INTO `customers` (`id`, `user_id`, `created_at`, `updated_at`, `hometown`) VALUES ('64', '107', '1989-09-05 01:42:18', '1983-11-17 05:59:21', 'quo');
INSERT INTO `customers` (`id`, `user_id`, `created_at`, `updated_at`, `hometown`) VALUES ('65', '108', '1985-07-06 07:23:55', '1984-01-01 01:33:34', 'omnis');
INSERT INTO `customers` (`id`, `user_id`, `created_at`, `updated_at`, `hometown`) VALUES ('66', '113', '2000-01-26 16:38:13', '1999-10-30 06:59:30', 'dolores');
INSERT INTO `customers` (`id`, `user_id`, `created_at`, `updated_at`, `hometown`) VALUES ('67', '114', '2002-05-13 21:01:28', '1998-12-04 11:25:45', 'sed');
INSERT INTO `customers` (`id`, `user_id`, `created_at`, `updated_at`, `hometown`) VALUES ('68', '116', '1985-12-22 18:59:24', '1990-06-01 23:49:27', 'culpa');
INSERT INTO `customers` (`id`, `user_id`, `created_at`, `updated_at`, `hometown`) VALUES ('69', '117', '1989-06-13 14:25:16', '1976-08-21 17:59:39', 'accusamus');
INSERT INTO `customers` (`id`, `user_id`, `created_at`, `updated_at`, `hometown`) VALUES ('70', '118', '1988-03-18 12:52:17', '1991-07-12 14:48:13', 'exercitationem');
INSERT INTO `customers` (`id`, `user_id`, `created_at`, `updated_at`, `hometown`) VALUES ('71', '121', '2003-07-22 21:11:56', '1981-09-20 22:53:40', 'dolorem');
INSERT INTO `customers` (`id`, `user_id`, `created_at`, `updated_at`, `hometown`) VALUES ('72', '122', '1973-07-28 01:53:50', '1992-03-04 15:21:08', 'a');
INSERT INTO `customers` (`id`, `user_id`, `created_at`, `updated_at`, `hometown`) VALUES ('73', '123', '1998-08-17 16:03:49', '1996-09-23 09:20:47', 'asperiores');
INSERT INTO `customers` (`id`, `user_id`, `created_at`, `updated_at`, `hometown`) VALUES ('74', '124', '1973-01-30 17:41:31', '1977-09-04 06:45:59', 'recusandae');
INSERT INTO `customers` (`id`, `user_id`, `created_at`, `updated_at`, `hometown`) VALUES ('75', '125', '2001-04-12 00:34:05', '1986-04-15 12:25:25', 'numquam');
INSERT INTO `customers` (`id`, `user_id`, `created_at`, `updated_at`, `hometown`) VALUES ('76', '127', '1973-11-18 12:49:40', '1970-10-02 06:49:03', 'nisi');
INSERT INTO `customers` (`id`, `user_id`, `created_at`, `updated_at`, `hometown`) VALUES ('77', '128', '1992-07-28 19:36:46', '2001-10-01 04:22:29', 'recusandae');
INSERT INTO `customers` (`id`, `user_id`, `created_at`, `updated_at`, `hometown`) VALUES ('78', '130', '1994-12-29 22:58:35', '2009-06-11 18:26:08', 'vel');
INSERT INTO `customers` (`id`, `user_id`, `created_at`, `updated_at`, `hometown`) VALUES ('79', '131', '2004-11-17 03:02:00', '1984-04-10 00:36:14', 'hic');
INSERT INTO `customers` (`id`, `user_id`, `created_at`, `updated_at`, `hometown`) VALUES ('80', '132', '2012-05-02 00:11:03', '1993-11-21 05:53:56', 'consequatur');
INSERT INTO `customers` (`id`, `user_id`, `created_at`, `updated_at`, `hometown`) VALUES ('81', '134', '1988-03-07 07:29:06', '2017-03-24 02:51:48', 'vel');
INSERT INTO `customers` (`id`, `user_id`, `created_at`, `updated_at`, `hometown`) VALUES ('82', '135', '2009-11-23 12:09:23', '1975-05-06 16:03:47', 'error');
INSERT INTO `customers` (`id`, `user_id`, `created_at`, `updated_at`, `hometown`) VALUES ('83', '136', '1979-04-26 01:44:14', '2009-08-17 09:11:45', 'porro');
INSERT INTO `customers` (`id`, `user_id`, `created_at`, `updated_at`, `hometown`) VALUES ('84', '137', '2006-08-09 16:34:54', '1981-08-18 08:46:43', 'eum');
INSERT INTO `customers` (`id`, `user_id`, `created_at`, `updated_at`, `hometown`) VALUES ('85', '138', '2019-04-23 18:36:41', '1982-02-08 12:11:25', 'sequi');
INSERT INTO `customers` (`id`, `user_id`, `created_at`, `updated_at`, `hometown`) VALUES ('86', '140', '1983-04-26 01:03:19', '1996-03-27 20:30:11', 'alias');
INSERT INTO `customers` (`id`, `user_id`, `created_at`, `updated_at`, `hometown`) VALUES ('87', '142', '1991-08-06 23:14:45', '2008-04-14 20:12:31', 'occaecati');
INSERT INTO `customers` (`id`, `user_id`, `created_at`, `updated_at`, `hometown`) VALUES ('88', '143', '2002-10-12 07:39:43', '1997-09-19 03:37:05', 'in');
INSERT INTO `customers` (`id`, `user_id`, `created_at`, `updated_at`, `hometown`) VALUES ('89', '144', '1996-10-27 00:09:57', '1976-07-13 04:23:06', 'ut');
INSERT INTO `customers` (`id`, `user_id`, `created_at`, `updated_at`, `hometown`) VALUES ('90', '145', '2012-07-27 01:26:52', '1975-10-16 13:00:57', 'recusandae');
INSERT INTO `customers` (`id`, `user_id`, `created_at`, `updated_at`, `hometown`) VALUES ('91', '146', '1982-02-05 15:51:54', '1995-07-23 01:16:18', 'aspernatur');
INSERT INTO `customers` (`id`, `user_id`, `created_at`, `updated_at`, `hometown`) VALUES ('92', '147', '1986-05-06 22:44:57', '1985-09-17 14:02:25', 'suscipit');
INSERT INTO `customers` (`id`, `user_id`, `created_at`, `updated_at`, `hometown`) VALUES ('93', '148', '2016-12-27 17:06:33', '2009-07-03 12:00:43', 'delectus');
INSERT INTO `customers` (`id`, `user_id`, `created_at`, `updated_at`, `hometown`) VALUES ('94', '149', '1989-05-10 09:09:35', '1974-06-22 05:52:24', 'ut');
INSERT INTO `customers` (`id`, `user_id`, `created_at`, `updated_at`, `hometown`) VALUES ('95', '150', '1985-05-19 16:51:29', '1997-06-05 09:24:24', 'placeat');
INSERT INTO `customers` (`id`, `user_id`, `created_at`, `updated_at`, `hometown`) VALUES ('96', '152', '2006-11-21 21:02:55', '1992-07-23 03:33:54', 'vel');
INSERT INTO `customers` (`id`, `user_id`, `created_at`, `updated_at`, `hometown`) VALUES ('97', '153', '2001-02-27 17:19:25', '2014-05-11 15:08:30', 'nemo');
INSERT INTO `customers` (`id`, `user_id`, `created_at`, `updated_at`, `hometown`) VALUES ('98', '156', '2005-11-08 10:23:09', '2020-08-14 01:31:54', 'ut');
INSERT INTO `customers` (`id`, `user_id`, `created_at`, `updated_at`, `hometown`) VALUES ('99', '158', '1995-01-24 03:40:07', '1979-08-18 20:43:11', 'maiores');
INSERT INTO `customers` (`id`, `user_id`, `created_at`, `updated_at`, `hometown`) VALUES ('100', '159', '1973-01-17 01:32:00', '1999-03-27 22:49:31', 'quis');



/*
 * executors
 */


INSERT INTO `executors` (`id`, `user_id`, `created_at`, `updated_at`, `hometown`) VALUES ('1', '101', '1992-12-27 22:28:27', '1974-09-06 13:52:43', 'consequatur');
INSERT INTO `executors` (`id`, `user_id`, `created_at`, `updated_at`, `hometown`) VALUES ('2', '102', '1977-01-13 04:16:13', '2013-08-11 15:38:35', 'vitae');
INSERT INTO `executors` (`id`, `user_id`, `created_at`, `updated_at`, `hometown`) VALUES ('3', '105', '2001-02-11 16:58:32', '2001-10-18 17:59:52', 'porro');
INSERT INTO `executors` (`id`, `user_id`, `created_at`, `updated_at`, `hometown`) VALUES ('4', '106', '1981-10-06 01:25:49', '1977-11-08 09:27:22', 'occaecati');
INSERT INTO `executors` (`id`, `user_id`, `created_at`, `updated_at`, `hometown`) VALUES ('5', '107', '1997-08-21 09:21:01', '1994-04-29 04:44:01', 'perferendis');
INSERT INTO `executors` (`id`, `user_id`, `created_at`, `updated_at`, `hometown`) VALUES ('6', '108', '1989-03-17 13:59:51', '2007-02-27 22:43:07', 'quos');
INSERT INTO `executors` (`id`, `user_id`, `created_at`, `updated_at`, `hometown`) VALUES ('7', '113', '1979-09-03 15:38:54', '1987-01-12 09:23:20', 'deserunt');
INSERT INTO `executors` (`id`, `user_id`, `created_at`, `updated_at`, `hometown`) VALUES ('8', '114', '1973-12-04 18:42:45', '2018-08-03 07:05:36', 'quibusdam');
INSERT INTO `executors` (`id`, `user_id`, `created_at`, `updated_at`, `hometown`) VALUES ('9', '116', '1996-07-08 14:00:10', '2020-10-31 17:24:30', 'et');
INSERT INTO `executors` (`id`, `user_id`, `created_at`, `updated_at`, `hometown`) VALUES ('10', '117', '1984-05-22 02:57:01', '1988-07-13 09:53:53', 'aliquid');



/*
 * work_types
 */


INSERT INTO `work_types` (`id`, `name`, `created_at`, `updated_at`) VALUES ('1', 'est', '1985-11-28 10:54:25', '2004-09-18 14:34:17');
INSERT INTO `work_types` (`id`, `name`, `created_at`, `updated_at`) VALUES ('2', 'perferendis', '2009-01-31 19:49:48', '1976-05-14 05:11:07');
INSERT INTO `work_types` (`id`, `name`, `created_at`, `updated_at`) VALUES ('3', 'omnis', '1973-07-26 21:04:40', '1981-08-23 22:12:23');
INSERT INTO `work_types` (`id`, `name`, `created_at`, `updated_at`) VALUES ('4', 'sunt', '2011-03-11 06:14:35', '1995-04-09 16:00:46');
INSERT INTO `work_types` (`id`, `name`, `created_at`, `updated_at`) VALUES ('5', 'ad', '1977-07-20 04:55:28', '1977-06-04 22:52:03');
INSERT INTO `work_types` (`id`, `name`, `created_at`, `updated_at`) VALUES ('6', 'molestias', '2013-02-11 23:50:20', '1975-01-26 21:56:42');
INSERT INTO `work_types` (`id`, `name`, `created_at`, `updated_at`) VALUES ('7', 'dolore', '1975-04-28 09:53:05', '1991-04-28 08:58:48');
INSERT INTO `work_types` (`id`, `name`, `created_at`, `updated_at`) VALUES ('8', 'et', '2008-08-09 02:22:45', '1996-08-11 20:06:22');
INSERT INTO `work_types` (`id`, `name`, `created_at`, `updated_at`) VALUES ('9', 'laudantium', '2010-06-12 21:52:20', '1997-09-12 00:30:05');
INSERT INTO `work_types` (`id`, `name`, `created_at`, `updated_at`) VALUES ('10', 'quam', '1976-06-17 05:00:22', '1976-09-08 15:36:16');
INSERT INTO `work_types` (`id`, `name`, `created_at`, `updated_at`) VALUES ('11', 'magnam', '1979-03-27 13:20:21', '1972-09-26 14:15:40');
INSERT INTO `work_types` (`id`, `name`, `created_at`, `updated_at`) VALUES ('12', 'consequuntur', '2013-03-12 01:41:59', '1980-09-06 09:45:47');
INSERT INTO `work_types` (`id`, `name`, `created_at`, `updated_at`) VALUES ('13', 'et', '2003-02-08 11:10:03', '1989-09-23 05:31:03');
INSERT INTO `work_types` (`id`, `name`, `created_at`, `updated_at`) VALUES ('14', 'omnis', '2007-08-16 07:25:10', '1999-09-29 13:15:49');
INSERT INTO `work_types` (`id`, `name`, `created_at`, `updated_at`) VALUES ('15', 'illum', '1973-09-04 13:53:29', '1998-08-05 05:26:09');


/*
 * executor_works
 */

INSERT INTO `executor_works` (`id`, `name`, `user_id`, `work_types_id`, `created_at`, `updated_at`) VALUES ('1', 'neque', '101', '1', '1972-11-30 07:42:18', '2007-02-07 00:42:13');
INSERT INTO `executor_works` (`id`, `name`, `user_id`, `work_types_id`, `created_at`, `updated_at`) VALUES ('2', 'consequuntur', '102', '2', '2015-12-31 22:48:39', '2001-12-12 20:07:51');
INSERT INTO `executor_works` (`id`, `name`, `user_id`, `work_types_id`, `created_at`, `updated_at`) VALUES ('3', 'non', '105', '3', '1976-12-15 22:50:39', '1993-09-16 01:00:53');
INSERT INTO `executor_works` (`id`, `name`, `user_id`, `work_types_id`, `created_at`, `updated_at`) VALUES ('4', 'sapiente', '106', '4', '2008-09-04 18:20:25', '2014-06-05 16:23:18');
INSERT INTO `executor_works` (`id`, `name`, `user_id`, `work_types_id`, `created_at`, `updated_at`) VALUES ('5', 'modi', '107', '5', '2016-09-21 16:40:48', '2020-04-25 15:18:17');
INSERT INTO `executor_works` (`id`, `name`, `user_id`, `work_types_id`, `created_at`, `updated_at`) VALUES ('6', 'assumenda', '108', '6', '1995-04-08 14:29:11', '2019-05-11 19:04:49');
INSERT INTO `executor_works` (`id`, `name`, `user_id`, `work_types_id`, `created_at`, `updated_at`) VALUES ('7', 'nam', '113', '7', '2007-12-14 05:31:59', '2005-11-17 04:32:16');
INSERT INTO `executor_works` (`id`, `name`, `user_id`, `work_types_id`, `created_at`, `updated_at`) VALUES ('8', 'officia', '114', '8', '1978-07-22 07:44:46', '2013-08-23 11:58:56');
INSERT INTO `executor_works` (`id`, `name`, `user_id`, `work_types_id`, `created_at`, `updated_at`) VALUES ('9', 'quam', '116', '9', '1979-11-01 10:32:12', '2014-05-24 17:05:50');
INSERT INTO `executor_works` (`id`, `name`, `user_id`, `work_types_id`, `created_at`, `updated_at`) VALUES ('10', 'dolores', '117', '10', '2000-10-12 07:42:59', '2000-03-20 05:16:39');
INSERT INTO `executor_works` (`id`, `name`, `user_id`, `work_types_id`, `created_at`, `updated_at`) VALUES ('11', 'harum', '118', '11', '2004-02-20 12:16:38', '1988-04-21 01:08:30');
INSERT INTO `executor_works` (`id`, `name`, `user_id`, `work_types_id`, `created_at`, `updated_at`) VALUES ('12', 'alias', '121', '12', '2000-11-06 14:51:41', '1998-12-03 04:42:32');
INSERT INTO `executor_works` (`id`, `name`, `user_id`, `work_types_id`, `created_at`, `updated_at`) VALUES ('13', 'magni', '122', '13', '1978-01-07 04:20:39', '1990-07-12 20:34:49');
INSERT INTO `executor_works` (`id`, `name`, `user_id`, `work_types_id`, `created_at`, `updated_at`) VALUES ('14', 'provident', '123', '14', '1993-03-05 09:44:41', '1989-07-23 12:37:08');
INSERT INTO `executor_works` (`id`, `name`, `user_id`, `work_types_id`, `created_at`, `updated_at`) VALUES ('15', 'accusantium', '124', '15', '2016-05-22 19:39:35', '2012-11-11 14:42:14');
INSERT INTO `executor_works` (`id`, `name`, `user_id`, `work_types_id`, `created_at`, `updated_at`) VALUES ('16', 'non', '125', '1', '1983-12-11 02:00:08', '2004-12-21 22:28:05');
INSERT INTO `executor_works` (`id`, `name`, `user_id`, `work_types_id`, `created_at`, `updated_at`) VALUES ('17', 'incidunt', '127', '2', '2018-11-11 15:50:04', '1996-08-10 17:09:23');
INSERT INTO `executor_works` (`id`, `name`, `user_id`, `work_types_id`, `created_at`, `updated_at`) VALUES ('18', 'quod', '128', '3', '2000-08-04 03:16:28', '1986-03-07 02:19:17');
INSERT INTO `executor_works` (`id`, `name`, `user_id`, `work_types_id`, `created_at`, `updated_at`) VALUES ('19', 'ab', '130', '4', '2011-01-07 23:10:50', '2003-12-05 09:36:33');
INSERT INTO `executor_works` (`id`, `name`, `user_id`, `work_types_id`, `created_at`, `updated_at`) VALUES ('20', 'repudiandae', '131', '5', '1988-02-09 01:05:59', '1975-02-17 17:46:24');
INSERT INTO `executor_works` (`id`, `name`, `user_id`, `work_types_id`, `created_at`, `updated_at`) VALUES ('21', 'qui', '132', '6', '1974-07-19 08:48:46', '1987-05-20 05:40:41');
INSERT INTO `executor_works` (`id`, `name`, `user_id`, `work_types_id`, `created_at`, `updated_at`) VALUES ('22', 'et', '134', '7', '1984-03-20 10:34:59', '2000-02-01 23:49:36');
INSERT INTO `executor_works` (`id`, `name`, `user_id`, `work_types_id`, `created_at`, `updated_at`) VALUES ('23', 'officia', '135', '8', '1970-11-03 19:57:13', '2011-08-03 16:51:21');
INSERT INTO `executor_works` (`id`, `name`, `user_id`, `work_types_id`, `created_at`, `updated_at`) VALUES ('24', 'sint', '136', '9', '1988-12-27 03:14:21', '2003-08-12 05:32:45');
INSERT INTO `executor_works` (`id`, `name`, `user_id`, `work_types_id`, `created_at`, `updated_at`) VALUES ('25', 'est', '137', '10', '1980-03-20 20:22:03', '1974-11-21 11:57:51');
INSERT INTO `executor_works` (`id`, `name`, `user_id`, `work_types_id`, `created_at`, `updated_at`) VALUES ('26', 'autem', '138', '11', '1983-04-01 08:04:26', '1971-11-25 03:01:31');
INSERT INTO `executor_works` (`id`, `name`, `user_id`, `work_types_id`, `created_at`, `updated_at`) VALUES ('27', 'aliquid', '140', '12', '1977-07-19 07:04:05', '1987-12-04 13:43:48');
INSERT INTO `executor_works` (`id`, `name`, `user_id`, `work_types_id`, `created_at`, `updated_at`) VALUES ('28', 'eveniet', '142', '13', '2006-04-06 23:47:23', '1982-05-30 18:41:22');
INSERT INTO `executor_works` (`id`, `name`, `user_id`, `work_types_id`, `created_at`, `updated_at`) VALUES ('29', 'nihil', '143', '14', '2010-08-06 20:52:46', '2012-04-27 20:06:55');
INSERT INTO `executor_works` (`id`, `name`, `user_id`, `work_types_id`, `created_at`, `updated_at`) VALUES ('30', 'illum', '144', '15', '1975-12-21 18:53:08', '2015-02-16 01:07:44');
INSERT INTO `executor_works` (`id`, `name`, `user_id`, `work_types_id`, `created_at`, `updated_at`) VALUES ('31', 'velit', '145', '1', '1981-01-05 00:37:19', '2014-11-21 08:36:55');
INSERT INTO `executor_works` (`id`, `name`, `user_id`, `work_types_id`, `created_at`, `updated_at`) VALUES ('32', 'dolor', '146', '2', '1983-03-28 03:08:05', '2019-12-23 14:08:01');
INSERT INTO `executor_works` (`id`, `name`, `user_id`, `work_types_id`, `created_at`, `updated_at`) VALUES ('33', 'aut', '147', '3', '1990-02-21 00:28:34', '1998-11-25 17:47:44');
INSERT INTO `executor_works` (`id`, `name`, `user_id`, `work_types_id`, `created_at`, `updated_at`) VALUES ('34', 'ea', '148', '4', '1988-08-04 17:22:56', '1991-11-21 04:45:20');
INSERT INTO `executor_works` (`id`, `name`, `user_id`, `work_types_id`, `created_at`, `updated_at`) VALUES ('35', 'laudantium', '149', '5', '1989-07-31 11:51:25', '1983-06-22 06:54:37');
INSERT INTO `executor_works` (`id`, `name`, `user_id`, `work_types_id`, `created_at`, `updated_at`) VALUES ('36', 'maxime', '150', '6', '2004-07-10 17:29:24', '2015-03-05 10:11:15');
INSERT INTO `executor_works` (`id`, `name`, `user_id`, `work_types_id`, `created_at`, `updated_at`) VALUES ('37', 'autem', '152', '7', '1999-01-21 23:38:51', '2002-10-24 04:35:37');
INSERT INTO `executor_works` (`id`, `name`, `user_id`, `work_types_id`, `created_at`, `updated_at`) VALUES ('38', 'non', '153', '8', '1993-03-06 08:15:32', '1982-09-24 11:45:48');
INSERT INTO `executor_works` (`id`, `name`, `user_id`, `work_types_id`, `created_at`, `updated_at`) VALUES ('39', 'eum', '156', '9', '2015-09-20 01:39:04', '1981-05-24 19:21:01');
INSERT INTO `executor_works` (`id`, `name`, `user_id`, `work_types_id`, `created_at`, `updated_at`) VALUES ('40', 'quam', '158', '10', '2010-09-11 14:51:07', '1974-08-26 07:08:41');
INSERT INTO `executor_works` (`id`, `name`, `user_id`, `work_types_id`, `created_at`, `updated_at`) VALUES ('41', 'eos', '159', '11', '1986-10-24 16:37:34', '2011-03-07 10:40:20');
INSERT INTO `executor_works` (`id`, `name`, `user_id`, `work_types_id`, `created_at`, `updated_at`) VALUES ('42', 'quibusdam', '160', '12', '2001-12-03 10:42:08', '2014-09-16 15:33:17');
INSERT INTO `executor_works` (`id`, `name`, `user_id`, `work_types_id`, `created_at`, `updated_at`) VALUES ('43', 'beatae', '162', '13', '1975-10-29 10:55:30', '1977-12-13 02:17:38');
INSERT INTO `executor_works` (`id`, `name`, `user_id`, `work_types_id`, `created_at`, `updated_at`) VALUES ('44', 'necessitatibus', '163', '14', '2015-12-05 00:18:29', '1970-06-24 18:41:48');
INSERT INTO `executor_works` (`id`, `name`, `user_id`, `work_types_id`, `created_at`, `updated_at`) VALUES ('45', 'placeat', '164', '15', '1995-05-26 00:14:22', '2015-12-29 11:58:53');
INSERT INTO `executor_works` (`id`, `name`, `user_id`, `work_types_id`, `created_at`, `updated_at`) VALUES ('46', 'accusamus', '166', '1', '1984-09-07 17:16:05', '2020-03-06 21:52:07');
INSERT INTO `executor_works` (`id`, `name`, `user_id`, `work_types_id`, `created_at`, `updated_at`) VALUES ('47', 'consequatur', '169', '2', '1977-02-23 11:16:36', '1998-09-10 22:05:54');
INSERT INTO `executor_works` (`id`, `name`, `user_id`, `work_types_id`, `created_at`, `updated_at`) VALUES ('48', 'repellendus', '170', '3', '1986-11-14 11:29:28', '2000-05-27 01:50:13');
INSERT INTO `executor_works` (`id`, `name`, `user_id`, `work_types_id`, `created_at`, `updated_at`) VALUES ('49', 'natus', '171', '4', '1990-10-04 07:19:12', '2001-02-17 07:16:43');
INSERT INTO `executor_works` (`id`, `name`, `user_id`, `work_types_id`, `created_at`, `updated_at`) VALUES ('50', 'et', '173', '5', '1982-05-30 23:46:03', '1992-06-19 17:33:01');



/*
 * attachments
 */


INSERT INTO `attachments` (`id`, `user_id`, `content`, `filename`, `created_at`, `updated_at`) VALUES ('1', '146', 'Nam qui omnis voluptatem aliquid vel. Iusto laudantium aut et animi omnis doloremque repudiandae. Pariatur sit ab aut sit delectus. Esse occaecati quidem veritatis facere consectetur veniam.', 'repellat', '1990-04-17 19:39:11', '1973-10-30 12:17:16');
INSERT INTO `attachments` (`id`, `user_id`, `content`, `filename`, `created_at`, `updated_at`) VALUES ('2', '117', 'Alias quia sunt nemo quis a dolorum quos ut. Nesciunt praesentium quidem enim a similique nulla inventore. Quo qui quia rem facere dolores quam. Recusandae quisquam libero illo praesentium.', 'eveniet', '1977-06-14 16:45:06', '2002-06-02 02:27:26');
INSERT INTO `attachments` (`id`, `user_id`, `content`, `filename`, `created_at`, `updated_at`) VALUES ('3', '106', 'Et est ut omnis est animi. Dolore et quo iusto reprehenderit voluptatem odio est. Culpa esse incidunt ipsum totam a rerum delectus. Voluptatum doloremque magni officia corporis.', 'quisquam', '1970-06-27 17:23:19', '2008-02-12 19:04:28');
INSERT INTO `attachments` (`id`, `user_id`, `content`, `filename`, `created_at`, `updated_at`) VALUES ('4', '180', 'Quam quia quisquam ut ullam voluptatem ab aliquam. Et dolorem iusto et animi illum laboriosam.', 'magnam', '2017-08-24 23:41:47', '1986-12-08 09:08:02');
INSERT INTO `attachments` (`id`, `user_id`, `content`, `filename`, `created_at`, `updated_at`) VALUES ('5', '148', 'Qui officia et voluptatibus earum illum repellat. Corrupti sunt a maiores praesentium. Quos voluptates vel sint. Quasi minima sit veritatis architecto.', 'ea', '2002-11-24 13:14:43', '1971-12-22 12:12:14');
INSERT INTO `attachments` (`id`, `user_id`, `content`, `filename`, `created_at`, `updated_at`) VALUES ('6', '131', 'Labore officia itaque rerum laudantium et minus id ea. Architecto expedita voluptatum sunt dolore est voluptatem. Mollitia autem dolorem repellat omnis.', 'eius', '2018-05-11 12:41:26', '1974-01-14 17:05:15');
INSERT INTO `attachments` (`id`, `user_id`, `content`, `filename`, `created_at`, `updated_at`) VALUES ('7', '124', 'Officia nam sapiente aspernatur eveniet repellat aliquam. Quibusdam accusantium et ut ullam dolore et et. Consequatur officia doloribus odio eveniet harum deleniti.', 'ex', '2015-05-27 18:36:01', '1995-05-21 19:08:32');
INSERT INTO `attachments` (`id`, `user_id`, `content`, `filename`, `created_at`, `updated_at`) VALUES ('8', '150', 'Alias accusantium neque quasi omnis ut corporis. Qui nulla tenetur reprehenderit deleniti voluptatem. Ipsum quos ut quaerat et eaque. Culpa necessitatibus ea alias voluptas.', 'temporibus', '2011-06-13 04:36:34', '1992-04-15 06:12:43');
INSERT INTO `attachments` (`id`, `user_id`, `content`, `filename`, `created_at`, `updated_at`) VALUES ('9', '131', 'Animi fugit esse ut. Modi autem provident unde eveniet. Deserunt illo magnam omnis sed qui facere sed similique.', 'voluptate', '2016-01-22 08:00:56', '1977-01-16 00:59:31');
INSERT INTO `attachments` (`id`, `user_id`, `content`, `filename`, `created_at`, `updated_at`) VALUES ('10', '106', 'Maiores consequatur quas est et corporis officia. Id repellendus fugit architecto ut beatae dolore dignissimos. Maiores ratione nobis similique qui debitis. Et illum quis aliquid sit.', 'incidunt', '2014-12-22 22:12:37', '2005-05-14 21:33:59');
INSERT INTO `attachments` (`id`, `user_id`, `content`, `filename`, `created_at`, `updated_at`) VALUES ('11', '138', 'Itaque ipsa enim ut sint. Rerum est quia nostrum sunt porro et occaecati odio. Cumque deleniti enim molestiae fugit quidem saepe. Dolorum minus et voluptatem qui qui voluptatem esse perferendis.', 'quam', '1999-10-31 07:31:57', '2008-10-04 13:48:22');
INSERT INTO `attachments` (`id`, `user_id`, `content`, `filename`, `created_at`, `updated_at`) VALUES ('12', '116', 'Dolor impedit et alias et laboriosam quisquam voluptatem. Illum excepturi eos totam ullam quo dolores ut. Ut quasi repudiandae rem et debitis sed corrupti. Eos est qui libero id.', 'eius', '2018-03-10 02:20:35', '2019-03-31 17:48:24');
INSERT INTO `attachments` (`id`, `user_id`, `content`, `filename`, `created_at`, `updated_at`) VALUES ('13', '162', 'Et ut praesentium expedita vel placeat. Non sunt delectus at. Alias et quibusdam accusantium tempora.\nQuo est dolor dolorem illum. Rerum in qui non odio. Ut neque voluptatem non.', 'quas', '2000-08-06 03:39:43', '1971-02-21 18:01:03');
INSERT INTO `attachments` (`id`, `user_id`, `content`, `filename`, `created_at`, `updated_at`) VALUES ('14', '197', 'Illo ad harum aperiam. Eos aut veritatis ullam. Quod vitae quo saepe quia rerum qui. Quod rerum qui incidunt quia.', 'repellat', '1993-08-13 02:41:56', '1982-06-09 00:36:13');
INSERT INTO `attachments` (`id`, `user_id`, `content`, `filename`, `created_at`, `updated_at`) VALUES ('15', '107', 'Quasi cum temporibus aut et maiores magni. Accusantium esse sit nam veniam molestiae ad nihil. Totam delectus in ut quae consequatur. Quasi aut a amet velit minus.', 'omnis', '2011-01-23 01:16:27', '1995-12-06 23:59:31');
INSERT INTO `attachments` (`id`, `user_id`, `content`, `filename`, `created_at`, `updated_at`) VALUES ('16', '117', 'Fugiat porro sed voluptates repudiandae aliquid quisquam est. Similique soluta quibusdam ab tempore quia. Maxime qui nobis sequi facilis eaque temporibus corporis.', 'tenetur', '1993-06-13 10:32:01', '1998-10-05 01:33:44');
INSERT INTO `attachments` (`id`, `user_id`, `content`, `filename`, `created_at`, `updated_at`) VALUES ('17', '171', 'Nihil soluta exercitationem non velit et rerum quidem nam. Sit consequatur sint possimus est. Vero molestiae ipsum aut eius architecto. Sunt aut consequuntur incidunt architecto.', 'dolores', '1981-10-25 04:57:51', '2008-01-02 17:41:57');
INSERT INTO `attachments` (`id`, `user_id`, `content`, `filename`, `created_at`, `updated_at`) VALUES ('18', '173', 'Praesentium est qui libero nulla quis omnis numquam. Consequuntur qui cumque totam veritatis. Occaecati ratione sed rerum quae fugit odit.', 'autem', '2002-12-09 00:13:27', '1974-05-05 05:42:11');
INSERT INTO `attachments` (`id`, `user_id`, `content`, `filename`, `created_at`, `updated_at`) VALUES ('19', '122', 'Neque sit nisi temporibus quidem. Expedita consequatur neque dolorum similique. Doloremque ea magni velit dolor iusto. Repudiandae aut occaecati aut.', 'a', '1986-08-14 22:31:04', '1988-03-20 21:50:23');
INSERT INTO `attachments` (`id`, `user_id`, `content`, `filename`, `created_at`, `updated_at`) VALUES ('20', '135', 'Minus doloribus cupiditate cupiditate occaecati facilis dignissimos fugit. Amet qui quae itaque corrupti accusamus. Aperiam laborum excepturi voluptate velit ullam.', 'dicta', '1999-08-22 14:36:57', '2007-04-05 04:17:06');
INSERT INTO `attachments` (`id`, `user_id`, `content`, `filename`, `created_at`, `updated_at`) VALUES ('21', '117', 'Ipsa iure voluptas exercitationem quia qui. Distinctio veritatis voluptas blanditiis dolore debitis. Ducimus fugit cum earum vero. Ut repellat sunt quae debitis sit tempora recusandae.', 'aut', '2019-03-28 22:07:10', '1971-10-19 12:11:59');
INSERT INTO `attachments` (`id`, `user_id`, `content`, `filename`, `created_at`, `updated_at`) VALUES ('22', '132', 'Sapiente cumque beatae autem dolores facere. Enim quisquam facere velit nesciunt ratione. Culpa nulla autem maxime a vel unde. Eveniet totam maiores tenetur similique est eaque necessitatibus.', 'eum', '1971-03-24 02:38:16', '2008-07-02 12:38:27');
INSERT INTO `attachments` (`id`, `user_id`, `content`, `filename`, `created_at`, `updated_at`) VALUES ('23', '171', 'Iusto quo et sint placeat et. Vero qui molestiae ut et ut. Dolore id suscipit nemo optio voluptatem. Iusto eligendi dolores est doloremque dolor excepturi ullam.', 'autem', '1980-10-29 10:49:27', '2020-09-18 04:06:38');
INSERT INTO `attachments` (`id`, `user_id`, `content`, `filename`, `created_at`, `updated_at`) VALUES ('24', '163', 'Minima magnam est voluptatem modi sit omnis. In illo placeat dolores adipisci tenetur non laudantium. Modi assumenda omnis ut veniam voluptatem. Omnis quo nisi et qui est amet ut autem.', 'soluta', '1976-05-24 08:15:03', '2001-06-28 14:27:02');
INSERT INTO `attachments` (`id`, `user_id`, `content`, `filename`, `created_at`, `updated_at`) VALUES ('25', '140', 'Ex natus quae omnis et necessitatibus est ut recusandae. Quam est quia suscipit et dolore eum impedit aut. Debitis laudantium molestiae vitae id.', 'dolore', '1992-04-19 17:18:30', '1990-08-13 08:35:07');
INSERT INTO `attachments` (`id`, `user_id`, `content`, `filename`, `created_at`, `updated_at`) VALUES ('26', '131', 'Dolore asperiores aut nemo nam voluptas exercitationem voluptates inventore. Numquam sint in tempore voluptatem. Cum qui corporis praesentium ipsam quasi perspiciatis illum.', 'totam', '2007-03-17 12:49:45', '1995-12-01 00:37:12');
INSERT INTO `attachments` (`id`, `user_id`, `content`, `filename`, `created_at`, `updated_at`) VALUES ('27', '169', 'Sunt mollitia sit doloribus corporis vero. Id optio non numquam ipsam illum. Fugit excepturi sunt similique nostrum non sequi.', 'vel', '2007-07-02 23:55:03', '1980-10-29 00:26:48');
INSERT INTO `attachments` (`id`, `user_id`, `content`, `filename`, `created_at`, `updated_at`) VALUES ('28', '128', 'Consectetur et deleniti accusamus aspernatur quo. Mollitia natus sint excepturi est aut qui aut. Accusantium sunt reprehenderit ut ut.', 'vero', '2016-02-16 15:27:07', '2018-07-11 05:11:35');
INSERT INTO `attachments` (`id`, `user_id`, `content`, `filename`, `created_at`, `updated_at`) VALUES ('29', '108', 'Sit dolorum aperiam dignissimos et. Quis voluptatem incidunt et rerum voluptas aspernatur. Quisquam facilis alias cumque ut odio perspiciatis incidunt. In rerum laudantium neque aut incidunt vitae.', 'sit', '1998-10-21 02:25:24', '2004-03-28 17:31:36');
INSERT INTO `attachments` (`id`, `user_id`, `content`, `filename`, `created_at`, `updated_at`) VALUES ('30', '152', 'Voluptas libero ea deleniti itaque maiores. Ducimus architecto et ipsa esse. Deleniti sit consequatur soluta molestias quam a voluptas.', 'veritatis', '2016-11-07 17:39:37', '1990-04-03 16:38:20');
INSERT INTO `attachments` (`id`, `user_id`, `content`, `filename`, `created_at`, `updated_at`) VALUES ('31', '181', 'Fugit provident qui amet. Eaque voluptas recusandae quaerat occaecati illo illum. Delectus voluptatum minima quos aut.\nUt esse sit quo laborum occaecati laudantium. Ipsum quos in aut voluptatem.', 'ratione', '1981-09-06 02:26:18', '1985-08-01 12:49:32');
INSERT INTO `attachments` (`id`, `user_id`, `content`, `filename`, `created_at`, `updated_at`) VALUES ('32', '153', 'Exercitationem quis animi nulla consequuntur perferendis iure. Rerum et sunt est minima sint.', 'laborum', '1981-07-14 16:21:54', '2004-03-25 03:03:11');
INSERT INTO `attachments` (`id`, `user_id`, `content`, `filename`, `created_at`, `updated_at`) VALUES ('33', '169', 'Eligendi quam vitae veritatis omnis est quod sit. Et labore magni perferendis. Non ipsum error beatae eligendi tempore accusantium et eum. Hic possimus voluptatem animi totam.', 'soluta', '1979-11-08 10:43:59', '2008-02-05 00:51:12');
INSERT INTO `attachments` (`id`, `user_id`, `content`, `filename`, `created_at`, `updated_at`) VALUES ('34', '192', 'Ex numquam eum quia odio voluptas ullam. Labore nostrum iusto eum in.', 'aut', '1981-06-23 07:24:31', '2011-06-18 21:31:07');
INSERT INTO `attachments` (`id`, `user_id`, `content`, `filename`, `created_at`, `updated_at`) VALUES ('35', '145', 'Consequuntur ex ad quo ea aut libero magni. Incidunt distinctio ipsa eaque commodi ut. Quo esse aut deleniti mollitia.', 'ad', '1979-06-21 10:26:55', '1993-01-11 17:24:52');
INSERT INTO `attachments` (`id`, `user_id`, `content`, `filename`, `created_at`, `updated_at`) VALUES ('36', '134', 'Exercitationem magni voluptas rerum minus explicabo. Commodi hic quia repellendus. Amet excepturi qui optio. Excepturi facilis dolor placeat asperiores est ipsum tenetur.', 'in', '2018-05-19 09:48:10', '1992-04-23 09:43:17');
INSERT INTO `attachments` (`id`, `user_id`, `content`, `filename`, `created_at`, `updated_at`) VALUES ('37', '127', 'Vitae reiciendis dolore velit fugiat labore at officia. Quam repellendus quo repellat. Incidunt qui suscipit rerum quia.', 'architecto', '1988-01-20 12:55:19', '1993-09-14 08:22:32');
INSERT INTO `attachments` (`id`, `user_id`, `content`, `filename`, `created_at`, `updated_at`) VALUES ('38', '164', 'Et nobis ut sapiente sit. Repudiandae aut et laboriosam ducimus sit alias. Dolorem est numquam accusamus rerum qui. Qui omnis nihil ipsam reprehenderit praesentium quod ipsa ut.', 'inventore', '2008-08-24 12:13:34', '1985-12-08 22:30:45');
INSERT INTO `attachments` (`id`, `user_id`, `content`, `filename`, `created_at`, `updated_at`) VALUES ('39', '192', 'Aperiam itaque dignissimos assumenda omnis. Minus voluptatem vero ullam dolorum ex. Quam tenetur esse quos nisi rerum ad nisi. Sequi eveniet quibusdam nihil aut harum voluptatibus consequatur quis.', 'est', '1978-12-11 11:45:14', '2008-10-31 01:18:08');
INSERT INTO `attachments` (`id`, `user_id`, `content`, `filename`, `created_at`, `updated_at`) VALUES ('40', '152', 'Eligendi nesciunt odio dolor et et autem nihil sit. Temporibus labore cumque sapiente vitae voluptatem et quae consequatur. Dolore asperiores qui incidunt maxime.', 'perspiciatis', '2012-12-10 13:54:13', '1995-11-09 05:51:41');
INSERT INTO `attachments` (`id`, `user_id`, `content`, `filename`, `created_at`, `updated_at`) VALUES ('41', '171', 'Non rerum et et eius rerum beatae nesciunt itaque. Ipsam quaerat eaque id rerum repellendus sint. Non quidem sed voluptatem veritatis hic voluptates. Dicta sit vel odio rem earum qui.', 'aut', '1989-05-20 23:25:05', '1985-09-12 15:54:03');
INSERT INTO `attachments` (`id`, `user_id`, `content`, `filename`, `created_at`, `updated_at`) VALUES ('42', '135', 'Molestias iusto eos omnis esse sit. Eligendi quo quidem distinctio qui. Fugiat id alias quod nam voluptatem eum. Doloremque enim omnis qui sit qui autem quia rerum.', 'aliquid', '1995-12-24 22:17:17', '1981-01-24 08:43:53');
INSERT INTO `attachments` (`id`, `user_id`, `content`, `filename`, `created_at`, `updated_at`) VALUES ('43', '164', 'Mollitia rerum quis aspernatur eos cumque. Aut commodi magnam voluptatem eum velit ducimus explicabo error. Quia sunt aspernatur et eos qui. Sit autem tempora hic ab molestiae rerum et.', 'placeat', '1972-04-10 20:51:30', '2002-11-06 02:50:04');
INSERT INTO `attachments` (`id`, `user_id`, `content`, `filename`, `created_at`, `updated_at`) VALUES ('44', '146', 'Autem repellat consequuntur asperiores esse eum eum vero doloribus. Dolores minima sit facere aut.', 'totam', '1985-11-07 08:12:57', '1995-08-06 03:20:58');
INSERT INTO `attachments` (`id`, `user_id`, `content`, `filename`, `created_at`, `updated_at`) VALUES ('45', '135', 'Soluta et reprehenderit voluptatem fugiat pariatur amet. Ipsum eum ratione esse sit. Aut aut et totam natus nam vel sint.', 'est', '2012-08-08 19:00:38', '2004-11-28 03:20:26');
INSERT INTO `attachments` (`id`, `user_id`, `content`, `filename`, `created_at`, `updated_at`) VALUES ('46', '171', 'Natus beatae totam ullam reiciendis. Hic ut maiores culpa. Est magni sit sed debitis. Assumenda repellendus vero deleniti qui. Quam dolores hic et quibusdam debitis qui deserunt.', 'maxime', '2002-12-02 11:15:55', '1979-04-24 17:47:33');
INSERT INTO `attachments` (`id`, `user_id`, `content`, `filename`, `created_at`, `updated_at`) VALUES ('47', '159', 'Ut aliquid veniam animi dignissimos vitae autem ipsa. Maiores harum dolores hic aut debitis vel enim. Consequatur ut dolorum animi eum quia fugiat est. Nemo velit quod autem quaerat aut voluptate.', 'omnis', '2003-08-20 12:53:19', '2013-12-08 09:13:29');
INSERT INTO `attachments` (`id`, `user_id`, `content`, `filename`, `created_at`, `updated_at`) VALUES ('48', '122', 'Corporis omnis ea eos quis. Saepe eos quis et tempora veniam. Dolorum voluptatem rem quia minus consectetur.', 'architecto', '1976-05-20 13:10:40', '1985-08-01 07:46:36');
INSERT INTO `attachments` (`id`, `user_id`, `content`, `filename`, `created_at`, `updated_at`) VALUES ('49', '156', 'Suscipit suscipit quod vitae. Repellat et nam voluptas eaque rerum exercitationem.', 'dolores', '2011-07-05 02:07:50', '1995-02-18 18:09:54');
INSERT INTO `attachments` (`id`, `user_id`, `content`, `filename`, `created_at`, `updated_at`) VALUES ('50', '183', 'Autem optio voluptatem animi et. Modi expedita doloremque alias porro porro non exercitationem. Maiores sunt dolore mollitia ut voluptatem.', 'veniam', '2012-11-03 00:14:00', '1981-12-14 03:42:53');



/*
* messages
*/



INSERT INTO `messages` (`id`, `from_user_id`, `to_user_id`, `body`, `created_at`, `media`) VALUES ('1', '114', '134', 'Aut dignissimos maxime rem excepturi aperiam est porro. Saepe molestiae aperiam illum. Et esse a id laudantium a.', '1997-02-11 02:19:22', NULL);
INSERT INTO `messages` (`id`, `from_user_id`, `to_user_id`, `body`, `created_at`, `media`) VALUES ('2', '158', '113', 'Dolor sed aliquam dolorum corrupti quia corporis ut illo. Ut exercitationem sit fuga velit ea et. Consequatur necessitatibus consequatur repellendus ipsa perferendis.', '2015-07-27 22:44:03', NULL);
INSERT INTO `messages` (`id`, `from_user_id`, `to_user_id`, `body`, `created_at`, `media`) VALUES ('3', '106', '117', 'Molestiae distinctio sequi et assumenda sed natus inventore quo. Sit velit id laudantium molestias iure maxime. Est et accusamus sequi sed itaque corporis.', '1979-08-09 22:37:30', NULL);
INSERT INTO `messages` (`id`, `from_user_id`, `to_user_id`, `body`, `created_at`, `media`) VALUES ('4', '171', '173', 'Eos aut incidunt doloribus consectetur corporis expedita nostrum. Iste quod eaque aliquid maxime fugiat.', '1973-01-20 03:54:18', NULL);
INSERT INTO `messages` (`id`, `from_user_id`, `to_user_id`, `body`, `created_at`, `media`) VALUES ('5', '162', '122', 'Nostrum asperiores quae libero ad quo nihil. Quas sint molestias ipsum rerum dolorem fugit optio sunt. Possimus sint odit libero ut earum nihil voluptatum est.', '1983-04-30 07:21:58', NULL);
INSERT INTO `messages` (`id`, `from_user_id`, `to_user_id`, `body`, `created_at`, `media`) VALUES ('6', '187', '123', 'Voluptas perferendis eos temporibus optio. Sed molestiae quis similique minima sit perspiciatis quos.', '1974-02-24 09:34:08', NULL);
INSERT INTO `messages` (`id`, `from_user_id`, `to_user_id`, `body`, `created_at`, `media`) VALUES ('7', '143', '156', 'Asperiores ut molestias et quos. Vero ut aut voluptatibus temporibus. Asperiores quam totam animi pariatur dolore dolorem. Sunt eaque et vel iusto nihil quaerat enim.', '1989-10-18 04:06:34', NULL);
INSERT INTO `messages` (`id`, `from_user_id`, `to_user_id`, `body`, `created_at`, `media`) VALUES ('8', '156', '123', 'Omnis voluptate illo culpa. Et et mollitia sequi ut saepe. Aut voluptates quis omnis deleniti harum.', '1975-12-21 07:49:41', NULL);
INSERT INTO `messages` (`id`, `from_user_id`, `to_user_id`, `body`, `created_at`, `media`) VALUES ('9', '132', '169', 'Qui eveniet aut facilis. Est provident sed voluptatem qui aliquid omnis.', '1986-07-19 23:23:17', NULL);
INSERT INTO `messages` (`id`, `from_user_id`, `to_user_id`, `body`, `created_at`, `media`) VALUES ('10', '138', '137', 'Aut fuga omnis necessitatibus expedita. Quibusdam quisquam illum ut earum necessitatibus voluptas. Ab est atque repellat cupiditate impedit porro minus. Voluptatem magni quasi sed officiis.', '2014-10-06 20:12:46', NULL);
INSERT INTO `messages` (`id`, `from_user_id`, `to_user_id`, `body`, `created_at`, `media`) VALUES ('11', '149', '146', 'Est fuga architecto neque est. Amet nisi reprehenderit tenetur reprehenderit. Eum eius necessitatibus et exercitationem omnis unde quas. Rerum inventore fuga earum dolorem odio.', '2015-07-09 22:06:33', NULL);
INSERT INTO `messages` (`id`, `from_user_id`, `to_user_id`, `body`, `created_at`, `media`) VALUES ('12', '164', '156', 'Aperiam vel ratione tempore. Blanditiis quo assumenda nisi ipsa. Praesentium ea cum maiores dolor. Sunt culpa quia vel quos corrupti. Eum architecto doloremque suscipit culpa facere.', '2014-10-14 21:46:00', NULL);
INSERT INTO `messages` (`id`, `from_user_id`, `to_user_id`, `body`, `created_at`, `media`) VALUES ('13', '105', '145', 'Nemo ducimus ducimus in et. Nulla dolorum qui similique enim quaerat ad. Ducimus odit voluptate rem natus maiores perspiciatis molestiae. Debitis similique quidem possimus similique rerum. Rerum sequi sed numquam esse quas aliquam autem.', '1983-02-10 12:32:16', NULL);
INSERT INTO `messages` (`id`, `from_user_id`, `to_user_id`, `body`, `created_at`, `media`) VALUES ('14', '153', '122', 'Architecto quidem molestias ab non amet officia. Eum voluptatem voluptatem nesciunt veritatis modi nihil. Rem dolore quis et error.', '2019-12-30 19:19:57', NULL);
INSERT INTO `messages` (`id`, `from_user_id`, `to_user_id`, `body`, `created_at`, `media`) VALUES ('15', '158', '121', 'Est aut possimus placeat. Dignissimos alias sunt molestiae autem ad vero labore et.', '1989-10-30 18:27:20', NULL);
INSERT INTO `messages` (`id`, `from_user_id`, `to_user_id`, `body`, `created_at`, `media`) VALUES ('16', '118', '170', 'Corporis aut vel aspernatur ea cumque nemo quas. Ut sint mollitia est minima doloremque. Quia doloremque omnis est ex dolore. Sunt odit iste quos assumenda amet.', '2005-11-29 06:49:25', NULL);
INSERT INTO `messages` (`id`, `from_user_id`, `to_user_id`, `body`, `created_at`, `media`) VALUES ('17', '148', '173', 'Vero expedita et quis omnis voluptas. Asperiores vel quis voluptatibus non amet beatae ea. Fuga nihil dicta amet est. Et ut dolor consequatur eaque ea repellendus.', '1971-02-23 07:56:00', NULL);
INSERT INTO `messages` (`id`, `from_user_id`, `to_user_id`, `body`, `created_at`, `media`) VALUES ('18', '186', '153', 'Et totam harum dolorum beatae dignissimos dolorum. Soluta qui tenetur debitis qui ex voluptas. Cumque ut modi dolores quos nemo.', '2008-10-29 16:24:20', NULL);
INSERT INTO `messages` (`id`, `from_user_id`, `to_user_id`, `body`, `created_at`, `media`) VALUES ('19', '101', '163', 'Excepturi quibusdam facilis ducimus aut ut fuga repudiandae. Non dolores enim laudantium inventore occaecati suscipit consequatur. Beatae rerum beatae quisquam facilis omnis dolores enim quam.', '2007-07-29 06:30:21', NULL);
INSERT INTO `messages` (`id`, `from_user_id`, `to_user_id`, `body`, `created_at`, `media`) VALUES ('20', '142', '163', 'Cumque sunt aliquam minus placeat eum est. Inventore voluptatem itaque omnis nam nobis. Enim quibusdam quae dolorum facilis labore labore. Non error quis facilis tempore possimus sed.', '2013-12-05 00:38:49', NULL);
INSERT INTO `messages` (`id`, `from_user_id`, `to_user_id`, `body`, `created_at`, `media`) VALUES ('21', '192', '136', 'Voluptatem consequuntur occaecati aperiam dolor corporis in harum. Dolores illo molestiae esse veritatis blanditiis itaque. Debitis dignissimos aliquam id in iste fugiat. Et recusandae et eum non rerum.', '2017-07-27 23:47:24', NULL);
INSERT INTO `messages` (`id`, `from_user_id`, `to_user_id`, `body`, `created_at`, `media`) VALUES ('22', '192', '140', 'Aperiam inventore et quae quas. Quis dolor laborum quia deleniti iure. Accusantium quos praesentium sint itaque. Voluptatem enim voluptatem aperiam sunt omnis doloribus.', '1986-02-07 01:43:44', NULL);
INSERT INTO `messages` (`id`, `from_user_id`, `to_user_id`, `body`, `created_at`, `media`) VALUES ('23', '106', '152', 'Est et voluptatem maxime sed eum doloribus nesciunt. Esse provident dignissimos dolores. Ipsam veritatis et voluptatem in.', '1996-03-13 20:13:05', NULL);
INSERT INTO `messages` (`id`, `from_user_id`, `to_user_id`, `body`, `created_at`, `media`) VALUES ('24', '159', '136', 'Et repellat ut nihil dolor ut eum sit. Error quas qui architecto et qui praesentium nihil. Qui aspernatur optio nemo reprehenderit excepturi eveniet in. Optio et facere cupiditate quasi animi qui est dolorem. Et aliquam in sit culpa.', '1982-08-15 10:44:12', NULL);
INSERT INTO `messages` (`id`, `from_user_id`, `to_user_id`, `body`, `created_at`, `media`) VALUES ('25', '136', '113', 'Vel impedit iusto illum aut velit. Quod quis ratione molestiae facere nihil provident voluptatibus. Illo sequi recusandae ut est sint. Dicta eligendi consequatur accusantium maxime facere sed ullam.', '1996-01-23 09:48:58', NULL);
INSERT INTO `messages` (`id`, `from_user_id`, `to_user_id`, `body`, `created_at`, `media`) VALUES ('26', '170', '197', 'Cum ipsum doloribus quos sint laboriosam quia. Eveniet quasi pariatur ullam nam illo officiis. Nisi pariatur dolor perspiciatis quae atque ipsum sequi. Dolor reiciendis eos nihil quas voluptatibus.', '1976-06-16 13:30:19', NULL);
INSERT INTO `messages` (`id`, `from_user_id`, `to_user_id`, `body`, `created_at`, `media`) VALUES ('27', '153', '147', 'Nihil cum eos est et alias quia. Non eos labore explicabo autem numquam dolore. Quam soluta error autem voluptatem modi temporibus soluta aut. Consequatur dolorem eum nam.', '1980-04-16 00:52:11', NULL);
INSERT INTO `messages` (`id`, `from_user_id`, `to_user_id`, `body`, `created_at`, `media`) VALUES ('28', '153', '159', 'Magnam et reiciendis non magni earum nihil perferendis. Repudiandae dolor temporibus modi repellendus officia. Consectetur temporibus nisi distinctio et perspiciatis.', '2000-07-13 12:16:22', NULL);
INSERT INTO `messages` (`id`, `from_user_id`, `to_user_id`, `body`, `created_at`, `media`) VALUES ('29', '107', '127', 'Praesentium illum provident tempora. Mollitia dolorem culpa quia voluptas. Saepe inventore sit numquam quidem blanditiis dolorum.', '1992-06-11 11:21:06', NULL);
INSERT INTO `messages` (`id`, `from_user_id`, `to_user_id`, `body`, `created_at`, `media`) VALUES ('30', '181', '164', 'Aliquid et incidunt praesentium soluta. Doloremque accusamus saepe et odit quis veritatis.', '2013-03-10 07:33:50', NULL);
INSERT INTO `messages` (`id`, `from_user_id`, `to_user_id`, `body`, `created_at`, `media`) VALUES ('31', '143', '107', 'Eligendi molestiae voluptate ipsam est expedita et veniam. Incidunt eum quasi sunt doloremque excepturi neque magnam quia. Sint occaecati sit minima voluptates ut et.', '1996-03-21 00:34:03', NULL);
INSERT INTO `messages` (`id`, `from_user_id`, `to_user_id`, `body`, `created_at`, `media`) VALUES ('32', '147', '105', 'Dicta quia quis quod doloremque unde. Officia tempora autem maiores et nesciunt suscipit. Et ut ut eos quia dolorum ratione et. Enim omnis aperiam qui voluptatibus.', '2001-09-24 21:00:46', NULL);
INSERT INTO `messages` (`id`, `from_user_id`, `to_user_id`, `body`, `created_at`, `media`) VALUES ('33', '183', '143', 'Dolores veniam ipsa quo qui assumenda. Iure repellat dignissimos qui quae qui. Ratione eveniet cum voluptatum. Est tempore deserunt totam quaerat cum cupiditate.', '2020-06-17 23:02:08', NULL);
INSERT INTO `messages` (`id`, `from_user_id`, `to_user_id`, `body`, `created_at`, `media`) VALUES ('34', '158', '186', 'Corporis facere enim animi recusandae. Ratione iste quisquam veniam. Ullam enim molestiae aut nemo et velit.', '2014-09-29 10:33:46', NULL);
INSERT INTO `messages` (`id`, `from_user_id`, `to_user_id`, `body`, `created_at`, `media`) VALUES ('35', '123', '116', 'Voluptatem ut eius amet earum rerum officiis. Voluptatum mollitia laboriosam ut aut necessitatibus. Eveniet dolor incidunt consequatur aliquid sit. Quia quaerat est est sint amet error.', '2011-03-07 13:15:48', NULL);
INSERT INTO `messages` (`id`, `from_user_id`, `to_user_id`, `body`, `created_at`, `media`) VALUES ('36', '156', '121', 'Possimus ut quia ut possimus sit. Soluta earum nobis omnis. Illum nihil voluptas delectus consequuntur qui mollitia.', '2001-09-29 23:15:24', NULL);
INSERT INTO `messages` (`id`, `from_user_id`, `to_user_id`, `body`, `created_at`, `media`) VALUES ('37', '146', '150', 'Maxime distinctio voluptatem in voluptatem id quia. Corrupti ex non omnis.', '2010-05-18 21:49:21', NULL);
INSERT INTO `messages` (`id`, `from_user_id`, `to_user_id`, `body`, `created_at`, `media`) VALUES ('38', '156', '149', 'Non sint modi est est accusamus. Enim voluptas fuga sint enim saepe consequatur. Officia culpa qui ea sunt.', '1974-01-17 21:06:00', NULL);
INSERT INTO `messages` (`id`, `from_user_id`, `to_user_id`, `body`, `created_at`, `media`) VALUES ('39', '123', '131', 'Voluptates ullam voluptas ducimus at tempora sed. Iure iusto id porro saepe. Laudantium nesciunt rem quia eius.', '1988-06-21 02:44:15', NULL);
INSERT INTO `messages` (`id`, `from_user_id`, `to_user_id`, `body`, `created_at`, `media`) VALUES ('40', '197', '153', 'Dolores nisi quo dolorem sed id. Illo voluptate culpa et suscipit quia officia. Commodi quaerat doloribus quis et maiores. Consectetur et consequatur natus rerum dicta non omnis.', '1984-01-31 18:23:02', NULL);
INSERT INTO `messages` (`id`, `from_user_id`, `to_user_id`, `body`, `created_at`, `media`) VALUES ('41', '138', '169', 'Deserunt deleniti ut dolor. Itaque culpa non mollitia labore voluptatibus dolores. Rerum sunt assumenda aut blanditiis. Id facilis et non alias.', '2003-01-25 14:53:18', NULL);
INSERT INTO `messages` (`id`, `from_user_id`, `to_user_id`, `body`, `created_at`, `media`) VALUES ('42', '152', '107', 'Consectetur quaerat repudiandae nobis quo similique dolores. Vero delectus harum ipsam natus. Assumenda velit rerum in magni aut neque tenetur quo. Dolorem voluptatem ea ipsum nam sunt.', '1979-07-05 12:11:48', NULL);
INSERT INTO `messages` (`id`, `from_user_id`, `to_user_id`, `body`, `created_at`, `media`) VALUES ('43', '131', '125', 'Molestias voluptatem est est qui. Sint soluta cupiditate harum omnis cumque repellendus. Ducimus qui est et rerum voluptate asperiores recusandae rem.', '1976-07-13 20:24:09', NULL);
INSERT INTO `messages` (`id`, `from_user_id`, `to_user_id`, `body`, `created_at`, `media`) VALUES ('44', '164', '137', 'Qui incidunt aut inventore vitae. Cumque ut id assumenda fuga incidunt blanditiis voluptatem. Ut minus dolor mollitia repudiandae et. Alias fugit odit perferendis quo rerum ducimus.', '2019-07-25 05:35:42', NULL);
INSERT INTO `messages` (`id`, `from_user_id`, `to_user_id`, `body`, `created_at`, `media`) VALUES ('45', '146', '156', 'Distinctio sed reiciendis architecto eum quis pariatur eius atque. Qui nobis molestiae fugit minima perspiciatis qui. Explicabo nisi hic dolores consequatur accusantium.', '2014-05-06 17:10:44', NULL);
INSERT INTO `messages` (`id`, `from_user_id`, `to_user_id`, `body`, `created_at`, `media`) VALUES ('46', '117', '101', 'Quas laborum cupiditate ut ea dolor asperiores. Commodi ad saepe sunt consequatur temporibus sapiente. Consequuntur dolorum inventore optio fugit quibusdam ut reprehenderit possimus.', '1995-02-12 14:29:51', NULL);
INSERT INTO `messages` (`id`, `from_user_id`, `to_user_id`, `body`, `created_at`, `media`) VALUES ('47', '162', '160', 'Doloribus iste aperiam enim assumenda. Ipsam accusantium vero tempora quisquam. Incidunt ut et aut. Dolore neque voluptatibus vero nisi consequuntur eum voluptatibus.', '1990-08-07 05:17:55', NULL);
INSERT INTO `messages` (`id`, `from_user_id`, `to_user_id`, `body`, `created_at`, `media`) VALUES ('48', '106', '153', 'Omnis quia facilis velit dolorum quidem magnam dolor. Pariatur temporibus sint autem in ea. Accusantium sit quasi tenetur voluptate. Aut dolor omnis omnis aut inventore.', '1988-09-27 14:01:38', NULL);
INSERT INTO `messages` (`id`, `from_user_id`, `to_user_id`, `body`, `created_at`, `media`) VALUES ('49', '118', '162', 'Excepturi et praesentium voluptas sit. Quis rerum iste veritatis odit repellendus ad. Quas animi recusandae et debitis.', '2010-11-22 17:47:28', NULL);
INSERT INTO `messages` (`id`, `from_user_id`, `to_user_id`, `body`, `created_at`, `media`) VALUES ('50', '147', '136', 'Dignissimos et omnis consequatur odit eligendi. Reprehenderit omnis blanditiis repellat quia totam. Ea itaque quia labore at enim voluptatibus soluta. At tenetur distinctio exercitationem perferendis rerum sint iste.', '1984-12-30 07:11:17', NULL);
INSERT INTO `messages` (`id`, `from_user_id`, `to_user_id`, `body`, `created_at`, `media`) VALUES ('51', '179', '121', 'Voluptate voluptate similique enim magni. Maiores accusamus nam rerum quasi mollitia quo molestiae. Commodi quo cum est dolorem quia. Repellat fuga itaque animi et in provident modi quis.', '2007-07-02 14:00:40', NULL);
INSERT INTO `messages` (`id`, `from_user_id`, `to_user_id`, `body`, `created_at`, `media`) VALUES ('52', '149', '136', 'Optio et quia eius minus voluptatem praesentium. Enim et natus reiciendis asperiores repellendus maiores dolores error. Incidunt autem qui rerum eveniet. Tempore quisquam et rerum.', '1978-07-05 07:39:47', NULL);
INSERT INTO `messages` (`id`, `from_user_id`, `to_user_id`, `body`, `created_at`, `media`) VALUES ('53', '170', '123', 'Totam et ea voluptates. Sit libero odit voluptatum dolor esse aut impedit. Aliquam eum esse ea pariatur.', '1988-02-29 05:45:19', NULL);
INSERT INTO `messages` (`id`, `from_user_id`, `to_user_id`, `body`, `created_at`, `media`) VALUES ('54', '197', '102', 'Aut velit distinctio eveniet eveniet. Odio provident veniam asperiores.', '2012-01-21 06:01:28', NULL);
INSERT INTO `messages` (`id`, `from_user_id`, `to_user_id`, `body`, `created_at`, `media`) VALUES ('55', '148', '193', 'Nisi quia pariatur praesentium distinctio numquam quia. In reiciendis sed autem eum atque. Aperiam odit quos quisquam voluptates sit laudantium aut.', '2008-10-27 18:38:41', NULL);
INSERT INTO `messages` (`id`, `from_user_id`, `to_user_id`, `body`, `created_at`, `media`) VALUES ('56', '156', '197', 'Vel et omnis reprehenderit nesciunt iste fuga. Accusantium iste neque omnis eum fugiat esse sit. Dignissimos eligendi et occaecati velit sapiente officia. Voluptatem dolore quisquam consequuntur dignissimos aliquam inventore quos ea.', '1970-01-01 00:05:33', NULL);
INSERT INTO `messages` (`id`, `from_user_id`, `to_user_id`, `body`, `created_at`, `media`) VALUES ('57', '164', '127', 'Aut odit hic dicta quis aut commodi. Sed incidunt praesentium aut eveniet. Illo dicta in neque ut soluta magnam. Rem officia illo velit minima.', '2008-12-17 20:36:18', NULL);
INSERT INTO `messages` (`id`, `from_user_id`, `to_user_id`, `body`, `created_at`, `media`) VALUES ('58', '106', '108', 'Iusto odit aut accusamus dolorem dolorum. Molestias vel nisi voluptatem quis quo. Asperiores sapiente incidunt aut quam.', '1984-12-22 12:00:34', NULL);
INSERT INTO `messages` (`id`, `from_user_id`, `to_user_id`, `body`, `created_at`, `media`) VALUES ('59', '146', '170', 'Nisi perspiciatis perferendis vitae ipsam. Possimus distinctio vel quibusdam itaque aperiam sit. In optio dolores dolorem dolorum mollitia et recusandae.', '1979-10-08 17:57:38', NULL);
INSERT INTO `messages` (`id`, `from_user_id`, `to_user_id`, `body`, `created_at`, `media`) VALUES ('60', '144', '106', 'Incidunt veritatis voluptate doloremque repellendus qui. Tenetur officiis recusandae illo iste autem. Totam temporibus tempore tenetur ut.', '1971-03-05 02:13:57', NULL);
INSERT INTO `messages` (`id`, `from_user_id`, `to_user_id`, `body`, `created_at`, `media`) VALUES ('61', '140', '156', 'Commodi est provident similique velit voluptates deserunt inventore laudantium. Porro repudiandae laudantium voluptatem voluptates. In excepturi qui reiciendis quibusdam officia aut nihil. Cupiditate nisi eum consequatur tenetur ab porro nulla modi. Iste commodi ut libero eaque omnis assumenda.', '1998-07-24 12:09:19', NULL);
INSERT INTO `messages` (`id`, `from_user_id`, `to_user_id`, `body`, `created_at`, `media`) VALUES ('62', '107', '118', 'Occaecati vitae magnam et. Error ullam sed consequuntur ab ut voluptatem ut atque. Ipsa ab consectetur provident officia. Iusto reprehenderit et amet et.', '2019-12-11 09:35:56', NULL);
INSERT INTO `messages` (`id`, `from_user_id`, `to_user_id`, `body`, `created_at`, `media`) VALUES ('63', '134', '114', 'Quia qui quos qui eum. Ipsum corrupti quidem mollitia tenetur. Pariatur dolores ullam eligendi nulla ut esse aliquid. Iusto quibusdam non vel ipsum.', '1990-07-09 14:31:27', NULL);
INSERT INTO `messages` (`id`, `from_user_id`, `to_user_id`, `body`, `created_at`, `media`) VALUES ('64', '170', '147', 'Corrupti odio vel esse nam qui est aut. Dolore quas in error. Consequatur aut recusandae ut in doloribus aut praesentium.', '1975-01-07 06:30:47', NULL);
INSERT INTO `messages` (`id`, `from_user_id`, `to_user_id`, `body`, `created_at`, `media`) VALUES ('65', '173', '134', 'Dignissimos est dolores aut fugit. Voluptatem molestiae et animi qui. Consequatur at sed beatae ut sit voluptates.', '2013-10-18 08:18:33', NULL);
INSERT INTO `messages` (`id`, `from_user_id`, `to_user_id`, `body`, `created_at`, `media`) VALUES ('66', '187', '160', 'Id ratione quia et eum magni et. Ratione quis similique eum repellendus qui quo consequatur. Sit error temporibus quasi est reprehenderit est.', '2015-04-13 02:11:36', NULL);
INSERT INTO `messages` (`id`, `from_user_id`, `to_user_id`, `body`, `created_at`, `media`) VALUES ('67', '148', '146', 'Assumenda ut quos impedit reiciendis ut consequuntur ut numquam. Et molestiae sed dolores reiciendis dolore. Non sint culpa odio dolor. Voluptatem error aliquid aut repudiandae nihil corporis.', '1993-02-26 08:43:35', NULL);
INSERT INTO `messages` (`id`, `from_user_id`, `to_user_id`, `body`, `created_at`, `media`) VALUES ('68', '113', '134', 'Soluta aliquid dolore animi totam fugit. Distinctio fuga earum occaecati nobis totam. Voluptatibus quis fugit et.', '1988-03-13 18:07:41', NULL);
INSERT INTO `messages` (`id`, `from_user_id`, `to_user_id`, `body`, `created_at`, `media`) VALUES ('69', '166', '108', 'Fugiat similique qui eos molestias vitae voluptate. Praesentium mollitia quidem molestiae ea. Sint aut earum qui ipsam.', '2011-11-09 22:22:13', NULL);
INSERT INTO `messages` (`id`, `from_user_id`, `to_user_id`, `body`, `created_at`, `media`) VALUES ('70', '136', '131', 'Eos voluptatem vitae autem architecto molestiae. Et nulla saepe ratione distinctio. Laudantium numquam aut quidem sit vitae et. Aut repellendus corporis aut sequi ipsa illum.', '2019-06-16 14:19:46', NULL);
INSERT INTO `messages` (`id`, `from_user_id`, `to_user_id`, `body`, `created_at`, `media`) VALUES ('71', '106', '106', 'Minima aut non est. Omnis deleniti debitis rerum voluptatem est qui. Quas dolores quia doloribus officiis autem eius earum.', '2019-07-04 15:46:09', NULL);
INSERT INTO `messages` (`id`, `from_user_id`, `to_user_id`, `body`, `created_at`, `media`) VALUES ('72', '131', '171', 'Facere voluptatibus aut necessitatibus exercitationem inventore praesentium. Voluptas culpa quo veritatis accusantium et esse. Et laudantium molestiae libero. Cupiditate aut cumque omnis a laborum iusto ea. Totam fugit sint ipsam et officia distinctio.', '1973-08-17 18:46:48', NULL);
INSERT INTO `messages` (`id`, `from_user_id`, `to_user_id`, `body`, `created_at`, `media`) VALUES ('73', '131', '135', 'Facere autem et enim et neque. Optio alias repellat dolor incidunt asperiores dolor. Laborum nihil tempora quisquam maxime. Unde voluptas eum officiis voluptatibus aut est.', '1978-06-24 06:13:22', NULL);
INSERT INTO `messages` (`id`, `from_user_id`, `to_user_id`, `body`, `created_at`, `media`) VALUES ('74', '183', '180', 'Aut nihil enim non incidunt ex. Sit earum ea cupiditate nesciunt aliquam delectus. Labore ut est nam officiis. Nostrum cumque nihil quia necessitatibus ut quod libero.', '1988-01-15 20:27:31', NULL);
INSERT INTO `messages` (`id`, `from_user_id`, `to_user_id`, `body`, `created_at`, `media`) VALUES ('75', '118', '137', 'Voluptatem dolores aut ullam aut voluptatem eligendi. Ut doloribus ipsam mollitia quasi aut eius eius. Rem molestiae aspernatur doloribus vel neque illo. Aut omnis delectus tempora maiores praesentium quod aliquam. Repudiandae modi explicabo nihil molestias unde quia aut nam.', '1998-11-28 10:16:58', NULL);
INSERT INTO `messages` (`id`, `from_user_id`, `to_user_id`, `body`, `created_at`, `media`) VALUES ('76', '186', '153', 'Eligendi quis omnis sint atque. Eius non dignissimos ipsa qui dolorem et officiis laborum. Numquam dolores cupiditate ut in iste vel quidem.', '1995-08-07 15:23:36', NULL);
INSERT INTO `messages` (`id`, `from_user_id`, `to_user_id`, `body`, `created_at`, `media`) VALUES ('77', '107', '101', 'Quia culpa quam ab nobis. Vitae voluptate voluptatem voluptatem.', '1974-08-17 22:29:40', NULL);
INSERT INTO `messages` (`id`, `from_user_id`, `to_user_id`, `body`, `created_at`, `media`) VALUES ('78', '171', '138', 'Error eligendi est est debitis fuga quia. Accusamus voluptatem quidem ratione nam fugit vitae. Ut optio qui ut nihil aut sunt.', '2006-01-15 17:57:12', NULL);
INSERT INTO `messages` (`id`, `from_user_id`, `to_user_id`, `body`, `created_at`, `media`) VALUES ('79', '114', '152', 'Repellendus quis sapiente iste eius. Maiores laudantium est molestias voluptatibus quo occaecati. Aliquam dolorum sed illum. Odit aut veniam distinctio non quod.', '1998-02-20 09:06:32', NULL);
INSERT INTO `messages` (`id`, `from_user_id`, `to_user_id`, `body`, `created_at`, `media`) VALUES ('80', '193', '193', 'Eos cupiditate accusamus corporis voluptatum. Voluptatem quasi accusamus ducimus at minus. Corporis aut quis sunt. Illo vero recusandae quod ex tempore excepturi.', '1980-03-14 16:18:46', NULL);
INSERT INTO `messages` (`id`, `from_user_id`, `to_user_id`, `body`, `created_at`, `media`) VALUES ('81', '193', '186', 'Aut aliquam voluptas sapiente laboriosam. Omnis quis debitis ut minus cum quis quia. Nihil placeat inventore neque sit.', '2001-09-25 08:28:00', NULL);
INSERT INTO `messages` (`id`, `from_user_id`, `to_user_id`, `body`, `created_at`, `media`) VALUES ('82', '159', '147', 'Voluptas dolor maxime dolores saepe quisquam accusamus facere. Maiores sapiente dolorem delectus cumque est aliquid. Quasi nostrum eos consequuntur cum.', '1997-11-19 22:14:18', NULL);
INSERT INTO `messages` (`id`, `from_user_id`, `to_user_id`, `body`, `created_at`, `media`) VALUES ('83', '142', '169', 'Asperiores id dolorem quasi et. Sunt explicabo atque et ut sequi magnam. Rerum id enim culpa velit consequatur.', '1971-08-20 07:36:04', NULL);
INSERT INTO `messages` (`id`, `from_user_id`, `to_user_id`, `body`, `created_at`, `media`) VALUES ('84', '183', '124', 'Enim consectetur iusto non. Iste sunt aperiam maiores hic deserunt quae.', '1970-11-08 14:06:03', NULL);
INSERT INTO `messages` (`id`, `from_user_id`, `to_user_id`, `body`, `created_at`, `media`) VALUES ('85', '180', '130', 'Et libero suscipit reiciendis ex dolor blanditiis aut. Ratione nostrum velit nulla odit ut. Ducimus tempora quod consectetur.', '1987-05-02 00:26:19', NULL);
INSERT INTO `messages` (`id`, `from_user_id`, `to_user_id`, `body`, `created_at`, `media`) VALUES ('86', '149', '186', 'Consequatur voluptatem provident maiores consectetur autem quos. Fugiat aut ut sit ipsum qui et suscipit. Odio unde labore sequi quia modi.', '1974-09-03 13:26:24', NULL);
INSERT INTO `messages` (`id`, `from_user_id`, `to_user_id`, `body`, `created_at`, `media`) VALUES ('87', '134', '183', 'Id reprehenderit amet consequatur et et. Placeat quis quam inventore ipsum debitis et. Eum quis neque quis.', '1985-01-30 21:20:56', NULL);
INSERT INTO `messages` (`id`, `from_user_id`, `to_user_id`, `body`, `created_at`, `media`) VALUES ('88', '164', '160', 'Est unde rerum maxime quibusdam et dolore dolor. Non sapiente est sed amet eius quas ut. Neque nisi odio quis. Numquam sunt laborum vel cumque.', '2019-11-27 03:30:36', NULL);
INSERT INTO `messages` (`id`, `from_user_id`, `to_user_id`, `body`, `created_at`, `media`) VALUES ('89', '127', '158', 'Ea iusto voluptate sit sunt quia optio consequatur. Velit autem saepe ut ipsum suscipit. Aut cum optio fugiat ipsa. Voluptate soluta voluptatum harum amet nobis temporibus.', '1986-03-18 04:07:29', NULL);
INSERT INTO `messages` (`id`, `from_user_id`, `to_user_id`, `body`, `created_at`, `media`) VALUES ('90', '148', '142', 'Totam natus dolorum fugiat illo at et nisi. Illum voluptas dignissimos dolores perspiciatis repellat aut rem. Facilis sequi fugit eius eum recusandae distinctio sint.', '2019-01-10 23:05:04', NULL);
INSERT INTO `messages` (`id`, `from_user_id`, `to_user_id`, `body`, `created_at`, `media`) VALUES ('91', '107', '144', 'Minima blanditiis aut ullam perferendis voluptates autem nihil. Accusantium exercitationem ullam qui aut amet unde vero. Laudantium nobis impedit cum qui delectus necessitatibus.', '1999-11-14 06:58:58', NULL);
INSERT INTO `messages` (`id`, `from_user_id`, `to_user_id`, `body`, `created_at`, `media`) VALUES ('92', '113', '116', 'Vel alias hic omnis asperiores sed libero. Velit aliquid omnis unde aut natus delectus. Nihil dolore ut quo qui optio aut aliquid. Porro magni hic repellat quos et et. Et est at quia voluptate.', '1987-07-21 15:14:32', NULL);
INSERT INTO `messages` (`id`, `from_user_id`, `to_user_id`, `body`, `created_at`, `media`) VALUES ('93', '144', '186', 'Commodi minima laudantium et quis at est accusantium recusandae. Odit sit repellendus iusto aut impedit. Et vero esse iure aperiam porro in laborum. Fuga nobis non qui laudantium perspiciatis dignissimos.', '2017-07-02 13:29:53', NULL);
INSERT INTO `messages` (`id`, `from_user_id`, `to_user_id`, `body`, `created_at`, `media`) VALUES ('94', '149', '153', 'Aut quo nihil qui illo dolor vel aut. Eaque veniam accusamus doloremque distinctio. Repellendus iusto expedita asperiores quam neque aut impedit.', '2017-01-12 13:02:33', NULL);
INSERT INTO `messages` (`id`, `from_user_id`, `to_user_id`, `body`, `created_at`, `media`) VALUES ('95', '146', '147', 'Perspiciatis ut eum aspernatur voluptatibus esse id. Aut consectetur vitae id illum cum. Magnam explicabo iusto suscipit. Qui non eos velit cumque maxime. Facilis aut est et commodi officiis.', '2002-03-02 06:24:25', NULL);
INSERT INTO `messages` (`id`, `from_user_id`, `to_user_id`, `body`, `created_at`, `media`) VALUES ('96', '150', '145', 'Fugiat occaecati fugiat ut exercitationem. Non eaque temporibus aspernatur quaerat voluptatem alias. Quidem ab aut temporibus consectetur necessitatibus ea.', '2007-05-10 08:14:38', NULL);
INSERT INTO `messages` (`id`, `from_user_id`, `to_user_id`, `body`, `created_at`, `media`) VALUES ('97', '143', '127', 'Aspernatur maxime aut corrupti. Itaque est ipsa fugit earum. Laborum et facilis harum molestiae soluta officiis possimus ut. Dolores cupiditate perferendis dignissimos ea iusto similique.', '1989-06-17 07:20:48', NULL);
INSERT INTO `messages` (`id`, `from_user_id`, `to_user_id`, `body`, `created_at`, `media`) VALUES ('98', '106', '192', 'Quibusdam rem autem facilis ea recusandae. Sapiente ex vitae eligendi ut perferendis voluptas. Quia tempora eius omnis vel. Iure maxime sed est quo quia quam.', '1999-03-30 19:30:39', NULL);
INSERT INTO `messages` (`id`, `from_user_id`, `to_user_id`, `body`, `created_at`, `media`) VALUES ('99', '106', '193', 'Et voluptate cumque eos iusto quos rerum. Rerum et aliquid ut autem ut. Quia quibusdam aut et itaque ut.', '1974-02-20 11:12:43', NULL);
INSERT INTO `messages` (`id`, `from_user_id`, `to_user_id`, `body`, `created_at`, `media`) VALUES ('100', '121', '187', 'Accusantium ea id nihil suscipit facere ab neque. Consequatur ut blanditiis error illum dolorem. Perferendis error ea fuga qui laborum. Nisi dicta qui quidem aut odio est enim fugiat.', '2012-09-02 13:57:34', NULL);



/*
* mark
*/

INSERT INTO `mark` (`id`, `value`, `name`) VALUES ('1', 1, 'awful');
INSERT INTO `mark` (`id`, `value`, `name`) VALUES ('2', 2, 'bad');
INSERT INTO `mark` (`id`, `value`, `name`) VALUES ('3', 3, 'satisfactorily');
INSERT INTO `mark` (`id`, `value`, `name`) VALUES ('4', 4, 'good');
INSERT INTO `mark` (`id`, `value`, `name`) VALUES ('5', 5, 'excellent');

/*
 * deals
 */


INSERT INTO `deals` (`id`, `name`, `executor_id`, `customer_id`, `work_id`, `price`, `status`, `breaker`, `executor_rating`, `customer_rating`, `deal_rating`, `media`, `created_at`, `updated_at`) VALUES ('1', 'perferendis', '117', '134', '37', '536.00', 'completed', '193', '3', '5', '1', '23', '1979-01-25 14:58:33', '1987-11-21 15:37:33');
INSERT INTO `deals` (`id`, `name`, `executor_id`, `customer_id`, `work_id`, `price`, `status`, `breaker`, `executor_rating`, `customer_rating`, `deal_rating`, `media`, `created_at`, `updated_at`) VALUES ('2', 'reprehenderit', '113', '123', '12', '791.00', 'canceled', '108', '2', '3', '4', '25', '1980-01-15 08:55:42', '2004-12-06 02:37:22');
INSERT INTO `deals` (`id`, `name`, `executor_id`, `customer_id`, `work_id`, `price`, `status`, `breaker`, `executor_rating`, `customer_rating`, `deal_rating`, `media`, `created_at`, `updated_at`) VALUES ('3', 'nostrum', '108', '127', '38', '1516.00', 'awaiting payment', '144', '3', '2', '4', '32', '2004-10-07 07:56:54', '2012-04-01 01:47:27');
INSERT INTO `deals` (`id`, `name`, `executor_id`, `customer_id`, `work_id`, `price`, `status`, `breaker`, `executor_rating`, `customer_rating`, `deal_rating`, `media`, `created_at`, `updated_at`) VALUES ('4', 'adipisci', '113', '145', '9', '811.00', 'completed', '144', '3', '1', '5', '2', '2006-03-22 17:58:59', '1982-10-26 20:14:06');
INSERT INTO `deals` (`id`, `name`, `executor_id`, `customer_id`, `work_id`, `price`, `status`, `breaker`, `executor_rating`, `customer_rating`, `deal_rating`, `media`, `created_at`, `updated_at`) VALUES ('5', 'in', '107', '142', '37', '630.00', 'confirmed', '123', '1', '1', '1', '39', '2018-11-10 20:00:12', '2006-10-15 19:05:06');
INSERT INTO `deals` (`id`, `name`, `executor_id`, `customer_id`, `work_id`, `price`, `status`, `breaker`, `executor_rating`, `customer_rating`, `deal_rating`, `media`, `created_at`, `updated_at`) VALUES ('6', 'tempore', '117', '136', '50', '1420.00', 'canceled', '160', '1', '3', '5', '3', '2010-05-03 03:29:37', '1973-06-26 18:27:36');
INSERT INTO `deals` (`id`, `name`, `executor_id`, `customer_id`, `work_id`, `price`, `status`, `breaker`, `executor_rating`, `customer_rating`, `deal_rating`, `media`, `created_at`, `updated_at`) VALUES ('7', 'reprehenderit', '113', '145', '25', '1583.00', 'started', '135', '2', '2', '4', '30', '2005-11-21 17:20:49', '1988-11-18 20:49:47');
INSERT INTO `deals` (`id`, `name`, `executor_id`, `customer_id`, `work_id`, `price`, `status`, `breaker`, `executor_rating`, `customer_rating`, `deal_rating`, `media`, `created_at`, `updated_at`) VALUES ('8', 'aut', '117', '102', '43', '1053.00', 'completed', '117', '2', '5', '1', '7', '2011-02-13 23:54:39', '2014-10-30 22:28:56');
INSERT INTO `deals` (`id`, `name`, `executor_id`, `customer_id`, `work_id`, `price`, `status`, `breaker`, `executor_rating`, `customer_rating`, `deal_rating`, `media`, `created_at`, `updated_at`) VALUES ('9', 'iure', '106', '148', '23', '1264.00', 'completed', '108', '2', '3', '5', '9', '2013-07-06 08:36:32', '1995-04-29 00:19:00');
INSERT INTO `deals` (`id`, `name`, `executor_id`, `customer_id`, `work_id`, `price`, `status`, `breaker`, `executor_rating`, `customer_rating`, `deal_rating`, `media`, `created_at`, `updated_at`) VALUES ('10', 'et', '101', '158', '39', '1098.00', 'awaiting payment', '125', '3', '1', '5', '15', '1978-07-01 17:08:27', '1981-07-18 22:55:11');
INSERT INTO `deals` (`id`, `name`, `executor_id`, `customer_id`, `work_id`, `price`, `status`, `breaker`, `executor_rating`, `customer_rating`, `deal_rating`, `media`, `created_at`, `updated_at`) VALUES ('11', 'reprehenderit', '114', '148', '42', '1906.00', 'completed', '146', '3', '1', '2', '46', '1978-02-12 05:52:09', '1985-05-28 22:32:46');
INSERT INTO `deals` (`id`, `name`, `executor_id`, `customer_id`, `work_id`, `price`, `status`, `breaker`, `executor_rating`, `customer_rating`, `deal_rating`, `media`, `created_at`, `updated_at`) VALUES ('12', 'quidem', '108', '137', '20', '1161.00', 'confirmed', '149', '4', '5', '5', '10', '1971-07-25 03:56:35', '1972-05-19 01:25:38');
INSERT INTO `deals` (`id`, `name`, `executor_id`, `customer_id`, `work_id`, `price`, `status`, `breaker`, `executor_rating`, `customer_rating`, `deal_rating`, `media`, `created_at`, `updated_at`) VALUES ('13', 'architecto', '107', '121', '40', '1605.00', 'closed', '183', '5', '3', '4', '30', '2013-05-02 11:26:03', '1991-08-05 19:52:38');
INSERT INTO `deals` (`id`, `name`, `executor_id`, `customer_id`, `work_id`, `price`, `status`, `breaker`, `executor_rating`, `customer_rating`, `deal_rating`, `media`, `created_at`, `updated_at`) VALUES ('14', 'dolor', '106', '162', '32', '1048.00', 'created', '123', '3', '1', '3', '50', '1978-03-26 16:25:19', '1973-05-15 23:46:01');
INSERT INTO `deals` (`id`, `name`, `executor_id`, `customer_id`, `work_id`, `price`, `status`, `breaker`, `executor_rating`, `customer_rating`, `deal_rating`, `media`, `created_at`, `updated_at`) VALUES ('15', 'et', '114', '143', '34', '782.00', 'completed', '122', '5', '4', '3', '33', '1988-07-24 21:34:01', '1989-03-05 18:34:40');
INSERT INTO `deals` (`id`, `name`, `executor_id`, `customer_id`, `work_id`, `price`, `status`, `breaker`, `executor_rating`, `customer_rating`, `deal_rating`, `media`, `created_at`, `updated_at`) VALUES ('16', 'eligendi', '116', '125', '23', '719.00', 'confirmed', '152', '5', '2', '2', '29', '1995-11-05 10:18:05', '1976-11-18 18:43:52');
INSERT INTO `deals` (`id`, `name`, `executor_id`, `customer_id`, `work_id`, `price`, `status`, `breaker`, `executor_rating`, `customer_rating`, `deal_rating`, `media`, `created_at`, `updated_at`) VALUES ('17', 'ut', '114', '132', '13', '1257.00', 'confirmed', '148', '4', '3', '3', '47', '1999-05-08 19:12:17', '1978-10-23 17:51:50');
INSERT INTO `deals` (`id`, `name`, `executor_id`, `customer_id`, `work_id`, `price`, `status`, `breaker`, `executor_rating`, `customer_rating`, `deal_rating`, `media`, `created_at`, `updated_at`) VALUES ('18', 'impedit', '102', '114', '22', '1494.00', 'completed', '146', '5', '3', '5', '38', '2011-11-02 10:22:29', '1995-11-01 08:11:49');
INSERT INTO `deals` (`id`, `name`, `executor_id`, `customer_id`, `work_id`, `price`, `status`, `breaker`, `executor_rating`, `customer_rating`, `deal_rating`, `media`, `created_at`, `updated_at`) VALUES ('19', 'voluptatem', '113', '192', '49', '1224.00', 'completed', '136', '4', '1', '3', '45', '2009-10-10 13:45:09', '2018-02-26 14:26:05');
INSERT INTO `deals` (`id`, `name`, `executor_id`, `customer_id`, `work_id`, `price`, `status`, `breaker`, `executor_rating`, `customer_rating`, `deal_rating`, `media`, `created_at`, `updated_at`) VALUES ('20', 'rerum', '108', '156', '36', '1073.00', 'started', '122', '2', '2', '5', '50', '2019-05-03 01:29:05', '2020-01-13 19:36:04');
INSERT INTO `deals` (`id`, `name`, `executor_id`, `customer_id`, `work_id`, `price`, `status`, `breaker`, `executor_rating`, `customer_rating`, `deal_rating`, `media`, `created_at`, `updated_at`) VALUES ('21', 'perferendis', '114', '187', '29', '1221.00', 'created', '135', '1', '2', '3', '10', '1991-01-22 18:54:08', '2000-12-21 15:10:22');
INSERT INTO `deals` (`id`, `name`, `executor_id`, `customer_id`, `work_id`, `price`, `status`, `breaker`, `executor_rating`, `customer_rating`, `deal_rating`, `media`, `created_at`, `updated_at`) VALUES ('22', 'non', '105', '121', '25', '1593.00', 'canceled', '158', '2', '1', '2', '43', '2001-08-13 07:44:15', '1993-06-23 15:00:38');
INSERT INTO `deals` (`id`, `name`, `executor_id`, `customer_id`, `work_id`, `price`, `status`, `breaker`, `executor_rating`, `customer_rating`, `deal_rating`, `media`, `created_at`, `updated_at`) VALUES ('23', 'quia', '101', '132', '13', '1058.00', 'started', '130', '2', '5', '4', '49', '1997-12-03 10:15:19', '2007-07-22 21:12:39');
INSERT INTO `deals` (`id`, `name`, `executor_id`, `customer_id`, `work_id`, `price`, `status`, `breaker`, `executor_rating`, `customer_rating`, `deal_rating`, `media`, `created_at`, `updated_at`) VALUES ('24', 'maxime', '102', '136', '7', '1213.00', 'started', '152', '5', '5', '1', '1', '2002-07-07 10:17:34', '2015-08-02 17:03:14');
INSERT INTO `deals` (`id`, `name`, `executor_id`, `customer_id`, `work_id`, `price`, `status`, `breaker`, `executor_rating`, `customer_rating`, `deal_rating`, `media`, `created_at`, `updated_at`) VALUES ('25', 'neque', '116', '121', '49', '1313.00', 'created', '173', '3', '5', '5', '32', '1979-11-12 06:49:43', '1974-07-01 23:56:54');
INSERT INTO `deals` (`id`, `name`, `executor_id`, `customer_id`, `work_id`, `price`, `status`, `breaker`, `executor_rating`, `customer_rating`, `deal_rating`, `media`, `created_at`, `updated_at`) VALUES ('26', 'laudantium', '116', '132', '20', '1175.00', 'awaiting payment', '148', '2', '2', '5', '31', '1982-07-03 21:59:31', '1983-07-17 12:49:22');
INSERT INTO `deals` (`id`, `name`, `executor_id`, `customer_id`, `work_id`, `price`, `status`, `breaker`, `executor_rating`, `customer_rating`, `deal_rating`, `media`, `created_at`, `updated_at`) VALUES ('27', 'et', '106', '124', '30', '1062.00', 'closed', '192', '2', '2', '5', '34', '1999-02-08 09:54:20', '1986-06-02 07:26:18');
INSERT INTO `deals` (`id`, `name`, `executor_id`, `customer_id`, `work_id`, `price`, `status`, `breaker`, `executor_rating`, `customer_rating`, `deal_rating`, `media`, `created_at`, `updated_at`) VALUES ('28', 'natus', '114', '117', '45', '1984.00', 'closed', '125', '1', '1', '3', '43', '1970-03-12 16:43:02', '2008-08-27 09:50:03');
INSERT INTO `deals` (`id`, `name`, `executor_id`, `customer_id`, `work_id`, `price`, `status`, `breaker`, `executor_rating`, `customer_rating`, `deal_rating`, `media`, `created_at`, `updated_at`) VALUES ('29', 'excepturi', '114', '125', '13', '1361.00', 'confirmed', '197', '5', '5', '5', '32', '1973-02-13 19:41:25', '2016-01-11 19:01:17');
INSERT INTO `deals` (`id`, `name`, `executor_id`, `customer_id`, `work_id`, `price`, `status`, `breaker`, `executor_rating`, `customer_rating`, `deal_rating`, `media`, `created_at`, `updated_at`) VALUES ('30', 'eligendi', '105', '117', '5', '1255.00', 'started', '132', '4', '3', '1', '41', '2004-02-11 19:20:04', '1998-10-22 06:05:37');
INSERT INTO `deals` (`id`, `name`, `executor_id`, `customer_id`, `work_id`, `price`, `status`, `breaker`, `executor_rating`, `customer_rating`, `deal_rating`, `media`, `created_at`, `updated_at`) VALUES ('31', 'laboriosam', '101', '118', '2', '1019.00', 'closed', '106', '2', '2', '3', '3', '2016-05-23 11:34:11', '1991-01-11 05:07:07');
INSERT INTO `deals` (`id`, `name`, `executor_id`, `customer_id`, `work_id`, `price`, `status`, `breaker`, `executor_rating`, `customer_rating`, `deal_rating`, `media`, `created_at`, `updated_at`) VALUES ('32', 'molestias', '113', '179', '24', '1385.00', 'canceled', '105', '4', '4', '4', '25', '2015-09-01 11:12:48', '2020-04-10 16:58:15');
INSERT INTO `deals` (`id`, `name`, `executor_id`, `customer_id`, `work_id`, `price`, `status`, `breaker`, `executor_rating`, `customer_rating`, `deal_rating`, `media`, `created_at`, `updated_at`) VALUES ('33', 'natus', '101', '134', '40', '1383.00', 'completed', '158', '1', '4', '1', '20', '1970-12-12 03:41:22', '1985-12-31 17:48:38');
INSERT INTO `deals` (`id`, `name`, `executor_id`, `customer_id`, `work_id`, `price`, `status`, `breaker`, `executor_rating`, `customer_rating`, `deal_rating`, `media`, `created_at`, `updated_at`) VALUES ('34', 'est', '107', '134', '29', '1070.00', 'created', '132', '1', '3', '5', '35', '1978-05-21 04:20:24', '2014-04-08 22:57:06');
INSERT INTO `deals` (`id`, `name`, `executor_id`, `customer_id`, `work_id`, `price`, `status`, `breaker`, `executor_rating`, `customer_rating`, `deal_rating`, `media`, `created_at`, `updated_at`) VALUES ('35', 'neque', '107', '107', '50', '1081.00', 'completed', '159', '5', '5', '5', '5', '1997-03-21 14:43:08', '1994-01-27 15:46:55');
INSERT INTO `deals` (`id`, `name`, `executor_id`, `customer_id`, `work_id`, `price`, `status`, `breaker`, `executor_rating`, `customer_rating`, `deal_rating`, `media`, `created_at`, `updated_at`) VALUES ('36', 'voluptas', '113', '179', '14', '1597.00', 'completed', '160', '2', '3', '2', '14', '1975-02-18 10:59:47', '2016-05-22 07:09:30');
INSERT INTO `deals` (`id`, `name`, `executor_id`, `customer_id`, `work_id`, `price`, `status`, `breaker`, `executor_rating`, `customer_rating`, `deal_rating`, `media`, `created_at`, `updated_at`) VALUES ('37', 'qui', '101', '158', '24', '604.00', 'created', '113', '1', '3', '3', '43', '2019-04-06 12:05:35', '2001-12-03 22:45:12');
INSERT INTO `deals` (`id`, `name`, `executor_id`, `customer_id`, `work_id`, `price`, `status`, `breaker`, `executor_rating`, `customer_rating`, `deal_rating`, `media`, `created_at`, `updated_at`) VALUES ('38', 'perspiciatis', '108', '153', '39', '1238.00', 'completed', '197', '1', '5', '4', '40', '1975-04-03 17:01:08', '2001-05-25 17:16:08');
INSERT INTO `deals` (`id`, `name`, `executor_id`, `customer_id`, `work_id`, `price`, `status`, `breaker`, `executor_rating`, `customer_rating`, `deal_rating`, `media`, `created_at`, `updated_at`) VALUES ('39', 'id', '105', '106', '12', '1393.00', 'created', '105', '5', '2', '3', '37', '2002-08-20 11:32:49', '1998-01-27 00:09:44');
INSERT INTO `deals` (`id`, `name`, `executor_id`, `customer_id`, `work_id`, `price`, `status`, `breaker`, `executor_rating`, `customer_rating`, `deal_rating`, `media`, `created_at`, `updated_at`) VALUES ('40', 'et', '113', '138', '8', '1484.00', 'confirmed', '121', '5', '5', '3', '44', '1981-12-22 13:01:59', '1998-09-06 19:28:23');
INSERT INTO `deals` (`id`, `name`, `executor_id`, `customer_id`, `work_id`, `price`, `status`, `breaker`, `executor_rating`, `customer_rating`, `deal_rating`, `media`, `created_at`, `updated_at`) VALUES ('41', 'vero', '116', '146', '48', '1660.00', 'started', '173', '2', '4', '4', '17', '2007-07-23 07:56:48', '2019-02-18 17:11:49');
INSERT INTO `deals` (`id`, `name`, `executor_id`, `customer_id`, `work_id`, `price`, `status`, `breaker`, `executor_rating`, `customer_rating`, `deal_rating`, `media`, `created_at`, `updated_at`) VALUES ('42', 'quam', '101', '136', '13', '1664.00', 'confirmed', '130', '4', '5', '4', '9', '1978-01-26 12:50:21', '1992-11-24 13:01:41');
INSERT INTO `deals` (`id`, `name`, `executor_id`, `customer_id`, `work_id`, `price`, `status`, `breaker`, `executor_rating`, `customer_rating`, `deal_rating`, `media`, `created_at`, `updated_at`) VALUES ('43', 'esse', '108', '131', '49', '1601.00', 'canceled', '193', '5', '2', '5', '25', '2000-06-03 22:10:49', '2001-08-10 00:08:43');
INSERT INTO `deals` (`id`, `name`, `executor_id`, `customer_id`, `work_id`, `price`, `status`, `breaker`, `executor_rating`, `customer_rating`, `deal_rating`, `media`, `created_at`, `updated_at`) VALUES ('44', 'voluptatem', '116', '138', '13', '1846.00', 'created', '150', '2', '2', '4', '25', '1987-07-21 03:25:53', '1995-12-17 09:03:02');
INSERT INTO `deals` (`id`, `name`, `executor_id`, `customer_id`, `work_id`, `price`, `status`, `breaker`, `executor_rating`, `customer_rating`, `deal_rating`, `media`, `created_at`, `updated_at`) VALUES ('45', 'fugit', '101', '169', '29', '1100.00', 'started', '127', '1', '3', '2', '47', '2002-12-22 01:51:27', '2001-01-20 18:19:39');
INSERT INTO `deals` (`id`, `name`, `executor_id`, `customer_id`, `work_id`, `price`, `status`, `breaker`, `executor_rating`, `customer_rating`, `deal_rating`, `media`, `created_at`, `updated_at`) VALUES ('46', 'non', '105', '171', '22', '559.00', 'created', '142', '5', '2', '4', '5', '2010-06-20 23:09:08', '1992-08-04 11:07:43');
INSERT INTO `deals` (`id`, `name`, `executor_id`, `customer_id`, `work_id`, `price`, `status`, `breaker`, `executor_rating`, `customer_rating`, `deal_rating`, `media`, `created_at`, `updated_at`) VALUES ('47', 'minima', '105', '125', '37', '1422.00', 'completed', '124', '2', '2', '3', '8', '1982-05-17 09:12:28', '1973-02-01 19:54:07');
INSERT INTO `deals` (`id`, `name`, `executor_id`, `customer_id`, `work_id`, `price`, `status`, `breaker`, `executor_rating`, `customer_rating`, `deal_rating`, `media`, `created_at`, `updated_at`) VALUES ('48', 'rerum', '101', '124', '31', '1767.00', 'started', '128', '2', '2', '5', '30', '2011-03-05 11:59:32', '2002-01-06 19:57:47');
INSERT INTO `deals` (`id`, `name`, `executor_id`, `customer_id`, `work_id`, `price`, `status`, `breaker`, `executor_rating`, `customer_rating`, `deal_rating`, `media`, `created_at`, `updated_at`) VALUES ('49', 'corrupti', '114', '158', '50', '1252.00', 'confirmed', '164', '2', '4', '1', '39', '2011-04-07 18:33:13', '2014-01-06 02:29:32');
INSERT INTO `deals` (`id`, `name`, `executor_id`, `customer_id`, `work_id`, `price`, `status`, `breaker`, `executor_rating`, `customer_rating`, `deal_rating`, `media`, `created_at`, `updated_at`) VALUES ('50', 'nostrum', '107', '144', '14', '1273.00', 'closed', '164', '1', '3', '5', '10', '1990-12-27 15:34:57', '2005-10-31 18:17:48');
INSERT INTO `deals` (`id`, `name`, `executor_id`, `customer_id`, `work_id`, `price`, `status`, `breaker`, `executor_rating`, `customer_rating`, `deal_rating`, `media`, `created_at`, `updated_at`) VALUES ('51', 'maiores', '114', '158', '4', '889.00', 'awaiting payment', '131', '3', '5', '5', '4', '2001-11-05 06:37:10', '2006-06-13 10:02:36');
INSERT INTO `deals` (`id`, `name`, `executor_id`, `customer_id`, `work_id`, `price`, `status`, `breaker`, `executor_rating`, `customer_rating`, `deal_rating`, `media`, `created_at`, `updated_at`) VALUES ('52', 'necessitatibus', '117', '146', '48', '1539.00', 'started', '137', '1', '1', '2', '5', '1989-02-10 08:38:05', '2008-12-18 09:27:14');
INSERT INTO `deals` (`id`, `name`, `executor_id`, `customer_id`, `work_id`, `price`, `status`, `breaker`, `executor_rating`, `customer_rating`, `deal_rating`, `media`, `created_at`, `updated_at`) VALUES ('53', 'quis', '101', '149', '20', '602.00', 'completed', '166', '1', '2', '1', '48', '1984-03-29 10:04:07', '1989-12-10 12:38:45');
INSERT INTO `deals` (`id`, `name`, `executor_id`, `customer_id`, `work_id`, `price`, `status`, `breaker`, `executor_rating`, `customer_rating`, `deal_rating`, `media`, `created_at`, `updated_at`) VALUES ('54', 'sint', '108', '160', '12', '1498.00', 'confirmed', '116', '2', '1', '4', '6', '2019-03-28 15:34:53', '1982-12-16 06:41:15');
INSERT INTO `deals` (`id`, `name`, `executor_id`, `customer_id`, `work_id`, `price`, `status`, `breaker`, `executor_rating`, `customer_rating`, `deal_rating`, `media`, `created_at`, `updated_at`) VALUES ('55', 'dolorum', '116', '180', '46', '1868.00', 'canceled', '171', '1', '1', '1', '35', '1991-05-03 11:26:24', '2008-03-26 03:57:35');
INSERT INTO `deals` (`id`, `name`, `executor_id`, `customer_id`, `work_id`, `price`, `status`, `breaker`, `executor_rating`, `customer_rating`, `deal_rating`, `media`, `created_at`, `updated_at`) VALUES ('56', 'illo', '113', '125', '14', '1818.00', 'confirmed', '187', '4', '1', '2', '3', '1982-02-20 01:09:32', '2013-09-17 22:55:59');
INSERT INTO `deals` (`id`, `name`, `executor_id`, `customer_id`, `work_id`, `price`, `status`, `breaker`, `executor_rating`, `customer_rating`, `deal_rating`, `media`, `created_at`, `updated_at`) VALUES ('57', 'dolores', '107', '150', '43', '1003.00', 'confirmed', '145', '4', '3', '5', '3', '1988-02-03 09:58:08', '1994-07-18 21:08:53');
INSERT INTO `deals` (`id`, `name`, `executor_id`, `customer_id`, `work_id`, `price`, `status`, `breaker`, `executor_rating`, `customer_rating`, `deal_rating`, `media`, `created_at`, `updated_at`) VALUES ('58', 'voluptatem', '117', '138', '34', '1153.00', 'closed', '180', '4', '3', '4', '46', '2011-12-19 15:52:16', '2004-10-25 10:18:40');
INSERT INTO `deals` (`id`, `name`, `executor_id`, `customer_id`, `work_id`, `price`, `status`, `breaker`, `executor_rating`, `customer_rating`, `deal_rating`, `media`, `created_at`, `updated_at`) VALUES ('59', 'ut', '114', '180', '31', '1927.00', 'closed', '117', '1', '4', '3', '35', '2010-05-19 17:25:53', '1971-07-28 19:24:39');
INSERT INTO `deals` (`id`, `name`, `executor_id`, `customer_id`, `work_id`, `price`, `status`, `breaker`, `executor_rating`, `customer_rating`, `deal_rating`, `media`, `created_at`, `updated_at`) VALUES ('60', 'dolores', '108', '149', '27', '1039.00', 'canceled', '169', '3', '5', '1', '43', '2016-08-20 20:07:30', '2012-01-19 16:42:44');
INSERT INTO `deals` (`id`, `name`, `executor_id`, `customer_id`, `work_id`, `price`, `status`, `breaker`, `executor_rating`, `customer_rating`, `deal_rating`, `media`, `created_at`, `updated_at`) VALUES ('61', 'velit', '113', '145', '39', '669.00', 'started', '146', '4', '5', '4', '22', '2000-09-18 04:06:34', '2003-03-08 04:09:27');
INSERT INTO `deals` (`id`, `name`, `executor_id`, `customer_id`, `work_id`, `price`, `status`, `breaker`, `executor_rating`, `customer_rating`, `deal_rating`, `media`, `created_at`, `updated_at`) VALUES ('62', 'pariatur', '107', '118', '37', '1426.00', 'closed', '162', '5', '2', '1', '8', '1983-05-01 05:57:31', '2018-10-02 05:35:54');
INSERT INTO `deals` (`id`, `name`, `executor_id`, `customer_id`, `work_id`, `price`, `status`, `breaker`, `executor_rating`, `customer_rating`, `deal_rating`, `media`, `created_at`, `updated_at`) VALUES ('63', 'magnam', '114', '117', '44', '1389.00', 'started', '153', '4', '3', '2', '36', '2011-09-24 02:11:53', '2009-11-01 12:02:28');
INSERT INTO `deals` (`id`, `name`, `executor_id`, `customer_id`, `work_id`, `price`, `status`, `breaker`, `executor_rating`, `customer_rating`, `deal_rating`, `media`, `created_at`, `updated_at`) VALUES ('64', 'voluptates', '117', '142', '11', '894.00', 'closed', '149', '2', '2', '4', '22', '2007-05-11 19:50:52', '1989-03-22 18:04:22');
INSERT INTO `deals` (`id`, `name`, `executor_id`, `customer_id`, `work_id`, `price`, `status`, `breaker`, `executor_rating`, `customer_rating`, `deal_rating`, `media`, `created_at`, `updated_at`) VALUES ('65', 'at', '102', '130', '18', '1113.00', 'completed', '164', '3', '2', '3', '27', '2020-09-24 20:03:54', '1981-07-02 13:37:12');
INSERT INTO `deals` (`id`, `name`, `executor_id`, `customer_id`, `work_id`, `price`, `status`, `breaker`, `executor_rating`, `customer_rating`, `deal_rating`, `media`, `created_at`, `updated_at`) VALUES ('66', 'quo', '101', '125', '12', '1006.00', 'started', '148', '5', '1', '3', '5', '2015-09-22 19:42:14', '2012-03-11 10:53:35');
INSERT INTO `deals` (`id`, `name`, `executor_id`, `customer_id`, `work_id`, `price`, `status`, `breaker`, `executor_rating`, `customer_rating`, `deal_rating`, `media`, `created_at`, `updated_at`) VALUES ('67', 'eum', '101', '118', '35', '1400.00', 'completed', '173', '2', '2', '1', '38', '1970-03-21 12:14:12', '1984-08-11 17:34:16');
INSERT INTO `deals` (`id`, `name`, `executor_id`, `customer_id`, `work_id`, `price`, `status`, `breaker`, `executor_rating`, `customer_rating`, `deal_rating`, `media`, `created_at`, `updated_at`) VALUES ('68', 'aut', '102', '124', '48', '529.00', 'canceled', '179', '5', '2', '3', '1', '2006-02-06 08:23:21', '2004-11-24 14:00:52');
INSERT INTO `deals` (`id`, `name`, `executor_id`, `customer_id`, `work_id`, `price`, `status`, `breaker`, `executor_rating`, `customer_rating`, `deal_rating`, `media`, `created_at`, `updated_at`) VALUES ('69', 'eius', '102', '147', '10', '1442.00', 'canceled', '193', '4', '5', '1', '15', '1999-12-02 11:26:19', '1978-06-14 02:38:00');
INSERT INTO `deals` (`id`, `name`, `executor_id`, `customer_id`, `work_id`, `price`, `status`, `breaker`, `executor_rating`, `customer_rating`, `deal_rating`, `media`, `created_at`, `updated_at`) VALUES ('70', 'blanditiis', '116', '170', '43', '1919.00', 'canceled', '113', '2', '5', '2', '24', '2015-10-25 10:47:38', '2002-09-24 02:11:53');
INSERT INTO `deals` (`id`, `name`, `executor_id`, `customer_id`, `work_id`, `price`, `status`, `breaker`, `executor_rating`, `customer_rating`, `deal_rating`, `media`, `created_at`, `updated_at`) VALUES ('71', 'velit', '105', '121', '42', '1514.00', 'completed', '153', '2', '1', '4', '50', '1989-02-21 10:21:12', '2020-09-08 14:40:13');
INSERT INTO `deals` (`id`, `name`, `executor_id`, `customer_id`, `work_id`, `price`, `status`, `breaker`, `executor_rating`, `customer_rating`, `deal_rating`, `media`, `created_at`, `updated_at`) VALUES ('72', 'dolorem', '106', '149', '15', '569.00', 'confirmed', '149', '3', '2', '3', '14', '2020-10-14 05:50:49', '2019-11-06 23:35:28');
INSERT INTO `deals` (`id`, `name`, `executor_id`, `customer_id`, `work_id`, `price`, `status`, `breaker`, `executor_rating`, `customer_rating`, `deal_rating`, `media`, `created_at`, `updated_at`) VALUES ('73', 'dolores', '106', '147', '24', '1043.00', 'created', '108', '1', '1', '1', '25', '1986-12-24 01:02:49', '2007-08-07 19:24:28');
INSERT INTO `deals` (`id`, `name`, `executor_id`, `customer_id`, `work_id`, `price`, `status`, `breaker`, `executor_rating`, `customer_rating`, `deal_rating`, `media`, `created_at`, `updated_at`) VALUES ('74', 'illum', '105', '118', '39', '650.00', 'started', '118', '3', '2', '3', '4', '2006-10-06 02:30:23', '1975-07-06 19:21:51');
INSERT INTO `deals` (`id`, `name`, `executor_id`, `customer_id`, `work_id`, `price`, `status`, `breaker`, `executor_rating`, `customer_rating`, `deal_rating`, `media`, `created_at`, `updated_at`) VALUES ('75', 'non', '114', '124', '36', '1493.00', 'closed', '192', '3', '3', '1', '14', '1990-11-22 21:08:02', '2014-01-06 09:31:28');
INSERT INTO `deals` (`id`, `name`, `executor_id`, `customer_id`, `work_id`, `price`, `status`, `breaker`, `executor_rating`, `customer_rating`, `deal_rating`, `media`, `created_at`, `updated_at`) VALUES ('76', 'est', '101', '164', '8', '1938.00', 'created', '180', '4', '2', '4', '48', '2010-01-17 19:41:32', '1992-03-21 00:05:57');
INSERT INTO `deals` (`id`, `name`, `executor_id`, `customer_id`, `work_id`, `price`, `status`, `breaker`, `executor_rating`, `customer_rating`, `deal_rating`, `media`, `created_at`, `updated_at`) VALUES ('77', 'ut', '113', '114', '10', '853.00', 'started', '142', '3', '2', '4', '40', '1979-01-26 07:41:00', '2014-08-03 13:10:54');
INSERT INTO `deals` (`id`, `name`, `executor_id`, `customer_id`, `work_id`, `price`, `status`, `breaker`, `executor_rating`, `customer_rating`, `deal_rating`, `media`, `created_at`, `updated_at`) VALUES ('78', 'natus', '102', '162', '25', '1421.00', 'closed', '142', '5', '4', '2', '21', '1980-02-08 02:13:25', '1996-10-10 18:39:43');
INSERT INTO `deals` (`id`, `name`, `executor_id`, `customer_id`, `work_id`, `price`, `status`, `breaker`, `executor_rating`, `customer_rating`, `deal_rating`, `media`, `created_at`, `updated_at`) VALUES ('79', 'aut', '114', '164', '4', '1669.00', 'started', '123', '1', '4', '3', '48', '1981-09-29 12:31:32', '2008-11-08 01:30:20');
INSERT INTO `deals` (`id`, `name`, `executor_id`, `customer_id`, `work_id`, `price`, `status`, `breaker`, `executor_rating`, `customer_rating`, `deal_rating`, `media`, `created_at`, `updated_at`) VALUES ('80', 'nihil', '108', '135', '8', '1070.00', 'created', '131', '5', '2', '5', '32', '1985-09-23 16:53:13', '1979-03-13 15:12:05');
INSERT INTO `deals` (`id`, `name`, `executor_id`, `customer_id`, `work_id`, `price`, `status`, `breaker`, `executor_rating`, `customer_rating`, `deal_rating`, `media`, `created_at`, `updated_at`) VALUES ('81', 'eum', '105', '108', '46', '673.00', 'awaiting payment', '187', '2', '2', '4', '4', '1990-02-05 02:27:38', '1977-08-27 00:09:45');
INSERT INTO `deals` (`id`, `name`, `executor_id`, `customer_id`, `work_id`, `price`, `status`, `breaker`, `executor_rating`, `customer_rating`, `deal_rating`, `media`, `created_at`, `updated_at`) VALUES ('82', 'voluptas', '102', '186', '47', '1064.00', 'completed', '131', '4', '3', '4', '42', '1972-05-23 00:32:03', '1999-01-29 11:51:38');
INSERT INTO `deals` (`id`, `name`, `executor_id`, `customer_id`, `work_id`, `price`, `status`, `breaker`, `executor_rating`, `customer_rating`, `deal_rating`, `media`, `created_at`, `updated_at`) VALUES ('83', 'aspernatur', '116', '187', '49', '585.00', 'canceled', '107', '3', '4', '4', '22', '2006-12-12 08:56:08', '2015-09-08 01:50:51');
INSERT INTO `deals` (`id`, `name`, `executor_id`, `customer_id`, `work_id`, `price`, `status`, `breaker`, `executor_rating`, `customer_rating`, `deal_rating`, `media`, `created_at`, `updated_at`) VALUES ('84', 'eaque', '114', '122', '14', '982.00', 'created', '124', '2', '2', '1', '37', '1980-06-20 09:00:16', '2008-10-12 03:23:46');
INSERT INTO `deals` (`id`, `name`, `executor_id`, `customer_id`, `work_id`, `price`, `status`, `breaker`, `executor_rating`, `customer_rating`, `deal_rating`, `media`, `created_at`, `updated_at`) VALUES ('85', 'iusto', '113', '197', '30', '504.00', 'created', '164', '1', '3', '3', '11', '2004-07-21 01:38:42', '1990-05-13 12:08:47');
INSERT INTO `deals` (`id`, `name`, `executor_id`, `customer_id`, `work_id`, `price`, `status`, `breaker`, `executor_rating`, `customer_rating`, `deal_rating`, `media`, `created_at`, `updated_at`) VALUES ('86', 'nihil', '108', '125', '34', '1225.00', 'started', '159', '3', '1', '1', '32', '1974-08-09 18:30:29', '1987-04-09 14:02:45');
INSERT INTO `deals` (`id`, `name`, `executor_id`, `customer_id`, `work_id`, `price`, `status`, `breaker`, `executor_rating`, `customer_rating`, `deal_rating`, `media`, `created_at`, `updated_at`) VALUES ('87', 'modi', '105', '179', '37', '1200.00', 'completed', '121', '2', '3', '4', '43', '1976-05-18 14:51:02', '1985-05-12 08:11:41');
INSERT INTO `deals` (`id`, `name`, `executor_id`, `customer_id`, `work_id`, `price`, `status`, `breaker`, `executor_rating`, `customer_rating`, `deal_rating`, `media`, `created_at`, `updated_at`) VALUES ('88', 'odio', '116', '131', '41', '1796.00', 'closed', '162', '5', '2', '2', '36', '2001-01-06 13:40:04', '1990-02-05 13:37:33');
INSERT INTO `deals` (`id`, `name`, `executor_id`, `customer_id`, `work_id`, `price`, `status`, `breaker`, `executor_rating`, `customer_rating`, `deal_rating`, `media`, `created_at`, `updated_at`) VALUES ('89', 'consequuntur', '113', '145', '35', '761.00', 'started', '150', '2', '4', '4', '35', '1971-10-31 17:53:28', '2007-05-01 17:02:31');
INSERT INTO `deals` (`id`, `name`, `executor_id`, `customer_id`, `work_id`, `price`, `status`, `breaker`, `executor_rating`, `customer_rating`, `deal_rating`, `media`, `created_at`, `updated_at`) VALUES ('90', 'odit', '102', '130', '48', '1419.00', 'confirmed', '135', '2', '2', '5', '31', '2001-03-03 02:36:51', '1995-01-19 03:09:23');
INSERT INTO `deals` (`id`, `name`, `executor_id`, `customer_id`, `work_id`, `price`, `status`, `breaker`, `executor_rating`, `customer_rating`, `deal_rating`, `media`, `created_at`, `updated_at`) VALUES ('91', 'illo', '113', '106', '31', '1379.00', 'started', '124', '4', '4', '1', '41', '1984-05-09 09:19:44', '2017-03-17 13:26:15');
INSERT INTO `deals` (`id`, `name`, `executor_id`, `customer_id`, `work_id`, `price`, `status`, `breaker`, `executor_rating`, `customer_rating`, `deal_rating`, `media`, `created_at`, `updated_at`) VALUES ('92', 'quis', '116', '158', '6', '630.00', 'completed', '143', '3', '4', '2', '24', '2019-09-06 01:51:26', '2016-01-13 22:10:11');
INSERT INTO `deals` (`id`, `name`, `executor_id`, `customer_id`, `work_id`, `price`, `status`, `breaker`, `executor_rating`, `customer_rating`, `deal_rating`, `media`, `created_at`, `updated_at`) VALUES ('93', 'vel', '114', '156', '20', '686.00', 'closed', '142', '4', '5', '2', '49', '1990-08-04 19:21:19', '1981-03-10 22:28:53');
INSERT INTO `deals` (`id`, `name`, `executor_id`, `customer_id`, `work_id`, `price`, `status`, `breaker`, `executor_rating`, `customer_rating`, `deal_rating`, `media`, `created_at`, `updated_at`) VALUES ('94', 'iure', '105', '123', '18', '1508.00', 'completed', '106', '4', '1', '1', '1', '1995-09-03 20:44:32', '2003-04-22 05:40:36');
INSERT INTO `deals` (`id`, `name`, `executor_id`, `customer_id`, `work_id`, `price`, `status`, `breaker`, `executor_rating`, `customer_rating`, `deal_rating`, `media`, `created_at`, `updated_at`) VALUES ('95', 'sunt', '101', '149', '31', '882.00', 'awaiting payment', '164', '5', '4', '2', '15', '1973-11-03 02:13:56', '2003-08-23 09:42:07');
INSERT INTO `deals` (`id`, `name`, `executor_id`, `customer_id`, `work_id`, `price`, `status`, `breaker`, `executor_rating`, `customer_rating`, `deal_rating`, `media`, `created_at`, `updated_at`) VALUES ('96', 'totam', '105', '169', '34', '1945.00', 'completed', '124', '5', '1', '1', '13', '1970-12-25 13:44:12', '1996-02-22 07:04:21');
INSERT INTO `deals` (`id`, `name`, `executor_id`, `customer_id`, `work_id`, `price`, `status`, `breaker`, `executor_rating`, `customer_rating`, `deal_rating`, `media`, `created_at`, `updated_at`) VALUES ('97', 'explicabo', '105', '173', '16', '1803.00', 'canceled', '180', '1', '2', '3', '8', '2014-05-25 20:49:35', '1999-01-07 15:07:56');
INSERT INTO `deals` (`id`, `name`, `executor_id`, `customer_id`, `work_id`, `price`, `status`, `breaker`, `executor_rating`, `customer_rating`, `deal_rating`, `media`, `created_at`, `updated_at`) VALUES ('98', 'fugit', '102', '149', '48', '716.00', 'closed', '124', '5', '5', '3', '10', '1980-02-04 03:06:31', '1975-08-26 21:32:42');
INSERT INTO `deals` (`id`, `name`, `executor_id`, `customer_id`, `work_id`, `price`, `status`, `breaker`, `executor_rating`, `customer_rating`, `deal_rating`, `media`, `created_at`, `updated_at`) VALUES ('99', 'inventore', '107', '193', '48', '844.00', 'awaiting payment', '170', '5', '3', '2', '23', '2015-12-24 19:23:30', '1994-09-17 06:43:25');
INSERT INTO `deals` (`id`, `name`, `executor_id`, `customer_id`, `work_id`, `price`, `status`, `breaker`, `executor_rating`, `customer_rating`, `deal_rating`, `media`, `created_at`, `updated_at`) VALUES ('100', 'aspernatur', '117', '105', '37', '1127.00', 'confirmed', '128', '4', '3', '3', '5', '2007-07-23 06:56:02', '2007-01-25 13:16:08');
INSERT INTO `deals` (`id`, `name`, `executor_id`, `customer_id`, `work_id`, `price`, `status`, `breaker`, `executor_rating`, `customer_rating`, `deal_rating`, `media`, `created_at`, `updated_at`) VALUES ('101', 'sint', '114', '130', '40', '1991.00', 'canceled', '132', '4', '3', '2', '7', '1974-01-17 04:24:26', '1989-06-17 00:34:10');
INSERT INTO `deals` (`id`, `name`, `executor_id`, `customer_id`, `work_id`, `price`, `status`, `breaker`, `executor_rating`, `customer_rating`, `deal_rating`, `media`, `created_at`, `updated_at`) VALUES ('102', 'sit', '101', '147', '50', '529.00', 'confirmed', '164', '3', '2', '4', '45', '2001-07-19 05:22:41', '2015-12-02 07:09:00');
INSERT INTO `deals` (`id`, `name`, `executor_id`, `customer_id`, `work_id`, `price`, `status`, `breaker`, `executor_rating`, `customer_rating`, `deal_rating`, `media`, `created_at`, `updated_at`) VALUES ('103', 'id', '105', '102', '40', '986.00', 'confirmed', '148', '4', '3', '4', '46', '1990-10-16 04:37:03', '1993-02-05 14:39:28');
INSERT INTO `deals` (`id`, `name`, `executor_id`, `customer_id`, `work_id`, `price`, `status`, `breaker`, `executor_rating`, `customer_rating`, `deal_rating`, `media`, `created_at`, `updated_at`) VALUES ('104', 'ut', '117', '149', '31', '796.00', 'started', '181', '1', '3', '4', '47', '1981-05-24 07:17:24', '1973-12-01 14:09:32');
INSERT INTO `deals` (`id`, `name`, `executor_id`, `customer_id`, `work_id`, `price`, `status`, `breaker`, `executor_rating`, `customer_rating`, `deal_rating`, `media`, `created_at`, `updated_at`) VALUES ('105', 'qui', '114', '125', '46', '1874.00', 'confirmed', '163', '2', '5', '1', '6', '1970-11-17 09:55:51', '1988-12-25 01:26:15');
INSERT INTO `deals` (`id`, `name`, `executor_id`, `customer_id`, `work_id`, `price`, `status`, `breaker`, `executor_rating`, `customer_rating`, `deal_rating`, `media`, `created_at`, `updated_at`) VALUES ('106', 'eum', '106', '148', '8', '1311.00', 'completed', '113', '2', '5', '3', '49', '1981-12-06 05:10:34', '2009-06-08 01:16:42');
INSERT INTO `deals` (`id`, `name`, `executor_id`, `customer_id`, `work_id`, `price`, `status`, `breaker`, `executor_rating`, `customer_rating`, `deal_rating`, `media`, `created_at`, `updated_at`) VALUES ('107', 'a', '105', '163', '17', '1390.00', 'started', '105', '2', '2', '4', '10', '1992-04-13 22:50:12', '1981-07-31 13:32:36');
INSERT INTO `deals` (`id`, `name`, `executor_id`, `customer_id`, `work_id`, `price`, `status`, `breaker`, `executor_rating`, `customer_rating`, `deal_rating`, `media`, `created_at`, `updated_at`) VALUES ('108', 'id', '107', '113', '42', '1426.00', 'created', '140', '2', '5', '1', '44', '2010-05-18 15:33:28', '1987-03-21 07:34:02');
INSERT INTO `deals` (`id`, `name`, `executor_id`, `customer_id`, `work_id`, `price`, `status`, `breaker`, `executor_rating`, `customer_rating`, `deal_rating`, `media`, `created_at`, `updated_at`) VALUES ('109', 'tempora', '114', '150', '46', '1374.00', 'started', '145', '2', '2', '1', '14', '1994-04-17 11:42:03', '2020-02-27 20:45:15');
INSERT INTO `deals` (`id`, `name`, `executor_id`, `customer_id`, `work_id`, `price`, `status`, `breaker`, `executor_rating`, `customer_rating`, `deal_rating`, `media`, `created_at`, `updated_at`) VALUES ('110', 'vero', '116', '136', '49', '837.00', 'closed', '136', '1', '3', '1', '18', '1999-08-19 08:07:42', '2012-08-07 02:38:35');
INSERT INTO `deals` (`id`, `name`, `executor_id`, `customer_id`, `work_id`, `price`, `status`, `breaker`, `executor_rating`, `customer_rating`, `deal_rating`, `media`, `created_at`, `updated_at`) VALUES ('111', 'aspernatur', '116', '117', '34', '1080.00', 'closed', '171', '2', '4', '1', '47', '2016-02-03 14:24:38', '1988-10-19 19:28:42');
INSERT INTO `deals` (`id`, `name`, `executor_id`, `customer_id`, `work_id`, `price`, `status`, `breaker`, `executor_rating`, `customer_rating`, `deal_rating`, `media`, `created_at`, `updated_at`) VALUES ('112', 'laborum', '114', '117', '31', '1075.00', 'awaiting payment', '186', '1', '4', '2', '15', '2005-06-10 13:11:55', '2013-08-30 11:02:01');
INSERT INTO `deals` (`id`, `name`, `executor_id`, `customer_id`, `work_id`, `price`, `status`, `breaker`, `executor_rating`, `customer_rating`, `deal_rating`, `media`, `created_at`, `updated_at`) VALUES ('113', 'facilis', '108', '116', '8', '1370.00', 'completed', '183', '1', '4', '3', '11', '2019-11-23 03:47:19', '2013-11-26 13:08:57');
INSERT INTO `deals` (`id`, `name`, `executor_id`, `customer_id`, `work_id`, `price`, `status`, `breaker`, `executor_rating`, `customer_rating`, `deal_rating`, `media`, `created_at`, `updated_at`) VALUES ('114', 'ullam', '106', '130', '18', '678.00', 'created', '118', '4', '3', '3', '41', '1995-07-22 11:21:56', '1996-02-23 08:56:17');
INSERT INTO `deals` (`id`, `name`, `executor_id`, `customer_id`, `work_id`, `price`, `status`, `breaker`, `executor_rating`, `customer_rating`, `deal_rating`, `media`, `created_at`, `updated_at`) VALUES ('115', 'repellendus', '105', '171', '27', '1709.00', 'completed', '113', '2', '2', '2', '21', '2015-12-23 04:26:52', '1992-01-29 14:22:07');
INSERT INTO `deals` (`id`, `name`, `executor_id`, `customer_id`, `work_id`, `price`, `status`, `breaker`, `executor_rating`, `customer_rating`, `deal_rating`, `media`, `created_at`, `updated_at`) VALUES ('116', 'eligendi', '114', '179', '44', '1351.00', 'completed', '164', '2', '3', '5', '17', '2008-11-11 09:01:47', '1978-09-16 05:51:29');
INSERT INTO `deals` (`id`, `name`, `executor_id`, `customer_id`, `work_id`, `price`, `status`, `breaker`, `executor_rating`, `customer_rating`, `deal_rating`, `media`, `created_at`, `updated_at`) VALUES ('117', 'modi', '105', '147', '26', '1214.00', 'closed', '181', '4', '3', '5', '24', '2001-06-27 00:56:41', '1989-01-22 00:50:01');
INSERT INTO `deals` (`id`, `name`, `executor_id`, `customer_id`, `work_id`, `price`, `status`, `breaker`, `executor_rating`, `customer_rating`, `deal_rating`, `media`, `created_at`, `updated_at`) VALUES ('118', 'quas', '107', '147', '34', '699.00', 'closed', '105', '1', '2', '5', '30', '2017-04-17 01:09:31', '1999-09-17 17:49:29');
INSERT INTO `deals` (`id`, `name`, `executor_id`, `customer_id`, `work_id`, `price`, `status`, `breaker`, `executor_rating`, `customer_rating`, `deal_rating`, `media`, `created_at`, `updated_at`) VALUES ('119', 'voluptatem', '117', '146', '38', '1787.00', 'created', '108', '3', '5', '5', '27', '2017-09-01 02:46:10', '1996-06-02 20:02:40');
INSERT INTO `deals` (`id`, `name`, `executor_id`, `customer_id`, `work_id`, `price`, `status`, `breaker`, `executor_rating`, `customer_rating`, `deal_rating`, `media`, `created_at`, `updated_at`) VALUES ('120', 'eos', '117', '134', '46', '1108.00', 'completed', '130', '1', '1', '4', '31', '1977-07-29 10:44:54', '1996-12-08 00:43:21');
INSERT INTO `deals` (`id`, `name`, `executor_id`, `customer_id`, `work_id`, `price`, `status`, `breaker`, `executor_rating`, `customer_rating`, `deal_rating`, `media`, `created_at`, `updated_at`) VALUES ('121', 'consequatur', '114', '140', '25', '1137.00', 'canceled', '124', '5', '4', '5', '33', '2004-07-27 20:00:05', '2013-05-14 20:21:01');
INSERT INTO `deals` (`id`, `name`, `executor_id`, `customer_id`, `work_id`, `price`, `status`, `breaker`, `executor_rating`, `customer_rating`, `deal_rating`, `media`, `created_at`, `updated_at`) VALUES ('122', 'et', '117', '102', '29', '1970.00', 'created', '166', '1', '5', '3', '40', '2006-09-21 19:37:09', '1984-03-16 03:13:29');
INSERT INTO `deals` (`id`, `name`, `executor_id`, `customer_id`, `work_id`, `price`, `status`, `breaker`, `executor_rating`, `customer_rating`, `deal_rating`, `media`, `created_at`, `updated_at`) VALUES ('123', 'deserunt', '116', '101', '23', '1657.00', 'created', '136', '1', '2', '1', '45', '2011-09-10 17:40:23', '1985-11-18 23:00:56');
INSERT INTO `deals` (`id`, `name`, `executor_id`, `customer_id`, `work_id`, `price`, `status`, `breaker`, `executor_rating`, `customer_rating`, `deal_rating`, `media`, `created_at`, `updated_at`) VALUES ('124', 'velit', '117', '162', '28', '1972.00', 'awaiting payment', '149', '3', '3', '1', '45', '2005-10-22 10:45:46', '2000-04-19 07:51:37');
INSERT INTO `deals` (`id`, `name`, `executor_id`, `customer_id`, `work_id`, `price`, `status`, `breaker`, `executor_rating`, `customer_rating`, `deal_rating`, `media`, `created_at`, `updated_at`) VALUES ('125', 'est', '102', '142', '26', '785.00', 'confirmed', '181', '1', '5', '1', '33', '2008-09-25 05:14:41', '2008-05-11 10:06:56');
INSERT INTO `deals` (`id`, `name`, `executor_id`, `customer_id`, `work_id`, `price`, `status`, `breaker`, `executor_rating`, `customer_rating`, `deal_rating`, `media`, `created_at`, `updated_at`) VALUES ('126', 'architecto', '101', '166', '4', '1340.00', 'created', '192', '5', '5', '1', '9', '1976-11-21 11:11:26', '1981-03-26 21:22:32');
INSERT INTO `deals` (`id`, `name`, `executor_id`, `customer_id`, `work_id`, `price`, `status`, `breaker`, `executor_rating`, `customer_rating`, `deal_rating`, `media`, `created_at`, `updated_at`) VALUES ('127', 'nam', '113', '148', '36', '738.00', 'started', '118', '5', '2', '3', '47', '2014-02-28 12:33:10', '1974-12-27 12:17:02');
INSERT INTO `deals` (`id`, `name`, `executor_id`, `customer_id`, `work_id`, `price`, `status`, `breaker`, `executor_rating`, `customer_rating`, `deal_rating`, `media`, `created_at`, `updated_at`) VALUES ('128', 'cum', '106', '107', '49', '888.00', 'canceled', '186', '2', '4', '2', '44', '1987-03-22 19:33:38', '1975-10-30 05:18:12');
INSERT INTO `deals` (`id`, `name`, `executor_id`, `customer_id`, `work_id`, `price`, `status`, `breaker`, `executor_rating`, `customer_rating`, `deal_rating`, `media`, `created_at`, `updated_at`) VALUES ('129', 'et', '114', '159', '44', '1978.00', 'completed', '122', '4', '5', '1', '11', '2008-09-17 16:23:12', '2001-07-16 11:58:35');
INSERT INTO `deals` (`id`, `name`, `executor_id`, `customer_id`, `work_id`, `price`, `status`, `breaker`, `executor_rating`, `customer_rating`, `deal_rating`, `media`, `created_at`, `updated_at`) VALUES ('130', 'molestiae', '114', '113', '2', '1211.00', 'started', '130', '5', '3', '1', '36', '1995-03-04 06:01:27', '1992-09-02 22:26:45');
INSERT INTO `deals` (`id`, `name`, `executor_id`, `customer_id`, `work_id`, `price`, `status`, `breaker`, `executor_rating`, `customer_rating`, `deal_rating`, `media`, `created_at`, `updated_at`) VALUES ('131', 'vel', '117', '135', '13', '1540.00', 'canceled', '138', '3', '4', '1', '18', '1977-05-05 23:31:07', '1987-04-10 05:17:48');
INSERT INTO `deals` (`id`, `name`, `executor_id`, `customer_id`, `work_id`, `price`, `status`, `breaker`, `executor_rating`, `customer_rating`, `deal_rating`, `media`, `created_at`, `updated_at`) VALUES ('132', 'rerum', '116', '136', '11', '906.00', 'created', '192', '3', '3', '2', '22', '1993-09-13 17:16:34', '1994-08-14 17:58:14');
INSERT INTO `deals` (`id`, `name`, `executor_id`, `customer_id`, `work_id`, `price`, `status`, `breaker`, `executor_rating`, `customer_rating`, `deal_rating`, `media`, `created_at`, `updated_at`) VALUES ('133', 'vero', '106', '147', '6', '793.00', 'created', '108', '3', '3', '2', '42', '1971-06-05 03:46:28', '2015-06-18 16:57:53');
INSERT INTO `deals` (`id`, `name`, `executor_id`, `customer_id`, `work_id`, `price`, `status`, `breaker`, `executor_rating`, `customer_rating`, `deal_rating`, `media`, `created_at`, `updated_at`) VALUES ('134', 'quia', '101', '135', '46', '1345.00', 'canceled', '101', '5', '2', '1', '19', '2002-12-23 08:19:34', '2004-08-09 21:27:11');
INSERT INTO `deals` (`id`, `name`, `executor_id`, `customer_id`, `work_id`, `price`, `status`, `breaker`, `executor_rating`, `customer_rating`, `deal_rating`, `media`, `created_at`, `updated_at`) VALUES ('135', 'laboriosam', '114', '156', '9', '1368.00', 'created', '156', '2', '4', '3', '49', '2006-03-12 01:54:50', '1972-05-02 23:39:22');
INSERT INTO `deals` (`id`, `name`, `executor_id`, `customer_id`, `work_id`, `price`, `status`, `breaker`, `executor_rating`, `customer_rating`, `deal_rating`, `media`, `created_at`, `updated_at`) VALUES ('136', 'voluptatum', '106', '132', '5', '1888.00', 'awaiting payment', '137', '4', '3', '1', '37', '2016-11-16 18:26:39', '1988-11-18 04:18:25');
INSERT INTO `deals` (`id`, `name`, `executor_id`, `customer_id`, `work_id`, `price`, `status`, `breaker`, `executor_rating`, `customer_rating`, `deal_rating`, `media`, `created_at`, `updated_at`) VALUES ('137', 'nulla', '114', '128', '9', '908.00', 'canceled', '105', '3', '5', '3', '39', '2005-08-11 15:36:49', '1991-04-02 09:45:52');
INSERT INTO `deals` (`id`, `name`, `executor_id`, `customer_id`, `work_id`, `price`, `status`, `breaker`, `executor_rating`, `customer_rating`, `deal_rating`, `media`, `created_at`, `updated_at`) VALUES ('138', 'est', '108', '180', '13', '867.00', 'closed', '162', '5', '3', '3', '45', '1971-06-01 06:35:26', '2013-03-21 15:10:23');
INSERT INTO `deals` (`id`, `name`, `executor_id`, `customer_id`, `work_id`, `price`, `status`, `breaker`, `executor_rating`, `customer_rating`, `deal_rating`, `media`, `created_at`, `updated_at`) VALUES ('139', 'suscipit', '113', '108', '27', '1796.00', 'created', '170', '4', '3', '3', '10', '1970-01-26 10:32:50', '1994-07-13 15:00:31');
INSERT INTO `deals` (`id`, `name`, `executor_id`, `customer_id`, `work_id`, `price`, `status`, `breaker`, `executor_rating`, `customer_rating`, `deal_rating`, `media`, `created_at`, `updated_at`) VALUES ('140', 'aut', '106', '163', '33', '530.00', 'closed', '125', '4', '4', '5', '43', '1984-06-26 22:04:43', '2004-01-27 21:01:59');
INSERT INTO `deals` (`id`, `name`, `executor_id`, `customer_id`, `work_id`, `price`, `status`, `breaker`, `executor_rating`, `customer_rating`, `deal_rating`, `media`, `created_at`, `updated_at`) VALUES ('141', 'aut', '101', '102', '31', '903.00', 'confirmed', '121', '5', '3', '1', '35', '1972-06-24 00:27:27', '1990-01-15 02:49:45');
INSERT INTO `deals` (`id`, `name`, `executor_id`, `customer_id`, `work_id`, `price`, `status`, `breaker`, `executor_rating`, `customer_rating`, `deal_rating`, `media`, `created_at`, `updated_at`) VALUES ('142', 'autem', '108', '143', '5', '1326.00', 'awaiting payment', '158', '5', '4', '4', '50', '2019-05-07 13:25:31', '2019-07-07 16:46:03');
INSERT INTO `deals` (`id`, `name`, `executor_id`, `customer_id`, `work_id`, `price`, `status`, `breaker`, `executor_rating`, `customer_rating`, `deal_rating`, `media`, `created_at`, `updated_at`) VALUES ('143', 'quia', '116', '135', '18', '716.00', 'started', '101', '5', '5', '4', '25', '2001-11-05 15:09:59', '1975-10-05 14:47:02');
INSERT INTO `deals` (`id`, `name`, `executor_id`, `customer_id`, `work_id`, `price`, `status`, `breaker`, `executor_rating`, `customer_rating`, `deal_rating`, `media`, `created_at`, `updated_at`) VALUES ('144', 'ipsam', '102', '138', '22', '759.00', 'created', '135', '4', '5', '5', '13', '1989-10-05 01:15:02', '1990-11-30 08:40:43');
INSERT INTO `deals` (`id`, `name`, `executor_id`, `customer_id`, `work_id`, `price`, `status`, `breaker`, `executor_rating`, `customer_rating`, `deal_rating`, `media`, `created_at`, `updated_at`) VALUES ('145', 'quibusdam', '106', '106', '18', '1133.00', 'started', '173', '3', '5', '1', '44', '2019-12-19 16:27:57', '2014-06-07 00:47:52');
INSERT INTO `deals` (`id`, `name`, `executor_id`, `customer_id`, `work_id`, `price`, `status`, `breaker`, `executor_rating`, `customer_rating`, `deal_rating`, `media`, `created_at`, `updated_at`) VALUES ('146', 'saepe', '108', '117', '36', '1637.00', 'confirmed', '121', '1', '2', '4', '23', '2012-01-24 03:23:54', '2012-11-29 07:53:09');
INSERT INTO `deals` (`id`, `name`, `executor_id`, `customer_id`, `work_id`, `price`, `status`, `breaker`, `executor_rating`, `customer_rating`, `deal_rating`, `media`, `created_at`, `updated_at`) VALUES ('147', 'eos', '108', '118', '25', '848.00', 'started', '118', '5', '3', '4', '20', '2017-02-20 08:47:49', '1981-09-15 21:37:18');
INSERT INTO `deals` (`id`, `name`, `executor_id`, `customer_id`, `work_id`, `price`, `status`, `breaker`, `executor_rating`, `customer_rating`, `deal_rating`, `media`, `created_at`, `updated_at`) VALUES ('148', 'qui', '102', '153', '49', '828.00', 'created', '127', '2', '4', '1', '21', '1980-10-04 15:48:25', '2012-07-06 21:30:31');
INSERT INTO `deals` (`id`, `name`, `executor_id`, `customer_id`, `work_id`, `price`, `status`, `breaker`, `executor_rating`, `customer_rating`, `deal_rating`, `media`, `created_at`, `updated_at`) VALUES ('149', 'facere', '117', '107', '44', '1565.00', 'confirmed', '130', '2', '1', '3', '5', '1974-11-12 03:09:51', '2014-12-23 20:07:28');
INSERT INTO `deals` (`id`, `name`, `executor_id`, `customer_id`, `work_id`, `price`, `status`, `breaker`, `executor_rating`, `customer_rating`, `deal_rating`, `media`, `created_at`, `updated_at`) VALUES ('150', 'maxime', '106', '134', '31', '941.00', 'awaiting payment', '169', '3', '3', '2', '41', '2003-06-22 21:23:31', '2017-09-13 16:48:09');
INSERT INTO `deals` (`id`, `name`, `executor_id`, `customer_id`, `work_id`, `price`, `status`, `breaker`, `executor_rating`, `customer_rating`, `deal_rating`, `media`, `created_at`, `updated_at`) VALUES ('151', 'aut', '116', '108', '45', '1205.00', 'canceled', '121', '5', '1', '2', '47', '2005-04-20 15:45:04', '2005-06-23 03:36:01');
INSERT INTO `deals` (`id`, `name`, `executor_id`, `customer_id`, `work_id`, `price`, `status`, `breaker`, `executor_rating`, `customer_rating`, `deal_rating`, `media`, `created_at`, `updated_at`) VALUES ('152', 'libero', '114', '153', '7', '1153.00', 'created', '143', '5', '1', '5', '47', '1997-03-30 04:03:20', '2000-05-10 17:20:10');
INSERT INTO `deals` (`id`, `name`, `executor_id`, `customer_id`, `work_id`, `price`, `status`, `breaker`, `executor_rating`, `customer_rating`, `deal_rating`, `media`, `created_at`, `updated_at`) VALUES ('153', 'sint', '108', '105', '8', '1747.00', 'closed', '106', '3', '3', '5', '12', '1986-05-19 13:17:21', '2009-06-01 19:37:25');
INSERT INTO `deals` (`id`, `name`, `executor_id`, `customer_id`, `work_id`, `price`, `status`, `breaker`, `executor_rating`, `customer_rating`, `deal_rating`, `media`, `created_at`, `updated_at`) VALUES ('154', 'magni', '108', '121', '49', '799.00', 'completed', '144', '5', '2', '3', '25', '2003-07-18 19:22:21', '2002-03-13 22:04:48');
INSERT INTO `deals` (`id`, `name`, `executor_id`, `customer_id`, `work_id`, `price`, `status`, `breaker`, `executor_rating`, `customer_rating`, `deal_rating`, `media`, `created_at`, `updated_at`) VALUES ('155', 'libero', '106', '136', '30', '1350.00', 'confirmed', '125', '2', '5', '2', '40', '2015-09-05 04:15:41', '1997-07-29 23:02:44');
INSERT INTO `deals` (`id`, `name`, `executor_id`, `customer_id`, `work_id`, `price`, `status`, `breaker`, `executor_rating`, `customer_rating`, `deal_rating`, `media`, `created_at`, `updated_at`) VALUES ('156', 'et', '113', '146', '11', '886.00', 'closed', '130', '4', '4', '2', '21', '1988-09-01 04:20:52', '1989-10-29 15:49:41');
INSERT INTO `deals` (`id`, `name`, `executor_id`, `customer_id`, `work_id`, `price`, `status`, `breaker`, `executor_rating`, `customer_rating`, `deal_rating`, `media`, `created_at`, `updated_at`) VALUES ('157', 'dolor', '101', '116', '27', '1246.00', 'completed', '186', '3', '1', '3', '19', '1995-09-23 00:24:33', '1971-07-22 19:47:03');
INSERT INTO `deals` (`id`, `name`, `executor_id`, `customer_id`, `work_id`, `price`, `status`, `breaker`, `executor_rating`, `customer_rating`, `deal_rating`, `media`, `created_at`, `updated_at`) VALUES ('158', 'rerum', '107', '149', '6', '1575.00', 'started', '149', '2', '3', '1', '9', '2019-12-26 16:03:19', '2016-08-04 14:26:00');
INSERT INTO `deals` (`id`, `name`, `executor_id`, `customer_id`, `work_id`, `price`, `status`, `breaker`, `executor_rating`, `customer_rating`, `deal_rating`, `media`, `created_at`, `updated_at`) VALUES ('159', 'excepturi', '101', '114', '11', '1843.00', 'canceled', '121', '2', '4', '4', '11', '1971-09-23 17:55:42', '1998-07-30 00:50:06');
INSERT INTO `deals` (`id`, `name`, `executor_id`, `customer_id`, `work_id`, `price`, `status`, `breaker`, `executor_rating`, `customer_rating`, `deal_rating`, `media`, `created_at`, `updated_at`) VALUES ('160', 'eveniet', '107', '152', '22', '1759.00', 'confirmed', '137', '3', '5', '2', '12', '2019-12-23 19:04:48', '2016-04-13 00:59:35');
INSERT INTO `deals` (`id`, `name`, `executor_id`, `customer_id`, `work_id`, `price`, `status`, `breaker`, `executor_rating`, `customer_rating`, `deal_rating`, `media`, `created_at`, `updated_at`) VALUES ('161', 'autem', '117', '158', '36', '1869.00', 'awaiting payment', '146', '3', '5', '5', '3', '1997-03-14 12:40:00', '2006-03-04 02:49:25');
INSERT INTO `deals` (`id`, `name`, `executor_id`, `customer_id`, `work_id`, `price`, `status`, `breaker`, `executor_rating`, `customer_rating`, `deal_rating`, `media`, `created_at`, `updated_at`) VALUES ('162', 'rerum', '107', '118', '34', '1506.00', 'awaiting payment', '160', '4', '1', '3', '27', '1993-02-22 04:32:30', '1997-10-30 23:28:48');
INSERT INTO `deals` (`id`, `name`, `executor_id`, `customer_id`, `work_id`, `price`, `status`, `breaker`, `executor_rating`, `customer_rating`, `deal_rating`, `media`, `created_at`, `updated_at`) VALUES ('163', 'velit', '101', '153', '35', '1160.00', 'started', '152', '4', '4', '5', '34', '1970-11-27 06:39:30', '1982-08-11 20:50:31');
INSERT INTO `deals` (`id`, `name`, `executor_id`, `customer_id`, `work_id`, `price`, `status`, `breaker`, `executor_rating`, `customer_rating`, `deal_rating`, `media`, `created_at`, `updated_at`) VALUES ('164', 'porro', '101', '106', '18', '1863.00', 'completed', '117', '4', '1', '3', '33', '1983-07-29 01:17:12', '2013-08-18 05:41:44');
INSERT INTO `deals` (`id`, `name`, `executor_id`, `customer_id`, `work_id`, `price`, `status`, `breaker`, `executor_rating`, `customer_rating`, `deal_rating`, `media`, `created_at`, `updated_at`) VALUES ('165', 'nulla', '108', '118', '41', '1021.00', 'created', '163', '1', '5', '5', '20', '2013-02-17 00:08:52', '2008-10-23 23:46:03');
INSERT INTO `deals` (`id`, `name`, `executor_id`, `customer_id`, `work_id`, `price`, `status`, `breaker`, `executor_rating`, `customer_rating`, `deal_rating`, `media`, `created_at`, `updated_at`) VALUES ('166', 'aut', '101', '116', '7', '712.00', 'canceled', '138', '3', '1', '5', '30', '1972-05-27 01:00:58', '2004-02-04 05:52:38');
INSERT INTO `deals` (`id`, `name`, `executor_id`, `customer_id`, `work_id`, `price`, `status`, `breaker`, `executor_rating`, `customer_rating`, `deal_rating`, `media`, `created_at`, `updated_at`) VALUES ('167', 'tenetur', '106', '130', '19', '1337.00', 'canceled', '105', '1', '5', '2', '45', '1990-12-10 23:48:43', '2010-11-17 06:35:08');
INSERT INTO `deals` (`id`, `name`, `executor_id`, `customer_id`, `work_id`, `price`, `status`, `breaker`, `executor_rating`, `customer_rating`, `deal_rating`, `media`, `created_at`, `updated_at`) VALUES ('168', 'veritatis', '107', '140', '6', '1611.00', 'started', '108', '5', '3', '5', '13', '1979-03-17 22:08:33', '2002-10-16 06:19:41');
INSERT INTO `deals` (`id`, `name`, `executor_id`, `customer_id`, `work_id`, `price`, `status`, `breaker`, `executor_rating`, `customer_rating`, `deal_rating`, `media`, `created_at`, `updated_at`) VALUES ('169', 'repellat', '113', '117', '50', '1627.00', 'closed', '131', '5', '3', '2', '41', '1980-01-27 08:30:01', '2012-08-23 15:43:35');
INSERT INTO `deals` (`id`, `name`, `executor_id`, `customer_id`, `work_id`, `price`, `status`, `breaker`, `executor_rating`, `customer_rating`, `deal_rating`, `media`, `created_at`, `updated_at`) VALUES ('170', 'in', '113', '130', '45', '1867.00', 'started', '197', '5', '2', '2', '27', '1997-04-30 00:42:57', '1996-02-01 23:49:22');
INSERT INTO `deals` (`id`, `name`, `executor_id`, `customer_id`, `work_id`, `price`, `status`, `breaker`, `executor_rating`, `customer_rating`, `deal_rating`, `media`, `created_at`, `updated_at`) VALUES ('171', 'est', '108', '138', '37', '1227.00', 'started', '131', '4', '1', '2', '13', '1998-08-06 12:09:06', '1994-05-05 18:05:10');
INSERT INTO `deals` (`id`, `name`, `executor_id`, `customer_id`, `work_id`, `price`, `status`, `breaker`, `executor_rating`, `customer_rating`, `deal_rating`, `media`, `created_at`, `updated_at`) VALUES ('172', 'magni', '102', '127', '21', '774.00', 'completed', '125', '1', '5', '4', '39', '1998-04-01 18:18:18', '1977-06-20 05:20:04');
INSERT INTO `deals` (`id`, `name`, `executor_id`, `customer_id`, `work_id`, `price`, `status`, `breaker`, `executor_rating`, `customer_rating`, `deal_rating`, `media`, `created_at`, `updated_at`) VALUES ('173', 'sed', '117', '145', '7', '691.00', 'created', '134', '4', '3', '3', '33', '1991-12-08 17:16:43', '1996-05-18 09:05:12');
INSERT INTO `deals` (`id`, `name`, `executor_id`, `customer_id`, `work_id`, `price`, `status`, `breaker`, `executor_rating`, `customer_rating`, `deal_rating`, `media`, `created_at`, `updated_at`) VALUES ('174', 'nemo', '101', '158', '10', '875.00', 'completed', '116', '5', '3', '2', '45', '1971-03-31 02:17:43', '2018-03-23 01:21:17');
INSERT INTO `deals` (`id`, `name`, `executor_id`, `customer_id`, `work_id`, `price`, `status`, `breaker`, `executor_rating`, `customer_rating`, `deal_rating`, `media`, `created_at`, `updated_at`) VALUES ('175', 'et', '107', '156', '5', '1206.00', 'canceled', '137', '5', '5', '4', '6', '1993-05-08 12:31:16', '1975-10-06 03:51:24');
INSERT INTO `deals` (`id`, `name`, `executor_id`, `customer_id`, `work_id`, `price`, `status`, `breaker`, `executor_rating`, `customer_rating`, `deal_rating`, `media`, `created_at`, `updated_at`) VALUES ('176', 'sed', '116', '105', '24', '979.00', 'created', '166', '5', '4', '4', '3', '1990-01-07 18:52:27', '2010-05-01 23:07:53');
INSERT INTO `deals` (`id`, `name`, `executor_id`, `customer_id`, `work_id`, `price`, `status`, `breaker`, `executor_rating`, `customer_rating`, `deal_rating`, `media`, `created_at`, `updated_at`) VALUES ('177', 'rerum', '101', '125', '29', '1724.00', 'started', '163', '1', '4', '1', '32', '1994-12-05 04:31:50', '1980-05-14 03:32:45');
INSERT INTO `deals` (`id`, `name`, `executor_id`, `customer_id`, `work_id`, `price`, `status`, `breaker`, `executor_rating`, `customer_rating`, `deal_rating`, `media`, `created_at`, `updated_at`) VALUES ('178', 'distinctio', '116', '169', '49', '1628.00', 'created', '123', '2', '2', '3', '7', '2009-07-08 20:35:11', '2007-01-13 01:16:55');
INSERT INTO `deals` (`id`, `name`, `executor_id`, `customer_id`, `work_id`, `price`, `status`, `breaker`, `executor_rating`, `customer_rating`, `deal_rating`, `media`, `created_at`, `updated_at`) VALUES ('179', 'et', '114', '118', '37', '1954.00', 'started', '181', '2', '3', '5', '30', '1986-05-23 22:02:14', '1977-09-27 02:55:17');
INSERT INTO `deals` (`id`, `name`, `executor_id`, `customer_id`, `work_id`, `price`, `status`, `breaker`, `executor_rating`, `customer_rating`, `deal_rating`, `media`, `created_at`, `updated_at`) VALUES ('180', 'eum', '106', '179', '19', '762.00', 'started', '148', '5', '4', '4', '3', '2015-10-01 10:10:37', '1976-10-12 03:30:37');
INSERT INTO `deals` (`id`, `name`, `executor_id`, `customer_id`, `work_id`, `price`, `status`, `breaker`, `executor_rating`, `customer_rating`, `deal_rating`, `media`, `created_at`, `updated_at`) VALUES ('181', 'alias', '105', '101', '42', '734.00', 'created', '132', '4', '2', '2', '21', '2016-08-14 00:29:21', '2007-06-04 19:52:07');
INSERT INTO `deals` (`id`, `name`, `executor_id`, `customer_id`, `work_id`, `price`, `status`, `breaker`, `executor_rating`, `customer_rating`, `deal_rating`, `media`, `created_at`, `updated_at`) VALUES ('182', 'consequuntur', '117', '121', '24', '1534.00', 'created', '136', '4', '2', '5', '1', '1991-04-05 06:04:31', '1978-01-15 05:08:25');
INSERT INTO `deals` (`id`, `name`, `executor_id`, `customer_id`, `work_id`, `price`, `status`, `breaker`, `executor_rating`, `customer_rating`, `deal_rating`, `media`, `created_at`, `updated_at`) VALUES ('183', 'praesentium', '108', '132', '16', '1072.00', 'canceled', '108', '3', '1', '4', '8', '1993-09-17 04:20:39', '1990-09-21 14:34:34');
INSERT INTO `deals` (`id`, `name`, `executor_id`, `customer_id`, `work_id`, `price`, `status`, `breaker`, `executor_rating`, `customer_rating`, `deal_rating`, `media`, `created_at`, `updated_at`) VALUES ('184', 'aspernatur', '117', '171', '2', '742.00', 'started', '186', '2', '1', '4', '6', '1971-04-04 04:10:54', '1972-04-10 12:18:05');
INSERT INTO `deals` (`id`, `name`, `executor_id`, `customer_id`, `work_id`, `price`, `status`, `breaker`, `executor_rating`, `customer_rating`, `deal_rating`, `media`, `created_at`, `updated_at`) VALUES ('185', 'consequuntur', '102', '148', '17', '745.00', 'confirmed', '181', '5', '2', '3', '28', '1977-08-26 15:24:25', '2012-09-15 06:25:15');
INSERT INTO `deals` (`id`, `name`, `executor_id`, `customer_id`, `work_id`, `price`, `status`, `breaker`, `executor_rating`, `customer_rating`, `deal_rating`, `media`, `created_at`, `updated_at`) VALUES ('186', 'accusamus', '117', '123', '24', '1632.00', 'completed', '128', '2', '2', '1', '43', '1990-10-06 13:41:21', '1985-08-29 19:00:04');
INSERT INTO `deals` (`id`, `name`, `executor_id`, `customer_id`, `work_id`, `price`, `status`, `breaker`, `executor_rating`, `customer_rating`, `deal_rating`, `media`, `created_at`, `updated_at`) VALUES ('187', 'quis', '108', '143', '43', '612.00', 'awaiting payment', '132', '3', '2', '5', '46', '1982-08-30 18:07:23', '2018-09-06 15:10:31');
INSERT INTO `deals` (`id`, `name`, `executor_id`, `customer_id`, `work_id`, `price`, `status`, `breaker`, `executor_rating`, `customer_rating`, `deal_rating`, `media`, `created_at`, `updated_at`) VALUES ('188', 'repellendus', '105', '124', '8', '1770.00', 'created', '164', '2', '3', '5', '35', '1983-04-22 17:29:08', '2005-09-10 08:34:46');
INSERT INTO `deals` (`id`, `name`, `executor_id`, `customer_id`, `work_id`, `price`, `status`, `breaker`, `executor_rating`, `customer_rating`, `deal_rating`, `media`, `created_at`, `updated_at`) VALUES ('189', 'voluptas', '102', '123', '5', '1143.00', 'canceled', '142', '5', '2', '1', '19', '2004-05-24 09:06:08', '1973-03-03 02:39:09');
INSERT INTO `deals` (`id`, `name`, `executor_id`, `customer_id`, `work_id`, `price`, `status`, `breaker`, `executor_rating`, `customer_rating`, `deal_rating`, `media`, `created_at`, `updated_at`) VALUES ('190', 'excepturi', '105', '132', '14', '1804.00', 'closed', '125', '4', '3', '5', '17', '2019-05-31 02:38:36', '2016-08-19 17:43:14');
INSERT INTO `deals` (`id`, `name`, `executor_id`, `customer_id`, `work_id`, `price`, `status`, `breaker`, `executor_rating`, `customer_rating`, `deal_rating`, `media`, `created_at`, `updated_at`) VALUES ('191', 'voluptates', '106', '132', '1', '1668.00', 'canceled', '160', '1', '1', '5', '16', '1970-02-18 22:38:51', '1970-12-02 05:00:36');
INSERT INTO `deals` (`id`, `name`, `executor_id`, `customer_id`, `work_id`, `price`, `status`, `breaker`, `executor_rating`, `customer_rating`, `deal_rating`, `media`, `created_at`, `updated_at`) VALUES ('192', 'et', '108', '146', '29', '1398.00', 'closed', '102', '4', '3', '5', '47', '1984-05-29 13:12:24', '2016-11-19 14:03:21');
INSERT INTO `deals` (`id`, `name`, `executor_id`, `customer_id`, `work_id`, `price`, `status`, `breaker`, `executor_rating`, `customer_rating`, `deal_rating`, `media`, `created_at`, `updated_at`) VALUES ('193', 'nisi', '107', '140', '25', '1125.00', 'confirmed', '127', '5', '5', '2', '45', '1996-12-13 02:12:27', '1997-06-02 15:18:36');
INSERT INTO `deals` (`id`, `name`, `executor_id`, `customer_id`, `work_id`, `price`, `status`, `breaker`, `executor_rating`, `customer_rating`, `deal_rating`, `media`, `created_at`, `updated_at`) VALUES ('194', 'ut', '107', '142', '9', '1649.00', 'awaiting payment', '148', '2', '1', '4', '16', '1972-06-06 08:13:18', '1991-04-08 22:40:50');
INSERT INTO `deals` (`id`, `name`, `executor_id`, `customer_id`, `work_id`, `price`, `status`, `breaker`, `executor_rating`, `customer_rating`, `deal_rating`, `media`, `created_at`, `updated_at`) VALUES ('195', 'sequi', '116', '152', '30', '627.00', 'canceled', '187', '3', '4', '1', '10', '2020-07-17 22:53:32', '2005-07-16 23:15:30');
INSERT INTO `deals` (`id`, `name`, `executor_id`, `customer_id`, `work_id`, `price`, `status`, `breaker`, `executor_rating`, `customer_rating`, `deal_rating`, `media`, `created_at`, `updated_at`) VALUES ('196', 'quis', '117', '117', '31', '1386.00', 'completed', '122', '3', '4', '4', '23', '1985-10-28 08:55:03', '1982-05-15 06:32:36');
INSERT INTO `deals` (`id`, `name`, `executor_id`, `customer_id`, `work_id`, `price`, `status`, `breaker`, `executor_rating`, `customer_rating`, `deal_rating`, `media`, `created_at`, `updated_at`) VALUES ('197', 'illum', '117', '144', '44', '1415.00', 'awaiting payment', '192', '5', '2', '5', '16', '2006-02-24 23:04:06', '1980-04-19 21:27:39');
INSERT INTO `deals` (`id`, `name`, `executor_id`, `customer_id`, `work_id`, `price`, `status`, `breaker`, `executor_rating`, `customer_rating`, `deal_rating`, `media`, `created_at`, `updated_at`) VALUES ('198', 'consequatur', '102', '138', '47', '1835.00', 'awaiting payment', '164', '5', '3', '2', '27', '2002-01-15 16:03:24', '2019-09-26 12:05:00');
INSERT INTO `deals` (`id`, `name`, `executor_id`, `customer_id`, `work_id`, `price`, `status`, `breaker`, `executor_rating`, `customer_rating`, `deal_rating`, `media`, `created_at`, `updated_at`) VALUES ('199', 'officia', '116', '116', '4', '1451.00', 'created', '134', '4', '2', '3', '23', '2019-01-08 03:22:35', '2018-10-12 20:24:45');
INSERT INTO `deals` (`id`, `name`, `executor_id`, `customer_id`, `work_id`, `price`, `status`, `breaker`, `executor_rating`, `customer_rating`, `deal_rating`, `media`, `created_at`, `updated_at`) VALUES ('200', 'quibusdam', '117', '156', '1', '1526.00', 'closed', '113', '5', '2', '3', '18', '2003-03-06 14:03:28', '2010-10-07 08:39:58');
INSERT INTO `deals` (`id`, `name`, `executor_id`, `customer_id`, `work_id`, `price`, `status`, `breaker`, `executor_rating`, `customer_rating`, `deal_rating`, `media`, `created_at`, `updated_at`) VALUES ('201', 'est', '106', '186', '4', '554.00', 'closed', '181', '5', '2', '1', '45', '1975-05-03 05:11:22', '1985-02-09 08:29:52');
INSERT INTO `deals` (`id`, `name`, `executor_id`, `customer_id`, `work_id`, `price`, `status`, `breaker`, `executor_rating`, `customer_rating`, `deal_rating`, `media`, `created_at`, `updated_at`) VALUES ('202', 'veritatis', '105', '163', '5', '927.00', 'closed', '179', '3', '4', '5', '3', '1972-10-26 02:51:19', '1991-03-29 03:58:28');
INSERT INTO `deals` (`id`, `name`, `executor_id`, `customer_id`, `work_id`, `price`, `status`, `breaker`, `executor_rating`, `customer_rating`, `deal_rating`, `media`, `created_at`, `updated_at`) VALUES ('203', 'perspiciatis', '108', '159', '33', '779.00', 'started', '137', '1', '1', '5', '39', '1986-01-15 10:47:56', '2014-12-15 18:33:06');
INSERT INTO `deals` (`id`, `name`, `executor_id`, `customer_id`, `work_id`, `price`, `status`, `breaker`, `executor_rating`, `customer_rating`, `deal_rating`, `media`, `created_at`, `updated_at`) VALUES ('204', 'magnam', '117', '144', '14', '923.00', 'canceled', '181', '2', '5', '5', '17', '2020-06-17 14:16:31', '1999-07-08 23:30:10');
INSERT INTO `deals` (`id`, `name`, `executor_id`, `customer_id`, `work_id`, `price`, `status`, `breaker`, `executor_rating`, `customer_rating`, `deal_rating`, `media`, `created_at`, `updated_at`) VALUES ('205', 'reprehenderit', '116', '156', '26', '525.00', 'created', '179', '1', '2', '4', '7', '2014-01-12 19:41:47', '1993-07-17 00:16:05');
INSERT INTO `deals` (`id`, `name`, `executor_id`, `customer_id`, `work_id`, `price`, `status`, `breaker`, `executor_rating`, `customer_rating`, `deal_rating`, `media`, `created_at`, `updated_at`) VALUES ('206', 'dolor', '117', '159', '46', '1485.00', 'closed', '193', '2', '3', '1', '46', '1994-04-03 11:44:43', '2015-03-10 16:52:59');
INSERT INTO `deals` (`id`, `name`, `executor_id`, `customer_id`, `work_id`, `price`, `status`, `breaker`, `executor_rating`, `customer_rating`, `deal_rating`, `media`, `created_at`, `updated_at`) VALUES ('207', 'sequi', '105', '124', '44', '1175.00', 'confirmed', '130', '2', '4', '2', '9', '2002-01-16 18:18:01', '2003-10-26 09:23:20');
INSERT INTO `deals` (`id`, `name`, `executor_id`, `customer_id`, `work_id`, `price`, `status`, `breaker`, `executor_rating`, `customer_rating`, `deal_rating`, `media`, `created_at`, `updated_at`) VALUES ('208', 'alias', '114', '143', '1', '1393.00', 'closed', '179', '4', '1', '2', '22', '1988-10-29 01:28:16', '1983-07-19 15:44:30');
INSERT INTO `deals` (`id`, `name`, `executor_id`, `customer_id`, `work_id`, `price`, `status`, `breaker`, `executor_rating`, `customer_rating`, `deal_rating`, `media`, `created_at`, `updated_at`) VALUES ('209', 'error', '101', '131', '13', '1120.00', 'completed', '163', '5', '5', '2', '41', '1984-03-16 01:23:37', '2004-06-23 23:09:21');
INSERT INTO `deals` (`id`, `name`, `executor_id`, `customer_id`, `work_id`, `price`, `status`, `breaker`, `executor_rating`, `customer_rating`, `deal_rating`, `media`, `created_at`, `updated_at`) VALUES ('210', 'numquam', '101', '149', '20', '1748.00', 'canceled', '127', '3', '1', '3', '30', '1996-02-20 05:36:57', '2020-01-15 15:54:37');
INSERT INTO `deals` (`id`, `name`, `executor_id`, `customer_id`, `work_id`, `price`, `status`, `breaker`, `executor_rating`, `customer_rating`, `deal_rating`, `media`, `created_at`, `updated_at`) VALUES ('211', 'temporibus', '114', '107', '18', '1443.00', 'awaiting payment', '123', '5', '2', '5', '48', '2014-04-14 04:43:30', '1987-09-10 03:51:49');
INSERT INTO `deals` (`id`, `name`, `executor_id`, `customer_id`, `work_id`, `price`, `status`, `breaker`, `executor_rating`, `customer_rating`, `deal_rating`, `media`, `created_at`, `updated_at`) VALUES ('212', 'voluptatem', '107', '117', '38', '1519.00', 'canceled', '135', '2', '4', '4', '9', '1996-04-09 23:20:33', '1980-11-15 04:59:42');
INSERT INTO `deals` (`id`, `name`, `executor_id`, `customer_id`, `work_id`, `price`, `status`, `breaker`, `executor_rating`, `customer_rating`, `deal_rating`, `media`, `created_at`, `updated_at`) VALUES ('213', 'quo', '113', '146', '23', '1456.00', 'started', '146', '1', '4', '5', '48', '2015-09-26 09:42:05', '2020-06-09 21:38:10');
INSERT INTO `deals` (`id`, `name`, `executor_id`, `customer_id`, `work_id`, `price`, `status`, `breaker`, `executor_rating`, `customer_rating`, `deal_rating`, `media`, `created_at`, `updated_at`) VALUES ('214', 'numquam', '113', '125', '26', '967.00', 'canceled', '156', '5', '3', '1', '9', '1984-08-12 16:33:15', '1976-11-15 02:53:20');
INSERT INTO `deals` (`id`, `name`, `executor_id`, `customer_id`, `work_id`, `price`, `status`, `breaker`, `executor_rating`, `customer_rating`, `deal_rating`, `media`, `created_at`, `updated_at`) VALUES ('215', 'laudantium', '117', '152', '29', '659.00', 'completed', '118', '2', '5', '5', '23', '2012-08-23 00:50:33', '2016-08-10 06:49:44');
INSERT INTO `deals` (`id`, `name`, `executor_id`, `customer_id`, `work_id`, `price`, `status`, `breaker`, `executor_rating`, `customer_rating`, `deal_rating`, `media`, `created_at`, `updated_at`) VALUES ('216', 'ut', '106', '117', '8', '713.00', 'completed', '164', '1', '1', '1', '24', '1999-01-14 04:09:51', '1990-08-02 05:12:48');
INSERT INTO `deals` (`id`, `name`, `executor_id`, `customer_id`, `work_id`, `price`, `status`, `breaker`, `executor_rating`, `customer_rating`, `deal_rating`, `media`, `created_at`, `updated_at`) VALUES ('217', 'et', '114', '136', '28', '1051.00', 'created', '107', '1', '2', '2', '36', '1997-03-21 12:13:48', '2007-04-26 20:51:28');
INSERT INTO `deals` (`id`, `name`, `executor_id`, `customer_id`, `work_id`, `price`, `status`, `breaker`, `executor_rating`, `customer_rating`, `deal_rating`, `media`, `created_at`, `updated_at`) VALUES ('218', 'odit', '107', '142', '46', '567.00', 'canceled', '124', '5', '5', '4', '48', '1992-01-17 08:50:04', '1990-12-30 08:40:59');
INSERT INTO `deals` (`id`, `name`, `executor_id`, `customer_id`, `work_id`, `price`, `status`, `breaker`, `executor_rating`, `customer_rating`, `deal_rating`, `media`, `created_at`, `updated_at`) VALUES ('219', 'et', '101', '179', '30', '1677.00', 'created', '146', '5', '5', '5', '23', '1991-09-30 19:02:36', '1974-10-25 00:16:52');
INSERT INTO `deals` (`id`, `name`, `executor_id`, `customer_id`, `work_id`, `price`, `status`, `breaker`, `executor_rating`, `customer_rating`, `deal_rating`, `media`, `created_at`, `updated_at`) VALUES ('220', 'eos', '108', '114', '39', '1780.00', 'awaiting payment', '105', '2', '1', '2', '41', '1996-10-09 21:07:31', '1991-08-24 19:00:10');
INSERT INTO `deals` (`id`, `name`, `executor_id`, `customer_id`, `work_id`, `price`, `status`, `breaker`, `executor_rating`, `customer_rating`, `deal_rating`, `media`, `created_at`, `updated_at`) VALUES ('221', 'distinctio', '117', '193', '27', '1888.00', 'closed', '144', '1', '3', '4', '9', '2006-02-15 16:16:30', '2015-10-19 21:22:47');
INSERT INTO `deals` (`id`, `name`, `executor_id`, `customer_id`, `work_id`, `price`, `status`, `breaker`, `executor_rating`, `customer_rating`, `deal_rating`, `media`, `created_at`, `updated_at`) VALUES ('222', 'ea', '117', '166', '18', '621.00', 'started', '114', '2', '4', '2', '31', '2019-04-12 12:46:51', '2009-05-24 01:24:27');
INSERT INTO `deals` (`id`, `name`, `executor_id`, `customer_id`, `work_id`, `price`, `status`, `breaker`, `executor_rating`, `customer_rating`, `deal_rating`, `media`, `created_at`, `updated_at`) VALUES ('223', 'exercitationem', '116', '166', '5', '1121.00', 'created', '134', '4', '2', '3', '48', '1992-06-09 09:35:21', '1991-10-25 21:07:50');
INSERT INTO `deals` (`id`, `name`, `executor_id`, `customer_id`, `work_id`, `price`, `status`, `breaker`, `executor_rating`, `customer_rating`, `deal_rating`, `media`, `created_at`, `updated_at`) VALUES ('224', 'ipsa', '114', '166', '26', '1879.00', 'canceled', '159', '4', '4', '5', '6', '2007-10-16 05:07:44', '2009-05-26 15:51:51');
INSERT INTO `deals` (`id`, `name`, `executor_id`, `customer_id`, `work_id`, `price`, `status`, `breaker`, `executor_rating`, `customer_rating`, `deal_rating`, `media`, `created_at`, `updated_at`) VALUES ('225', 'accusamus', '107', '153', '2', '1717.00', 'confirmed', '102', '1', '5', '2', '15', '1995-09-02 16:00:56', '2004-05-02 02:23:26');
INSERT INTO `deals` (`id`, `name`, `executor_id`, `customer_id`, `work_id`, `price`, `status`, `breaker`, `executor_rating`, `customer_rating`, `deal_rating`, `media`, `created_at`, `updated_at`) VALUES ('226', 'quod', '107', '142', '22', '629.00', 'started', '124', '4', '2', '4', '30', '1997-02-19 07:07:19', '2006-07-04 17:21:06');
INSERT INTO `deals` (`id`, `name`, `executor_id`, `customer_id`, `work_id`, `price`, `status`, `breaker`, `executor_rating`, `customer_rating`, `deal_rating`, `media`, `created_at`, `updated_at`) VALUES ('227', 'aperiam', '105', '117', '29', '1629.00', 'confirmed', '166', '3', '1', '3', '34', '1973-01-27 15:19:02', '1983-10-15 12:23:52');
INSERT INTO `deals` (`id`, `name`, `executor_id`, `customer_id`, `work_id`, `price`, `status`, `breaker`, `executor_rating`, `customer_rating`, `deal_rating`, `media`, `created_at`, `updated_at`) VALUES ('228', 'quidem', '114', '153', '27', '635.00', 'completed', '108', '4', '1', '5', '45', '2016-03-08 08:57:35', '1991-11-12 19:53:03');
INSERT INTO `deals` (`id`, `name`, `executor_id`, `customer_id`, `work_id`, `price`, `status`, `breaker`, `executor_rating`, `customer_rating`, `deal_rating`, `media`, `created_at`, `updated_at`) VALUES ('229', 'necessitatibus', '102', '179', '38', '1282.00', 'completed', '123', '2', '2', '1', '15', '1994-02-12 00:00:38', '1989-04-18 00:05:41');
INSERT INTO `deals` (`id`, `name`, `executor_id`, `customer_id`, `work_id`, `price`, `status`, `breaker`, `executor_rating`, `customer_rating`, `deal_rating`, `media`, `created_at`, `updated_at`) VALUES ('230', 'laudantium', '114', '102', '8', '1319.00', 'confirmed', '122', '5', '4', '1', '36', '1982-12-16 10:07:54', '1995-10-09 15:08:58');
INSERT INTO `deals` (`id`, `name`, `executor_id`, `customer_id`, `work_id`, `price`, `status`, `breaker`, `executor_rating`, `customer_rating`, `deal_rating`, `media`, `created_at`, `updated_at`) VALUES ('231', 'facilis', '105', '147', '24', '1202.00', 'closed', '127', '3', '2', '3', '35', '1994-02-24 17:34:00', '1974-11-11 19:20:50');
INSERT INTO `deals` (`id`, `name`, `executor_id`, `customer_id`, `work_id`, `price`, `status`, `breaker`, `executor_rating`, `customer_rating`, `deal_rating`, `media`, `created_at`, `updated_at`) VALUES ('232', 'dolore', '114', '156', '13', '874.00', 'awaiting payment', '121', '3', '2', '3', '1', '2017-01-14 19:19:10', '1975-03-26 17:16:04');
INSERT INTO `deals` (`id`, `name`, `executor_id`, `customer_id`, `work_id`, `price`, `status`, `breaker`, `executor_rating`, `customer_rating`, `deal_rating`, `media`, `created_at`, `updated_at`) VALUES ('233', 'voluptas', '116', '134', '10', '655.00', 'completed', '137', '1', '2', '2', '11', '2006-11-07 16:53:41', '1994-02-24 04:25:31');
INSERT INTO `deals` (`id`, `name`, `executor_id`, `customer_id`, `work_id`, `price`, `status`, `breaker`, `executor_rating`, `customer_rating`, `deal_rating`, `media`, `created_at`, `updated_at`) VALUES ('234', 'ipsa', '116', '116', '49', '1800.00', 'started', '136', '4', '4', '5', '13', '1970-04-23 01:55:40', '2008-06-10 12:17:12');
INSERT INTO `deals` (`id`, `name`, `executor_id`, `customer_id`, `work_id`, `price`, `status`, `breaker`, `executor_rating`, `customer_rating`, `deal_rating`, `media`, `created_at`, `updated_at`) VALUES ('235', 'ut', '116', '142', '9', '1607.00', 'confirmed', '152', '5', '1', '5', '40', '1990-01-11 20:57:04', '1996-01-21 20:34:11');
INSERT INTO `deals` (`id`, `name`, `executor_id`, `customer_id`, `work_id`, `price`, `status`, `breaker`, `executor_rating`, `customer_rating`, `deal_rating`, `media`, `created_at`, `updated_at`) VALUES ('236', 'placeat', '107', '125', '41', '1328.00', 'closed', '150', '5', '2', '3', '27', '2009-01-14 19:48:36', '1996-11-04 15:00:00');
INSERT INTO `deals` (`id`, `name`, `executor_id`, `customer_id`, `work_id`, `price`, `status`, `breaker`, `executor_rating`, `customer_rating`, `deal_rating`, `media`, `created_at`, `updated_at`) VALUES ('237', 'fugit', '108', '164', '9', '755.00', 'completed', '197', '5', '1', '4', '7', '1974-12-17 13:39:12', '1988-02-14 20:37:15');
INSERT INTO `deals` (`id`, `name`, `executor_id`, `customer_id`, `work_id`, `price`, `status`, `breaker`, `executor_rating`, `customer_rating`, `deal_rating`, `media`, `created_at`, `updated_at`) VALUES ('238', 'non', '116', '152', '46', '1174.00', 'canceled', '113', '2', '5', '2', '47', '1976-01-20 14:19:02', '1983-01-10 14:20:21');
INSERT INTO `deals` (`id`, `name`, `executor_id`, `customer_id`, `work_id`, `price`, `status`, `breaker`, `executor_rating`, `customer_rating`, `deal_rating`, `media`, `created_at`, `updated_at`) VALUES ('239', 'dolorum', '117', '186', '19', '1768.00', 'canceled', '108', '5', '5', '5', '19', '1983-01-12 16:49:34', '2016-04-18 08:18:58');
INSERT INTO `deals` (`id`, `name`, `executor_id`, `customer_id`, `work_id`, `price`, `status`, `breaker`, `executor_rating`, `customer_rating`, `deal_rating`, `media`, `created_at`, `updated_at`) VALUES ('240', 'impedit', '108', '187', '27', '1312.00', 'started', '146', '5', '5', '4', '19', '1977-12-03 23:27:51', '2016-06-02 06:05:17');
INSERT INTO `deals` (`id`, `name`, `executor_id`, `customer_id`, `work_id`, `price`, `status`, `breaker`, `executor_rating`, `customer_rating`, `deal_rating`, `media`, `created_at`, `updated_at`) VALUES ('241', 'voluptatem', '114', '131', '47', '1386.00', 'completed', '192', '3', '4', '4', '1', '1993-10-22 03:23:23', '1990-11-26 03:57:26');
INSERT INTO `deals` (`id`, `name`, `executor_id`, `customer_id`, `work_id`, `price`, `status`, `breaker`, `executor_rating`, `customer_rating`, `deal_rating`, `media`, `created_at`, `updated_at`) VALUES ('242', 'aut', '114', '132', '17', '1023.00', 'started', '146', '3', '3', '2', '1', '2018-05-01 08:22:15', '2014-05-29 19:48:00');
INSERT INTO `deals` (`id`, `name`, `executor_id`, `customer_id`, `work_id`, `price`, `status`, `breaker`, `executor_rating`, `customer_rating`, `deal_rating`, `media`, `created_at`, `updated_at`) VALUES ('243', 'et', '116', '105', '43', '1090.00', 'completed', '102', '5', '2', '2', '3', '1992-09-07 22:50:37', '2008-08-23 06:07:37');
INSERT INTO `deals` (`id`, `name`, `executor_id`, `customer_id`, `work_id`, `price`, `status`, `breaker`, `executor_rating`, `customer_rating`, `deal_rating`, `media`, `created_at`, `updated_at`) VALUES ('244', 'pariatur', '117', '170', '39', '1861.00', 'created', '181', '3', '4', '3', '50', '1998-08-02 20:08:41', '2005-06-09 05:13:40');
INSERT INTO `deals` (`id`, `name`, `executor_id`, `customer_id`, `work_id`, `price`, `status`, `breaker`, `executor_rating`, `customer_rating`, `deal_rating`, `media`, `created_at`, `updated_at`) VALUES ('245', 'amet', '114', '159', '48', '997.00', 'awaiting payment', '106', '2', '5', '3', '46', '1982-01-21 02:14:58', '2001-08-06 08:10:03');
INSERT INTO `deals` (`id`, `name`, `executor_id`, `customer_id`, `work_id`, `price`, `status`, `breaker`, `executor_rating`, `customer_rating`, `deal_rating`, `media`, `created_at`, `updated_at`) VALUES ('246', 'eum', '106', '146', '44', '1616.00', 'confirmed', '179', '5', '2', '3', '9', '1972-08-25 04:08:41', '2001-11-20 18:14:48');
INSERT INTO `deals` (`id`, `name`, `executor_id`, `customer_id`, `work_id`, `price`, `status`, `breaker`, `executor_rating`, `customer_rating`, `deal_rating`, `media`, `created_at`, `updated_at`) VALUES ('247', 'impedit', '105', '147', '28', '1998.00', 'closed', '118', '1', '4', '2', '31', '2020-07-17 01:01:12', '1994-07-01 04:52:56');
INSERT INTO `deals` (`id`, `name`, `executor_id`, `customer_id`, `work_id`, `price`, `status`, `breaker`, `executor_rating`, `customer_rating`, `deal_rating`, `media`, `created_at`, `updated_at`) VALUES ('248', 'quia', '108', '179', '1', '1078.00', 'created', '181', '1', '2', '2', '23', '1983-06-30 07:29:21', '2004-06-06 03:38:53');
INSERT INTO `deals` (`id`, `name`, `executor_id`, `customer_id`, `work_id`, `price`, `status`, `breaker`, `executor_rating`, `customer_rating`, `deal_rating`, `media`, `created_at`, `updated_at`) VALUES ('249', 'et', '101', '152', '26', '1857.00', 'canceled', '180', '3', '2', '5', '38', '1977-05-28 11:00:59', '2011-09-05 09:25:30');
INSERT INTO `deals` (`id`, `name`, `executor_id`, `customer_id`, `work_id`, `price`, `status`, `breaker`, `executor_rating`, `customer_rating`, `deal_rating`, `media`, `created_at`, `updated_at`) VALUES ('250', 'doloribus', '108', '164', '32', '920.00', 'closed', '131', '4', '1', '1', '38', '2003-03-05 19:35:27', '1977-04-02 20:14:01');
INSERT INTO `deals` (`id`, `name`, `executor_id`, `customer_id`, `work_id`, `price`, `status`, `breaker`, `executor_rating`, `customer_rating`, `deal_rating`, `media`, `created_at`, `updated_at`) VALUES ('251', 'dolor', '113', '105', '28', '751.00', 'started', '148', '1', '2', '2', '6', '1975-01-28 16:37:58', '1970-10-28 08:48:24');
INSERT INTO `deals` (`id`, `name`, `executor_id`, `customer_id`, `work_id`, `price`, `status`, `breaker`, `executor_rating`, `customer_rating`, `deal_rating`, `media`, `created_at`, `updated_at`) VALUES ('252', 'voluptatem', '107', '171', '38', '1411.00', 'completed', '132', '4', '1', '2', '38', '1985-09-30 06:50:18', '1999-08-15 05:34:50');
INSERT INTO `deals` (`id`, `name`, `executor_id`, `customer_id`, `work_id`, `price`, `status`, `breaker`, `executor_rating`, `customer_rating`, `deal_rating`, `media`, `created_at`, `updated_at`) VALUES ('253', 'commodi', '117', '144', '20', '614.00', 'created', '142', '1', '4', '3', '39', '1985-04-09 14:52:47', '1996-09-22 09:10:50');
INSERT INTO `deals` (`id`, `name`, `executor_id`, `customer_id`, `work_id`, `price`, `status`, `breaker`, `executor_rating`, `customer_rating`, `deal_rating`, `media`, `created_at`, `updated_at`) VALUES ('254', 'repudiandae', '117', '102', '35', '684.00', 'closed', '101', '1', '4', '5', '47', '1990-08-14 19:56:02', '1998-10-19 19:57:09');
INSERT INTO `deals` (`id`, `name`, `executor_id`, `customer_id`, `work_id`, `price`, `status`, `breaker`, `executor_rating`, `customer_rating`, `deal_rating`, `media`, `created_at`, `updated_at`) VALUES ('255', 'inventore', '102', '101', '33', '1754.00', 'canceled', '156', '4', '2', '4', '45', '2019-01-09 17:27:13', '1990-01-18 00:44:10');
INSERT INTO `deals` (`id`, `name`, `executor_id`, `customer_id`, `work_id`, `price`, `status`, `breaker`, `executor_rating`, `customer_rating`, `deal_rating`, `media`, `created_at`, `updated_at`) VALUES ('256', 'minima', '107', '118', '38', '1259.00', 'canceled', '105', '4', '2', '2', '27', '1984-02-23 09:26:23', '1972-11-06 06:51:35');
INSERT INTO `deals` (`id`, `name`, `executor_id`, `customer_id`, `work_id`, `price`, `status`, `breaker`, `executor_rating`, `customer_rating`, `deal_rating`, `media`, `created_at`, `updated_at`) VALUES ('257', 'consequatur', '107', '148', '29', '835.00', 'awaiting payment', '105', '4', '4', '3', '13', '2003-06-22 15:27:06', '1985-03-23 07:24:33');
INSERT INTO `deals` (`id`, `name`, `executor_id`, `customer_id`, `work_id`, `price`, `status`, `breaker`, `executor_rating`, `customer_rating`, `deal_rating`, `media`, `created_at`, `updated_at`) VALUES ('258', 'sed', '113', '138', '8', '906.00', 'confirmed', '138', '2', '1', '4', '43', '1987-09-28 18:02:49', '1974-06-25 00:22:22');
INSERT INTO `deals` (`id`, `name`, `executor_id`, `customer_id`, `work_id`, `price`, `status`, `breaker`, `executor_rating`, `customer_rating`, `deal_rating`, `media`, `created_at`, `updated_at`) VALUES ('259', 'facilis', '116', '127', '23', '516.00', 'confirmed', '127', '4', '1', '4', '41', '1995-11-18 15:35:32', '1970-10-15 01:30:39');
INSERT INTO `deals` (`id`, `name`, `executor_id`, `customer_id`, `work_id`, `price`, `status`, `breaker`, `executor_rating`, `customer_rating`, `deal_rating`, `media`, `created_at`, `updated_at`) VALUES ('260', 'ipsum', '105', '124', '42', '1662.00', 'completed', '183', '4', '5', '3', '15', '1972-05-03 04:45:24', '1991-04-06 14:09:59');
INSERT INTO `deals` (`id`, `name`, `executor_id`, `customer_id`, `work_id`, `price`, `status`, `breaker`, `executor_rating`, `customer_rating`, `deal_rating`, `media`, `created_at`, `updated_at`) VALUES ('261', 'non', '114', '105', '15', '676.00', 'created', '137', '2', '3', '1', '36', '1984-06-22 19:44:53', '1991-06-06 02:00:39');
INSERT INTO `deals` (`id`, `name`, `executor_id`, `customer_id`, `work_id`, `price`, `status`, `breaker`, `executor_rating`, `customer_rating`, `deal_rating`, `media`, `created_at`, `updated_at`) VALUES ('262', 'laudantium', '102', '160', '46', '1054.00', 'closed', '186', '3', '5', '2', '44', '1972-07-05 18:11:07', '1982-03-08 05:28:06');
INSERT INTO `deals` (`id`, `name`, `executor_id`, `customer_id`, `work_id`, `price`, `status`, `breaker`, `executor_rating`, `customer_rating`, `deal_rating`, `media`, `created_at`, `updated_at`) VALUES ('263', 'porro', '107', '132', '28', '1397.00', 'completed', '102', '3', '4', '5', '24', '1978-05-23 10:34:16', '1998-12-16 00:14:03');
INSERT INTO `deals` (`id`, `name`, `executor_id`, `customer_id`, `work_id`, `price`, `status`, `breaker`, `executor_rating`, `customer_rating`, `deal_rating`, `media`, `created_at`, `updated_at`) VALUES ('264', 'dolorem', '114', '150', '49', '1746.00', 'completed', '186', '4', '4', '2', '7', '1982-10-23 13:34:34', '2001-07-25 17:19:36');
INSERT INTO `deals` (`id`, `name`, `executor_id`, `customer_id`, `work_id`, `price`, `status`, `breaker`, `executor_rating`, `customer_rating`, `deal_rating`, `media`, `created_at`, `updated_at`) VALUES ('265', 'nemo', '116', '159', '24', '633.00', 'confirmed', '127', '1', '4', '5', '6', '1976-10-26 22:49:19', '1982-03-22 18:17:21');
INSERT INTO `deals` (`id`, `name`, `executor_id`, `customer_id`, `work_id`, `price`, `status`, `breaker`, `executor_rating`, `customer_rating`, `deal_rating`, `media`, `created_at`, `updated_at`) VALUES ('266', 'doloremque', '105', '137', '20', '1017.00', 'started', '113', '5', '5', '2', '21', '2011-06-08 16:53:01', '1994-06-10 06:42:20');
INSERT INTO `deals` (`id`, `name`, `executor_id`, `customer_id`, `work_id`, `price`, `status`, `breaker`, `executor_rating`, `customer_rating`, `deal_rating`, `media`, `created_at`, `updated_at`) VALUES ('267', 'minus', '113', '169', '23', '1151.00', 'created', '193', '2', '4', '2', '15', '2017-05-16 00:02:00', '2013-03-03 00:10:54');
INSERT INTO `deals` (`id`, `name`, `executor_id`, `customer_id`, `work_id`, `price`, `status`, `breaker`, `executor_rating`, `customer_rating`, `deal_rating`, `media`, `created_at`, `updated_at`) VALUES ('268', 'impedit', '102', '114', '7', '1520.00', 'closed', '106', '2', '1', '5', '4', '1988-01-05 23:34:16', '2012-01-04 01:03:29');
INSERT INTO `deals` (`id`, `name`, `executor_id`, `customer_id`, `work_id`, `price`, `status`, `breaker`, `executor_rating`, `customer_rating`, `deal_rating`, `media`, `created_at`, `updated_at`) VALUES ('269', 'molestiae', '117', '138', '25', '780.00', 'created', '146', '4', '2', '2', '27', '1987-06-13 17:13:50', '2009-06-16 01:46:31');
INSERT INTO `deals` (`id`, `name`, `executor_id`, `customer_id`, `work_id`, `price`, `status`, `breaker`, `executor_rating`, `customer_rating`, `deal_rating`, `media`, `created_at`, `updated_at`) VALUES ('270', 'autem', '117', '125', '13', '1389.00', 'created', '186', '4', '1', '3', '13', '2002-07-01 05:22:33', '2015-04-22 03:12:32');
INSERT INTO `deals` (`id`, `name`, `executor_id`, `customer_id`, `work_id`, `price`, `status`, `breaker`, `executor_rating`, `customer_rating`, `deal_rating`, `media`, `created_at`, `updated_at`) VALUES ('271', 'vel', '106', '153', '4', '1656.00', 'awaiting payment', '179', '4', '4', '4', '2', '2003-10-06 20:05:30', '1985-03-13 21:34:06');
INSERT INTO `deals` (`id`, `name`, `executor_id`, `customer_id`, `work_id`, `price`, `status`, `breaker`, `executor_rating`, `customer_rating`, `deal_rating`, `media`, `created_at`, `updated_at`) VALUES ('272', 'qui', '102', '113', '27', '513.00', 'confirmed', '147', '4', '4', '1', '13', '1979-04-21 07:10:02', '1980-06-28 13:02:06');
INSERT INTO `deals` (`id`, `name`, `executor_id`, `customer_id`, `work_id`, `price`, `status`, `breaker`, `executor_rating`, `customer_rating`, `deal_rating`, `media`, `created_at`, `updated_at`) VALUES ('273', 'similique', '117', '118', '7', '1658.00', 'started', '135', '5', '3', '3', '10', '1982-07-18 14:33:30', '1982-06-03 16:32:48');
INSERT INTO `deals` (`id`, `name`, `executor_id`, `customer_id`, `work_id`, `price`, `status`, `breaker`, `executor_rating`, `customer_rating`, `deal_rating`, `media`, `created_at`, `updated_at`) VALUES ('274', 'sed', '107', '140', '17', '1212.00', 'completed', '147', '4', '2', '5', '30', '2010-02-25 03:25:43', '1972-05-16 09:50:45');
INSERT INTO `deals` (`id`, `name`, `executor_id`, `customer_id`, `work_id`, `price`, `status`, `breaker`, `executor_rating`, `customer_rating`, `deal_rating`, `media`, `created_at`, `updated_at`) VALUES ('275', 'cumque', '107', '140', '5', '729.00', 'confirmed', '181', '5', '2', '1', '4', '1979-10-26 11:55:41', '1994-06-27 19:17:52');
INSERT INTO `deals` (`id`, `name`, `executor_id`, `customer_id`, `work_id`, `price`, `status`, `breaker`, `executor_rating`, `customer_rating`, `deal_rating`, `media`, `created_at`, `updated_at`) VALUES ('276', 'est', '113', '162', '20', '1041.00', 'created', '179', '2', '4', '2', '39', '1995-01-04 20:56:16', '1991-07-13 23:56:49');
INSERT INTO `deals` (`id`, `name`, `executor_id`, `customer_id`, `work_id`, `price`, `status`, `breaker`, `executor_rating`, `customer_rating`, `deal_rating`, `media`, `created_at`, `updated_at`) VALUES ('277', 'corporis', '113', '121', '26', '681.00', 'canceled', '159', '4', '5', '4', '5', '1974-12-13 09:37:30', '1971-08-01 02:40:30');
INSERT INTO `deals` (`id`, `name`, `executor_id`, `customer_id`, `work_id`, `price`, `status`, `breaker`, `executor_rating`, `customer_rating`, `deal_rating`, `media`, `created_at`, `updated_at`) VALUES ('278', 'excepturi', '108', '166', '12', '1998.00', 'created', '107', '5', '5', '4', '21', '1978-07-17 01:12:52', '1989-10-14 10:15:39');
INSERT INTO `deals` (`id`, `name`, `executor_id`, `customer_id`, `work_id`, `price`, `status`, `breaker`, `executor_rating`, `customer_rating`, `deal_rating`, `media`, `created_at`, `updated_at`) VALUES ('279', 'eos', '107', '197', '32', '803.00', 'started', '150', '1', '1', '2', '19', '1999-11-18 22:39:23', '1986-08-10 09:07:02');
INSERT INTO `deals` (`id`, `name`, `executor_id`, `customer_id`, `work_id`, `price`, `status`, `breaker`, `executor_rating`, `customer_rating`, `deal_rating`, `media`, `created_at`, `updated_at`) VALUES ('280', 'velit', '116', '102', '45', '657.00', 'started', '116', '4', '2', '4', '29', '1984-12-28 14:22:38', '2011-07-24 08:55:03');
INSERT INTO `deals` (`id`, `name`, `executor_id`, `customer_id`, `work_id`, `price`, `status`, `breaker`, `executor_rating`, `customer_rating`, `deal_rating`, `media`, `created_at`, `updated_at`) VALUES ('281', 'saepe', '107', '142', '6', '1836.00', 'completed', '148', '2', '4', '2', '22', '2006-03-03 01:51:32', '1993-06-29 15:48:07');
INSERT INTO `deals` (`id`, `name`, `executor_id`, `customer_id`, `work_id`, `price`, `status`, `breaker`, `executor_rating`, `customer_rating`, `deal_rating`, `media`, `created_at`, `updated_at`) VALUES ('282', 'commodi', '102', '117', '14', '1520.00', 'completed', '148', '3', '2', '1', '3', '2000-03-14 04:49:20', '1997-06-06 12:53:27');
INSERT INTO `deals` (`id`, `name`, `executor_id`, `customer_id`, `work_id`, `price`, `status`, `breaker`, `executor_rating`, `customer_rating`, `deal_rating`, `media`, `created_at`, `updated_at`) VALUES ('283', 'sapiente', '101', '117', '15', '528.00', 'canceled', '147', '1', '1', '5', '45', '1979-09-25 03:24:16', '1975-11-19 17:39:52');
INSERT INTO `deals` (`id`, `name`, `executor_id`, `customer_id`, `work_id`, `price`, `status`, `breaker`, `executor_rating`, `customer_rating`, `deal_rating`, `media`, `created_at`, `updated_at`) VALUES ('284', 'maxime', '106', '107', '38', '1826.00', 'canceled', '150', '2', '1', '1', '9', '2016-10-11 01:21:18', '2004-09-08 20:43:16');
INSERT INTO `deals` (`id`, `name`, `executor_id`, `customer_id`, `work_id`, `price`, `status`, `breaker`, `executor_rating`, `customer_rating`, `deal_rating`, `media`, `created_at`, `updated_at`) VALUES ('285', 'quo', '102', '106', '8', '1158.00', 'canceled', '169', '4', '3', '4', '35', '2016-03-08 16:40:47', '2003-01-03 14:16:37');
INSERT INTO `deals` (`id`, `name`, `executor_id`, `customer_id`, `work_id`, `price`, `status`, `breaker`, `executor_rating`, `customer_rating`, `deal_rating`, `media`, `created_at`, `updated_at`) VALUES ('286', 'et', '108', '144', '36', '1093.00', 'awaiting payment', '137', '4', '3', '1', '37', '2014-05-20 10:22:18', '1998-04-03 12:42:40');
INSERT INTO `deals` (`id`, `name`, `executor_id`, `customer_id`, `work_id`, `price`, `status`, `breaker`, `executor_rating`, `customer_rating`, `deal_rating`, `media`, `created_at`, `updated_at`) VALUES ('287', 'voluptatum', '105', '171', '14', '1530.00', 'closed', '136', '5', '4', '1', '23', '2002-09-07 01:18:30', '1989-09-01 18:29:46');
INSERT INTO `deals` (`id`, `name`, `executor_id`, `customer_id`, `work_id`, `price`, `status`, `breaker`, `executor_rating`, `customer_rating`, `deal_rating`, `media`, `created_at`, `updated_at`) VALUES ('288', 'quia', '114', '143', '33', '1199.00', 'closed', '193', '4', '4', '2', '7', '1979-07-07 09:18:50', '1989-10-21 07:36:38');
INSERT INTO `deals` (`id`, `name`, `executor_id`, `customer_id`, `work_id`, `price`, `status`, `breaker`, `executor_rating`, `customer_rating`, `deal_rating`, `media`, `created_at`, `updated_at`) VALUES ('289', 'ipsam', '113', '197', '17', '879.00', 'awaiting payment', '197', '4', '2', '3', '28', '1972-08-04 04:40:10', '1981-05-14 14:58:58');
INSERT INTO `deals` (`id`, `name`, `executor_id`, `customer_id`, `work_id`, `price`, `status`, `breaker`, `executor_rating`, `customer_rating`, `deal_rating`, `media`, `created_at`, `updated_at`) VALUES ('290', 'ullam', '105', '130', '32', '1019.00', 'awaiting payment', '192', '4', '5', '2', '49', '1988-02-21 04:08:41', '1992-04-13 19:47:40');
INSERT INTO `deals` (`id`, `name`, `executor_id`, `customer_id`, `work_id`, `price`, `status`, `breaker`, `executor_rating`, `customer_rating`, `deal_rating`, `media`, `created_at`, `updated_at`) VALUES ('291', 'quae', '116', '108', '3', '862.00', 'awaiting payment', '192', '2', '1', '3', '45', '2015-10-29 19:53:18', '2017-12-25 14:52:06');
INSERT INTO `deals` (`id`, `name`, `executor_id`, `customer_id`, `work_id`, `price`, `status`, `breaker`, `executor_rating`, `customer_rating`, `deal_rating`, `media`, `created_at`, `updated_at`) VALUES ('292', 'dolores', '114', '136', '25', '1763.00', 'completed', '138', '2', '4', '3', '45', '1974-07-19 14:55:41', '2018-12-06 13:09:15');
INSERT INTO `deals` (`id`, `name`, `executor_id`, `customer_id`, `work_id`, `price`, `status`, `breaker`, `executor_rating`, `customer_rating`, `deal_rating`, `media`, `created_at`, `updated_at`) VALUES ('293', 'ducimus', '105', '150', '39', '524.00', 'canceled', '144', '4', '1', '4', '6', '2019-03-28 08:26:50', '2018-05-05 03:16:53');
INSERT INTO `deals` (`id`, `name`, `executor_id`, `customer_id`, `work_id`, `price`, `status`, `breaker`, `executor_rating`, `customer_rating`, `deal_rating`, `media`, `created_at`, `updated_at`) VALUES ('294', 'ea', '105', '118', '34', '1670.00', 'started', '181', '4', '3', '2', '9', '1973-02-09 06:53:55', '1980-07-29 08:32:34');
INSERT INTO `deals` (`id`, `name`, `executor_id`, `customer_id`, `work_id`, `price`, `status`, `breaker`, `executor_rating`, `customer_rating`, `deal_rating`, `media`, `created_at`, `updated_at`) VALUES ('295', 'est', '116', '143', '9', '1266.00', 'created', '116', '4', '2', '3', '29', '1987-04-15 04:36:59', '2019-09-11 01:27:52');
INSERT INTO `deals` (`id`, `name`, `executor_id`, `customer_id`, `work_id`, `price`, `status`, `breaker`, `executor_rating`, `customer_rating`, `deal_rating`, `media`, `created_at`, `updated_at`) VALUES ('296', 'eaque', '114', '128', '47', '557.00', 'started', '134', '2', '4', '5', '16', '2001-12-08 22:40:36', '2005-11-03 04:26:40');
INSERT INTO `deals` (`id`, `name`, `executor_id`, `customer_id`, `work_id`, `price`, `status`, `breaker`, `executor_rating`, `customer_rating`, `deal_rating`, `media`, `created_at`, `updated_at`) VALUES ('297', 'repudiandae', '116', '116', '22', '1858.00', 'completed', '187', '3', '1', '2', '6', '2018-08-20 01:40:40', '1992-03-21 17:53:21');
INSERT INTO `deals` (`id`, `name`, `executor_id`, `customer_id`, `work_id`, `price`, `status`, `breaker`, `executor_rating`, `customer_rating`, `deal_rating`, `media`, `created_at`, `updated_at`) VALUES ('298', 'itaque', '106', '148', '30', '674.00', 'canceled', '171', '5', '3', '2', '6', '2002-04-14 10:36:14', '1996-11-11 11:43:30');
INSERT INTO `deals` (`id`, `name`, `executor_id`, `customer_id`, `work_id`, `price`, `status`, `breaker`, `executor_rating`, `customer_rating`, `deal_rating`, `media`, `created_at`, `updated_at`) VALUES ('299', 'alias', '107', '105', '41', '1515.00', 'closed', '124', '1', '2', '5', '28', '1984-08-26 20:04:46', '2007-11-07 14:49:54');
INSERT INTO `deals` (`id`, `name`, `executor_id`, `customer_id`, `work_id`, `price`, `status`, `breaker`, `executor_rating`, `customer_rating`, `deal_rating`, `media`, `created_at`, `updated_at`) VALUES ('300', 'maiores', '117', '137', '38', '1878.00', 'completed', '150', '4', '5', '3', '19', '2009-04-21 11:43:18', '2012-02-21 23:49:21');
INSERT INTO `deals` (`id`, `name`, `executor_id`, `customer_id`, `work_id`, `price`, `status`, `breaker`, `executor_rating`, `customer_rating`, `deal_rating`, `media`, `created_at`, `updated_at`) VALUES ('301', 'non', '117', '132', '48', '1825.00', 'completed', '113', '1', '2', '4', '28', '1991-04-05 22:52:50', '1985-07-07 20:29:44');
INSERT INTO `deals` (`id`, `name`, `executor_id`, `customer_id`, `work_id`, `price`, `status`, `breaker`, `executor_rating`, `customer_rating`, `deal_rating`, `media`, `created_at`, `updated_at`) VALUES ('302', 'fugit', '108', '162', '45', '1449.00', 'closed', '140', '3', '1', '5', '10', '1999-07-27 16:51:41', '2004-02-08 19:04:08');
INSERT INTO `deals` (`id`, `name`, `executor_id`, `customer_id`, `work_id`, `price`, `status`, `breaker`, `executor_rating`, `customer_rating`, `deal_rating`, `media`, `created_at`, `updated_at`) VALUES ('303', 'aliquid', '105', '127', '19', '1558.00', 'completed', '153', '1', '5', '1', '14', '1987-02-23 16:56:27', '2014-12-23 23:38:11');
INSERT INTO `deals` (`id`, `name`, `executor_id`, `customer_id`, `work_id`, `price`, `status`, `breaker`, `executor_rating`, `customer_rating`, `deal_rating`, `media`, `created_at`, `updated_at`) VALUES ('304', 'quibusdam', '107', '187', '48', '1778.00', 'completed', '107', '3', '5', '5', '39', '2017-07-19 17:04:12', '1990-03-09 07:30:28');
INSERT INTO `deals` (`id`, `name`, `executor_id`, `customer_id`, `work_id`, `price`, `status`, `breaker`, `executor_rating`, `customer_rating`, `deal_rating`, `media`, `created_at`, `updated_at`) VALUES ('305', 'ad', '101', '142', '42', '1138.00', 'closed', '179', '3', '4', '1', '41', '1974-08-10 14:16:41', '2019-05-19 10:46:05');
INSERT INTO `deals` (`id`, `name`, `executor_id`, `customer_id`, `work_id`, `price`, `status`, `breaker`, `executor_rating`, `customer_rating`, `deal_rating`, `media`, `created_at`, `updated_at`) VALUES ('306', 'nam', '106', '158', '15', '1780.00', 'closed', '113', '5', '5', '3', '20', '2003-05-01 14:29:14', '2011-02-10 04:02:52');
INSERT INTO `deals` (`id`, `name`, `executor_id`, `customer_id`, `work_id`, `price`, `status`, `breaker`, `executor_rating`, `customer_rating`, `deal_rating`, `media`, `created_at`, `updated_at`) VALUES ('307', 'dolore', '113', '105', '41', '1210.00', 'canceled', '152', '4', '1', '3', '8', '1987-08-22 02:44:38', '2005-02-12 01:18:51');
INSERT INTO `deals` (`id`, `name`, `executor_id`, `customer_id`, `work_id`, `price`, `status`, `breaker`, `executor_rating`, `customer_rating`, `deal_rating`, `media`, `created_at`, `updated_at`) VALUES ('308', 'suscipit', '106', '113', '50', '1348.00', 'completed', '124', '2', '4', '3', '29', '2005-03-09 06:59:31', '1972-01-01 23:45:42');
INSERT INTO `deals` (`id`, `name`, `executor_id`, `customer_id`, `work_id`, `price`, `status`, `breaker`, `executor_rating`, `customer_rating`, `deal_rating`, `media`, `created_at`, `updated_at`) VALUES ('309', 'eligendi', '102', '135', '46', '850.00', 'closed', '147', '3', '5', '1', '5', '2017-03-08 12:19:02', '2011-10-19 21:01:59');
INSERT INTO `deals` (`id`, `name`, `executor_id`, `customer_id`, `work_id`, `price`, `status`, `breaker`, `executor_rating`, `customer_rating`, `deal_rating`, `media`, `created_at`, `updated_at`) VALUES ('310', 'a', '102', '102', '3', '911.00', 'started', '114', '5', '3', '2', '6', '1981-12-01 02:47:51', '1999-01-30 14:12:10');
INSERT INTO `deals` (`id`, `name`, `executor_id`, `customer_id`, `work_id`, `price`, `status`, `breaker`, `executor_rating`, `customer_rating`, `deal_rating`, `media`, `created_at`, `updated_at`) VALUES ('311', 'repudiandae', '116', '116', '33', '1336.00', 'closed', '156', '3', '2', '2', '2', '2007-07-05 02:19:50', '1999-11-02 11:09:40');
INSERT INTO `deals` (`id`, `name`, `executor_id`, `customer_id`, `work_id`, `price`, `status`, `breaker`, `executor_rating`, `customer_rating`, `deal_rating`, `media`, `created_at`, `updated_at`) VALUES ('312', 'cupiditate', '107', '101', '41', '969.00', 'awaiting payment', '163', '2', '1', '5', '7', '1987-01-04 11:05:44', '2018-09-20 07:41:45');
INSERT INTO `deals` (`id`, `name`, `executor_id`, `customer_id`, `work_id`, `price`, `status`, `breaker`, `executor_rating`, `customer_rating`, `deal_rating`, `media`, `created_at`, `updated_at`) VALUES ('313', 'illo', '102', '132', '10', '1351.00', 'canceled', '197', '4', '3', '5', '1', '2013-06-07 11:19:50', '1993-11-11 11:20:58');
INSERT INTO `deals` (`id`, `name`, `executor_id`, `customer_id`, `work_id`, `price`, `status`, `breaker`, `executor_rating`, `customer_rating`, `deal_rating`, `media`, `created_at`, `updated_at`) VALUES ('314', 'enim', '106', '128', '8', '807.00', 'closed', '131', '2', '3', '1', '30', '1992-05-04 09:23:12', '1974-03-14 00:12:47');
INSERT INTO `deals` (`id`, `name`, `executor_id`, `customer_id`, `work_id`, `price`, `status`, `breaker`, `executor_rating`, `customer_rating`, `deal_rating`, `media`, `created_at`, `updated_at`) VALUES ('315', 'cumque', '114', '140', '3', '1785.00', 'started', '152', '4', '5', '1', '5', '2009-12-08 15:34:38', '1991-12-06 14:39:30');
INSERT INTO `deals` (`id`, `name`, `executor_id`, `customer_id`, `work_id`, `price`, `status`, `breaker`, `executor_rating`, `customer_rating`, `deal_rating`, `media`, `created_at`, `updated_at`) VALUES ('316', 'neque', '102', '158', '6', '1574.00', 'confirmed', '118', '1', '3', '3', '46', '2012-06-11 22:08:10', '2019-06-19 00:40:37');
INSERT INTO `deals` (`id`, `name`, `executor_id`, `customer_id`, `work_id`, `price`, `status`, `breaker`, `executor_rating`, `customer_rating`, `deal_rating`, `media`, `created_at`, `updated_at`) VALUES ('317', 'quos', '105', '101', '4', '1184.00', 'awaiting payment', '180', '4', '3', '2', '34', '1984-01-03 17:55:49', '2004-10-18 10:00:14');
INSERT INTO `deals` (`id`, `name`, `executor_id`, `customer_id`, `work_id`, `price`, `status`, `breaker`, `executor_rating`, `customer_rating`, `deal_rating`, `media`, `created_at`, `updated_at`) VALUES ('318', 'iusto', '102', '127', '34', '1678.00', 'started', '183', '5', '1', '2', '4', '1990-02-27 10:28:07', '1974-07-29 07:57:33');
INSERT INTO `deals` (`id`, `name`, `executor_id`, `customer_id`, `work_id`, `price`, `status`, `breaker`, `executor_rating`, `customer_rating`, `deal_rating`, `media`, `created_at`, `updated_at`) VALUES ('319', 'distinctio', '116', '108', '25', '1318.00', 'completed', '197', '5', '3', '4', '6', '2018-09-03 22:01:17', '2003-02-01 03:03:04');
INSERT INTO `deals` (`id`, `name`, `executor_id`, `customer_id`, `work_id`, `price`, `status`, `breaker`, `executor_rating`, `customer_rating`, `deal_rating`, `media`, `created_at`, `updated_at`) VALUES ('320', 'et', '108', '127', '23', '841.00', 'started', '156', '4', '5', '4', '34', '2003-05-16 18:25:25', '1974-05-23 04:50:51');
INSERT INTO `deals` (`id`, `name`, `executor_id`, `customer_id`, `work_id`, `price`, `status`, `breaker`, `executor_rating`, `customer_rating`, `deal_rating`, `media`, `created_at`, `updated_at`) VALUES ('321', 'laborum', '101', '128', '10', '670.00', 'confirmed', '108', '3', '5', '2', '49', '1995-12-12 08:06:41', '1996-01-08 15:43:42');
INSERT INTO `deals` (`id`, `name`, `executor_id`, `customer_id`, `work_id`, `price`, `status`, `breaker`, `executor_rating`, `customer_rating`, `deal_rating`, `media`, `created_at`, `updated_at`) VALUES ('322', 'iure', '105', '121', '39', '1880.00', 'started', '135', '3', '4', '5', '21', '1980-03-07 15:24:36', '1991-11-21 00:33:01');
INSERT INTO `deals` (`id`, `name`, `executor_id`, `customer_id`, `work_id`, `price`, `status`, `breaker`, `executor_rating`, `customer_rating`, `deal_rating`, `media`, `created_at`, `updated_at`) VALUES ('323', 'quo', '113', '145', '21', '1388.00', 'started', '164', '1', '1', '1', '25', '1984-03-29 01:15:09', '2020-05-10 08:24:08');
INSERT INTO `deals` (`id`, `name`, `executor_id`, `customer_id`, `work_id`, `price`, `status`, `breaker`, `executor_rating`, `customer_rating`, `deal_rating`, `media`, `created_at`, `updated_at`) VALUES ('324', 'placeat', '101', '164', '42', '648.00', 'completed', '164', '5', '2', '1', '39', '1986-09-27 17:50:05', '2019-09-06 02:05:02');
INSERT INTO `deals` (`id`, `name`, `executor_id`, `customer_id`, `work_id`, `price`, `status`, `breaker`, `executor_rating`, `customer_rating`, `deal_rating`, `media`, `created_at`, `updated_at`) VALUES ('325', 'facilis', '117', '143', '44', '1930.00', 'started', '136', '3', '1', '5', '28', '1992-05-14 14:09:33', '2015-12-23 05:04:55');
INSERT INTO `deals` (`id`, `name`, `executor_id`, `customer_id`, `work_id`, `price`, `status`, `breaker`, `executor_rating`, `customer_rating`, `deal_rating`, `media`, `created_at`, `updated_at`) VALUES ('326', 'ut', '117', '171', '45', '1017.00', 'started', '137', '4', '1', '3', '27', '2015-09-16 12:14:09', '1997-03-25 18:13:53');
INSERT INTO `deals` (`id`, `name`, `executor_id`, `customer_id`, `work_id`, `price`, `status`, `breaker`, `executor_rating`, `customer_rating`, `deal_rating`, `media`, `created_at`, `updated_at`) VALUES ('327', 'ea', '108', '136', '45', '1906.00', 'canceled', '163', '5', '2', '1', '28', '1977-11-02 14:30:33', '1991-01-17 11:34:21');
INSERT INTO `deals` (`id`, `name`, `executor_id`, `customer_id`, `work_id`, `price`, `status`, `breaker`, `executor_rating`, `customer_rating`, `deal_rating`, `media`, `created_at`, `updated_at`) VALUES ('328', 'minus', '116', '101', '39', '1167.00', 'started', '153', '3', '5', '1', '20', '1976-10-01 14:03:55', '1974-01-03 10:07:17');
INSERT INTO `deals` (`id`, `name`, `executor_id`, `customer_id`, `work_id`, `price`, `status`, `breaker`, `executor_rating`, `customer_rating`, `deal_rating`, `media`, `created_at`, `updated_at`) VALUES ('329', 'magnam', '102', '125', '1', '1654.00', 'started', '150', '1', '5', '2', '4', '1978-05-07 13:40:26', '1979-08-30 03:03:16');
INSERT INTO `deals` (`id`, `name`, `executor_id`, `customer_id`, `work_id`, `price`, `status`, `breaker`, `executor_rating`, `customer_rating`, `deal_rating`, `media`, `created_at`, `updated_at`) VALUES ('330', 'voluptatum', '107', '149', '47', '1992.00', 'confirmed', '130', '5', '2', '5', '22', '1974-03-25 03:36:55', '2004-07-23 09:50:15');
INSERT INTO `deals` (`id`, `name`, `executor_id`, `customer_id`, `work_id`, `price`, `status`, `breaker`, `executor_rating`, `customer_rating`, `deal_rating`, `media`, `created_at`, `updated_at`) VALUES ('331', 'et', '114', '121', '1', '1497.00', 'canceled', '148', '5', '3', '2', '31', '2009-07-30 07:24:03', '1974-10-26 17:18:17');
INSERT INTO `deals` (`id`, `name`, `executor_id`, `customer_id`, `work_id`, `price`, `status`, `breaker`, `executor_rating`, `customer_rating`, `deal_rating`, `media`, `created_at`, `updated_at`) VALUES ('332', 'quae', '108', '142', '26', '1664.00', 'closed', '138', '2', '3', '4', '49', '1988-09-18 17:11:10', '2014-12-30 11:20:56');
INSERT INTO `deals` (`id`, `name`, `executor_id`, `customer_id`, `work_id`, `price`, `status`, `breaker`, `executor_rating`, `customer_rating`, `deal_rating`, `media`, `created_at`, `updated_at`) VALUES ('333', 'corrupti', '101', '192', '22', '1155.00', 'created', '187', '3', '4', '3', '36', '1999-06-18 20:59:33', '2017-03-01 04:50:01');
INSERT INTO `deals` (`id`, `name`, `executor_id`, `customer_id`, `work_id`, `price`, `status`, `breaker`, `executor_rating`, `customer_rating`, `deal_rating`, `media`, `created_at`, `updated_at`) VALUES ('334', 'expedita', '117', '160', '36', '1565.00', 'created', '164', '2', '4', '1', '23', '1987-07-04 16:24:59', '1993-10-01 20:58:32');
INSERT INTO `deals` (`id`, `name`, `executor_id`, `customer_id`, `work_id`, `price`, `status`, `breaker`, `executor_rating`, `customer_rating`, `deal_rating`, `media`, `created_at`, `updated_at`) VALUES ('335', 'eum', '102', '181', '39', '1322.00', 'confirmed', '108', '1', '5', '1', '27', '2019-09-30 17:12:51', '1977-09-10 09:58:59');
INSERT INTO `deals` (`id`, `name`, `executor_id`, `customer_id`, `work_id`, `price`, `status`, `breaker`, `executor_rating`, `customer_rating`, `deal_rating`, `media`, `created_at`, `updated_at`) VALUES ('336', 'et', '116', '144', '11', '1860.00', 'awaiting payment', '169', '3', '3', '1', '46', '2020-08-01 20:12:02', '1984-01-05 16:03:50');
INSERT INTO `deals` (`id`, `name`, `executor_id`, `customer_id`, `work_id`, `price`, `status`, `breaker`, `executor_rating`, `customer_rating`, `deal_rating`, `media`, `created_at`, `updated_at`) VALUES ('337', 'laboriosam', '113', '137', '7', '1834.00', 'started', '156', '1', '4', '3', '4', '1988-09-19 10:05:25', '2002-04-16 05:42:18');
INSERT INTO `deals` (`id`, `name`, `executor_id`, `customer_id`, `work_id`, `price`, `status`, `breaker`, `executor_rating`, `customer_rating`, `deal_rating`, `media`, `created_at`, `updated_at`) VALUES ('338', 'esse', '114', '118', '31', '1690.00', 'awaiting payment', '125', '1', '3', '2', '33', '1981-08-09 22:35:16', '1993-08-24 05:44:41');
INSERT INTO `deals` (`id`, `name`, `executor_id`, `customer_id`, `work_id`, `price`, `status`, `breaker`, `executor_rating`, `customer_rating`, `deal_rating`, `media`, `created_at`, `updated_at`) VALUES ('339', 'facilis', '108', '127', '32', '1356.00', 'completed', '102', '5', '4', '5', '14', '1971-07-19 10:52:46', '2016-05-07 15:16:13');
INSERT INTO `deals` (`id`, `name`, `executor_id`, `customer_id`, `work_id`, `price`, `status`, `breaker`, `executor_rating`, `customer_rating`, `deal_rating`, `media`, `created_at`, `updated_at`) VALUES ('340', 'repellat', '106', '101', '5', '505.00', 'confirmed', '106', '3', '3', '5', '39', '1987-03-12 00:21:30', '2016-07-16 03:27:46');
INSERT INTO `deals` (`id`, `name`, `executor_id`, `customer_id`, `work_id`, `price`, `status`, `breaker`, `executor_rating`, `customer_rating`, `deal_rating`, `media`, `created_at`, `updated_at`) VALUES ('341', 'cumque', '108', '114', '36', '1174.00', 'started', '131', '1', '1', '3', '13', '1997-07-13 10:05:47', '1987-06-10 10:51:31');
INSERT INTO `deals` (`id`, `name`, `executor_id`, `customer_id`, `work_id`, `price`, `status`, `breaker`, `executor_rating`, `customer_rating`, `deal_rating`, `media`, `created_at`, `updated_at`) VALUES ('342', 'vero', '105', '117', '43', '1155.00', 'closed', '142', '4', '1', '5', '49', '1986-11-22 00:55:55', '2009-01-13 21:12:29');
INSERT INTO `deals` (`id`, `name`, `executor_id`, `customer_id`, `work_id`, `price`, `status`, `breaker`, `executor_rating`, `customer_rating`, `deal_rating`, `media`, `created_at`, `updated_at`) VALUES ('343', 'quam', '114', '113', '24', '926.00', 'started', '183', '2', '5', '4', '40', '2000-03-23 19:05:47', '2016-03-07 06:03:44');
INSERT INTO `deals` (`id`, `name`, `executor_id`, `customer_id`, `work_id`, `price`, `status`, `breaker`, `executor_rating`, `customer_rating`, `deal_rating`, `media`, `created_at`, `updated_at`) VALUES ('344', 'sed', '108', '147', '50', '734.00', 'created', '116', '1', '3', '4', '47', '1978-05-12 19:37:55', '2014-07-03 21:11:24');
INSERT INTO `deals` (`id`, `name`, `executor_id`, `customer_id`, `work_id`, `price`, `status`, `breaker`, `executor_rating`, `customer_rating`, `deal_rating`, `media`, `created_at`, `updated_at`) VALUES ('345', 'beatae', '113', '152', '13', '572.00', 'closed', '127', '4', '3', '2', '38', '1983-03-30 04:04:28', '1986-09-02 05:33:30');
INSERT INTO `deals` (`id`, `name`, `executor_id`, `customer_id`, `work_id`, `price`, `status`, `breaker`, `executor_rating`, `customer_rating`, `deal_rating`, `media`, `created_at`, `updated_at`) VALUES ('346', 'voluptatem', '108', '145', '38', '1612.00', 'started', '152', '5', '4', '1', '34', '2016-02-06 17:11:52', '1977-03-27 01:20:37');
INSERT INTO `deals` (`id`, `name`, `executor_id`, `customer_id`, `work_id`, `price`, `status`, `breaker`, `executor_rating`, `customer_rating`, `deal_rating`, `media`, `created_at`, `updated_at`) VALUES ('347', 'magnam', '108', '116', '42', '570.00', 'started', '123', '3', '5', '1', '25', '1978-07-07 08:32:10', '1986-11-02 00:24:29');
INSERT INTO `deals` (`id`, `name`, `executor_id`, `customer_id`, `work_id`, `price`, `status`, `breaker`, `executor_rating`, `customer_rating`, `deal_rating`, `media`, `created_at`, `updated_at`) VALUES ('348', 'officiis', '101', '137', '34', '1402.00', 'completed', '186', '4', '5', '3', '48', '2013-08-21 09:32:22', '1977-02-18 20:25:20');
INSERT INTO `deals` (`id`, `name`, `executor_id`, `customer_id`, `work_id`, `price`, `status`, `breaker`, `executor_rating`, `customer_rating`, `deal_rating`, `media`, `created_at`, `updated_at`) VALUES ('349', 'voluptate', '113', '149', '4', '1758.00', 'started', '113', '1', '3', '3', '30', '1986-03-23 10:47:23', '1971-06-16 08:09:59');
INSERT INTO `deals` (`id`, `name`, `executor_id`, `customer_id`, `work_id`, `price`, `status`, `breaker`, `executor_rating`, `customer_rating`, `deal_rating`, `media`, `created_at`, `updated_at`) VALUES ('350', 'vitae', '116', '146', '13', '1211.00', 'created', '179', '2', '2', '5', '39', '1981-07-05 20:46:08', '1991-01-11 15:45:14');
INSERT INTO `deals` (`id`, `name`, `executor_id`, `customer_id`, `work_id`, `price`, `status`, `breaker`, `executor_rating`, `customer_rating`, `deal_rating`, `media`, `created_at`, `updated_at`) VALUES ('351', 'non', '102', '137', '25', '1162.00', 'created', '138', '5', '4', '3', '39', '2012-12-24 15:36:25', '2012-08-25 21:49:56');
INSERT INTO `deals` (`id`, `name`, `executor_id`, `customer_id`, `work_id`, `price`, `status`, `breaker`, `executor_rating`, `customer_rating`, `deal_rating`, `media`, `created_at`, `updated_at`) VALUES ('352', 'ullam', '105', '187', '20', '1207.00', 'started', '101', '1', '2', '4', '29', '2004-06-30 08:01:31', '1982-10-04 09:11:14');
INSERT INTO `deals` (`id`, `name`, `executor_id`, `customer_id`, `work_id`, `price`, `status`, `breaker`, `executor_rating`, `customer_rating`, `deal_rating`, `media`, `created_at`, `updated_at`) VALUES ('353', 'qui', '101', '140', '38', '641.00', 'completed', '181', '4', '4', '4', '39', '2006-03-27 09:27:14', '1990-08-04 12:36:49');
INSERT INTO `deals` (`id`, `name`, `executor_id`, `customer_id`, `work_id`, `price`, `status`, `breaker`, `executor_rating`, `customer_rating`, `deal_rating`, `media`, `created_at`, `updated_at`) VALUES ('354', 'dignissimos', '105', '192', '13', '536.00', 'started', '186', '5', '2', '4', '46', '1990-06-18 05:46:14', '1990-03-08 19:01:53');
INSERT INTO `deals` (`id`, `name`, `executor_id`, `customer_id`, `work_id`, `price`, `status`, `breaker`, `executor_rating`, `customer_rating`, `deal_rating`, `media`, `created_at`, `updated_at`) VALUES ('355', 'esse', '102', '143', '31', '1616.00', 'closed', '125', '4', '4', '3', '34', '1998-02-24 20:02:24', '1977-01-25 21:50:03');
INSERT INTO `deals` (`id`, `name`, `executor_id`, `customer_id`, `work_id`, `price`, `status`, `breaker`, `executor_rating`, `customer_rating`, `deal_rating`, `media`, `created_at`, `updated_at`) VALUES ('356', 'modi', '102', '108', '16', '1694.00', 'created', '140', '3', '4', '2', '49', '1978-07-04 21:24:41', '1988-10-04 23:46:47');
INSERT INTO `deals` (`id`, `name`, `executor_id`, `customer_id`, `work_id`, `price`, `status`, `breaker`, `executor_rating`, `customer_rating`, `deal_rating`, `media`, `created_at`, `updated_at`) VALUES ('357', 'et', '101', '146', '24', '552.00', 'closed', '149', '5', '3', '2', '4', '1975-03-03 13:31:09', '1988-01-05 06:29:17');
INSERT INTO `deals` (`id`, `name`, `executor_id`, `customer_id`, `work_id`, `price`, `status`, `breaker`, `executor_rating`, `customer_rating`, `deal_rating`, `media`, `created_at`, `updated_at`) VALUES ('358', 'incidunt', '105', '160', '2', '1100.00', 'completed', '153', '5', '1', '4', '42', '2007-06-04 18:29:36', '2018-11-22 09:00:20');
INSERT INTO `deals` (`id`, `name`, `executor_id`, `customer_id`, `work_id`, `price`, `status`, `breaker`, `executor_rating`, `customer_rating`, `deal_rating`, `media`, `created_at`, `updated_at`) VALUES ('359', 'doloribus', '113', '150', '18', '1061.00', 'closed', '134', '1', '1', '5', '30', '1980-09-07 12:49:21', '1995-08-12 18:44:22');
INSERT INTO `deals` (`id`, `name`, `executor_id`, `customer_id`, `work_id`, `price`, `status`, `breaker`, `executor_rating`, `customer_rating`, `deal_rating`, `media`, `created_at`, `updated_at`) VALUES ('360', 'animi', '102', '144', '29', '1961.00', 'created', '132', '4', '3', '3', '26', '2007-07-27 15:51:56', '2011-10-02 02:27:19');
INSERT INTO `deals` (`id`, `name`, `executor_id`, `customer_id`, `work_id`, `price`, `status`, `breaker`, `executor_rating`, `customer_rating`, `deal_rating`, `media`, `created_at`, `updated_at`) VALUES ('361', 'earum', '107', '142', '5', '1959.00', 'awaiting payment', '107', '1', '5', '2', '41', '1971-03-08 23:59:49', '2015-12-20 16:10:26');
INSERT INTO `deals` (`id`, `name`, `executor_id`, `customer_id`, `work_id`, `price`, `status`, `breaker`, `executor_rating`, `customer_rating`, `deal_rating`, `media`, `created_at`, `updated_at`) VALUES ('362', 'officiis', '114', '123', '47', '1781.00', 'canceled', '107', '5', '1', '4', '37', '1982-04-03 00:56:11', '1996-04-14 07:28:40');
INSERT INTO `deals` (`id`, `name`, `executor_id`, `customer_id`, `work_id`, `price`, `status`, `breaker`, `executor_rating`, `customer_rating`, `deal_rating`, `media`, `created_at`, `updated_at`) VALUES ('363', 'quisquam', '117', '114', '18', '1441.00', 'awaiting payment', '134', '3', '1', '3', '37', '1979-04-28 05:51:43', '2002-06-09 06:39:36');
INSERT INTO `deals` (`id`, `name`, `executor_id`, `customer_id`, `work_id`, `price`, `status`, `breaker`, `executor_rating`, `customer_rating`, `deal_rating`, `media`, `created_at`, `updated_at`) VALUES ('364', 'est', '107', '145', '28', '536.00', 'closed', '140', '5', '4', '2', '13', '2003-01-25 07:09:20', '2000-11-19 13:48:10');
INSERT INTO `deals` (`id`, `name`, `executor_id`, `customer_id`, `work_id`, `price`, `status`, `breaker`, `executor_rating`, `customer_rating`, `deal_rating`, `media`, `created_at`, `updated_at`) VALUES ('365', 'voluptas', '106', '106', '48', '1712.00', 'closed', '162', '3', '1', '1', '22', '1972-04-25 23:54:47', '1980-06-17 23:23:31');
INSERT INTO `deals` (`id`, `name`, `executor_id`, `customer_id`, `work_id`, `price`, `status`, `breaker`, `executor_rating`, `customer_rating`, `deal_rating`, `media`, `created_at`, `updated_at`) VALUES ('366', 'nemo', '108', '162', '2', '613.00', 'completed', '114', '4', '1', '4', '10', '2020-05-15 22:29:39', '2017-05-03 11:21:54');
INSERT INTO `deals` (`id`, `name`, `executor_id`, `customer_id`, `work_id`, `price`, `status`, `breaker`, `executor_rating`, `customer_rating`, `deal_rating`, `media`, `created_at`, `updated_at`) VALUES ('367', 'non', '108', '145', '37', '1647.00', 'canceled', '152', '5', '5', '5', '35', '1982-02-07 21:58:16', '2003-10-23 04:03:18');
INSERT INTO `deals` (`id`, `name`, `executor_id`, `customer_id`, `work_id`, `price`, `status`, `breaker`, `executor_rating`, `customer_rating`, `deal_rating`, `media`, `created_at`, `updated_at`) VALUES ('368', 'ex', '108', '131', '49', '1466.00', 'awaiting payment', '143', '2', '1', '3', '23', '1983-04-17 20:43:12', '2015-02-03 12:33:28');
INSERT INTO `deals` (`id`, `name`, `executor_id`, `customer_id`, `work_id`, `price`, `status`, `breaker`, `executor_rating`, `customer_rating`, `deal_rating`, `media`, `created_at`, `updated_at`) VALUES ('369', 'rerum', '113', '131', '31', '1167.00', 'confirmed', '105', '2', '4', '2', '38', '2004-08-27 05:58:34', '2017-11-19 14:21:14');
INSERT INTO `deals` (`id`, `name`, `executor_id`, `customer_id`, `work_id`, `price`, `status`, `breaker`, `executor_rating`, `customer_rating`, `deal_rating`, `media`, `created_at`, `updated_at`) VALUES ('370', 'maxime', '106', '136', '19', '1717.00', 'closed', '181', '1', '4', '3', '47', '1973-04-24 10:39:17', '1984-10-14 18:08:27');
INSERT INTO `deals` (`id`, `name`, `executor_id`, `customer_id`, `work_id`, `price`, `status`, `breaker`, `executor_rating`, `customer_rating`, `deal_rating`, `media`, `created_at`, `updated_at`) VALUES ('371', 'deserunt', '113', '122', '50', '1650.00', 'started', '149', '5', '5', '1', '49', '2015-12-14 00:24:30', '2011-08-15 23:41:21');
INSERT INTO `deals` (`id`, `name`, `executor_id`, `customer_id`, `work_id`, `price`, `status`, `breaker`, `executor_rating`, `customer_rating`, `deal_rating`, `media`, `created_at`, `updated_at`) VALUES ('372', 'tempora', '107', '113', '41', '925.00', 'canceled', '140', '1', '1', '2', '13', '2012-06-03 10:33:57', '2004-03-28 19:43:55');
INSERT INTO `deals` (`id`, `name`, `executor_id`, `customer_id`, `work_id`, `price`, `status`, `breaker`, `executor_rating`, `customer_rating`, `deal_rating`, `media`, `created_at`, `updated_at`) VALUES ('373', 'quam', '117', '193', '44', '621.00', 'created', '162', '2', '4', '3', '31', '1993-10-30 23:22:48', '2007-02-19 22:22:51');
INSERT INTO `deals` (`id`, `name`, `executor_id`, `customer_id`, `work_id`, `price`, `status`, `breaker`, `executor_rating`, `customer_rating`, `deal_rating`, `media`, `created_at`, `updated_at`) VALUES ('374', 'perspiciatis', '108', '123', '1', '961.00', 'canceled', '146', '5', '2', '3', '38', '1972-07-07 19:29:06', '1997-12-05 13:30:32');
INSERT INTO `deals` (`id`, `name`, `executor_id`, `customer_id`, `work_id`, `price`, `status`, `breaker`, `executor_rating`, `customer_rating`, `deal_rating`, `media`, `created_at`, `updated_at`) VALUES ('375', 'ea', '107', '121', '7', '1955.00', 'created', '107', '1', '1', '3', '14', '1973-02-08 17:54:04', '2010-04-18 21:53:20');
INSERT INTO `deals` (`id`, `name`, `executor_id`, `customer_id`, `work_id`, `price`, `status`, `breaker`, `executor_rating`, `customer_rating`, `deal_rating`, `media`, `created_at`, `updated_at`) VALUES ('376', 'eligendi', '116', '132', '38', '570.00', 'canceled', '125', '4', '1', '3', '15', '1985-12-22 23:29:15', '2018-11-24 21:53:39');
INSERT INTO `deals` (`id`, `name`, `executor_id`, `customer_id`, `work_id`, `price`, `status`, `breaker`, `executor_rating`, `customer_rating`, `deal_rating`, `media`, `created_at`, `updated_at`) VALUES ('377', 'sint', '113', '169', '28', '1555.00', 'awaiting payment', '158', '5', '2', '4', '23', '1973-02-18 00:37:21', '2010-11-20 07:25:01');
INSERT INTO `deals` (`id`, `name`, `executor_id`, `customer_id`, `work_id`, `price`, `status`, `breaker`, `executor_rating`, `customer_rating`, `deal_rating`, `media`, `created_at`, `updated_at`) VALUES ('378', 'occaecati', '108', '108', '30', '854.00', 'confirmed', '130', '1', '5', '2', '28', '2020-03-14 06:57:29', '1978-03-15 13:25:08');
INSERT INTO `deals` (`id`, `name`, `executor_id`, `customer_id`, `work_id`, `price`, `status`, `breaker`, `executor_rating`, `customer_rating`, `deal_rating`, `media`, `created_at`, `updated_at`) VALUES ('379', 'iure', '116', '125', '27', '594.00', 'awaiting payment', '162', '2', '1', '2', '2', '2001-02-01 15:50:24', '1994-06-16 12:41:01');
INSERT INTO `deals` (`id`, `name`, `executor_id`, `customer_id`, `work_id`, `price`, `status`, `breaker`, `executor_rating`, `customer_rating`, `deal_rating`, `media`, `created_at`, `updated_at`) VALUES ('380', 'id', '102', '123', '16', '1431.00', 'completed', '117', '2', '5', '2', '41', '1975-06-15 12:00:20', '2006-01-10 13:10:46');
INSERT INTO `deals` (`id`, `name`, `executor_id`, `customer_id`, `work_id`, `price`, `status`, `breaker`, `executor_rating`, `customer_rating`, `deal_rating`, `media`, `created_at`, `updated_at`) VALUES ('381', 'aut', '101', '146', '2', '929.00', 'awaiting payment', '118', '4', '2', '4', '35', '1978-09-17 22:38:48', '1977-05-24 16:15:11');
INSERT INTO `deals` (`id`, `name`, `executor_id`, `customer_id`, `work_id`, `price`, `status`, `breaker`, `executor_rating`, `customer_rating`, `deal_rating`, `media`, `created_at`, `updated_at`) VALUES ('382', 'est', '106', '106', '5', '1966.00', 'started', '106', '2', '1', '3', '17', '2019-03-11 21:00:11', '2008-10-07 04:54:23');
INSERT INTO `deals` (`id`, `name`, `executor_id`, `customer_id`, `work_id`, `price`, `status`, `breaker`, `executor_rating`, `customer_rating`, `deal_rating`, `media`, `created_at`, `updated_at`) VALUES ('383', 'minus', '106', '153', '11', '1815.00', 'awaiting payment', '187', '4', '3', '4', '21', '2001-11-11 22:14:39', '1970-08-19 08:53:22');
INSERT INTO `deals` (`id`, `name`, `executor_id`, `customer_id`, `work_id`, `price`, `status`, `breaker`, `executor_rating`, `customer_rating`, `deal_rating`, `media`, `created_at`, `updated_at`) VALUES ('384', 'dolores', '113', '135', '26', '1764.00', 'awaiting payment', '125', '3', '2', '3', '39', '2019-06-17 05:06:52', '1987-04-02 05:55:54');
INSERT INTO `deals` (`id`, `name`, `executor_id`, `customer_id`, `work_id`, `price`, `status`, `breaker`, `executor_rating`, `customer_rating`, `deal_rating`, `media`, `created_at`, `updated_at`) VALUES ('385', 'illum', '101', '108', '5', '525.00', 'awaiting payment', '150', '1', '3', '1', '41', '1984-01-08 22:06:11', '1974-03-10 01:12:24');
INSERT INTO `deals` (`id`, `name`, `executor_id`, `customer_id`, `work_id`, `price`, `status`, `breaker`, `executor_rating`, `customer_rating`, `deal_rating`, `media`, `created_at`, `updated_at`) VALUES ('386', 'consequuntur', '102', '153', '5', '1131.00', 'closed', '137', '3', '3', '3', '46', '2009-07-02 14:16:18', '1999-02-12 21:31:07');
INSERT INTO `deals` (`id`, `name`, `executor_id`, `customer_id`, `work_id`, `price`, `status`, `breaker`, `executor_rating`, `customer_rating`, `deal_rating`, `media`, `created_at`, `updated_at`) VALUES ('387', 'est', '117', '136', '27', '927.00', 'confirmed', '187', '4', '4', '1', '34', '1975-09-27 17:10:52', '2016-10-27 14:51:17');
INSERT INTO `deals` (`id`, `name`, `executor_id`, `customer_id`, `work_id`, `price`, `status`, `breaker`, `executor_rating`, `customer_rating`, `deal_rating`, `media`, `created_at`, `updated_at`) VALUES ('388', 'enim', '105', '122', '37', '1176.00', 'closed', '131', '3', '1', '5', '16', '1974-08-03 19:45:44', '2020-07-18 16:24:10');
INSERT INTO `deals` (`id`, `name`, `executor_id`, `customer_id`, `work_id`, `price`, `status`, `breaker`, `executor_rating`, `customer_rating`, `deal_rating`, `media`, `created_at`, `updated_at`) VALUES ('389', 'et', '101', '152', '3', '1263.00', 'awaiting payment', '127', '4', '2', '5', '33', '1983-01-05 04:49:54', '1992-12-23 02:04:20');
INSERT INTO `deals` (`id`, `name`, `executor_id`, `customer_id`, `work_id`, `price`, `status`, `breaker`, `executor_rating`, `customer_rating`, `deal_rating`, `media`, `created_at`, `updated_at`) VALUES ('390', 'tempora', '107', '183', '6', '1930.00', 'awaiting payment', '197', '3', '1', '3', '10', '2020-02-18 01:10:03', '1990-03-29 14:01:08');
INSERT INTO `deals` (`id`, `name`, `executor_id`, `customer_id`, `work_id`, `price`, `status`, `breaker`, `executor_rating`, `customer_rating`, `deal_rating`, `media`, `created_at`, `updated_at`) VALUES ('391', 'fuga', '116', '105', '15', '508.00', 'canceled', '193', '2', '4', '2', '34', '1976-10-03 20:29:12', '1986-03-22 05:34:38');
INSERT INTO `deals` (`id`, `name`, `executor_id`, `customer_id`, `work_id`, `price`, `status`, `breaker`, `executor_rating`, `customer_rating`, `deal_rating`, `media`, `created_at`, `updated_at`) VALUES ('392', 'qui', '102', '108', '22', '1130.00', 'closed', '121', '1', '5', '4', '27', '1972-03-12 07:42:11', '1975-02-02 10:18:40');
INSERT INTO `deals` (`id`, `name`, `executor_id`, `customer_id`, `work_id`, `price`, `status`, `breaker`, `executor_rating`, `customer_rating`, `deal_rating`, `media`, `created_at`, `updated_at`) VALUES ('393', 'quas', '106', '108', '1', '1525.00', 'started', '180', '3', '1', '5', '3', '2004-01-11 23:58:09', '1994-01-23 00:12:03');
INSERT INTO `deals` (`id`, `name`, `executor_id`, `customer_id`, `work_id`, `price`, `status`, `breaker`, `executor_rating`, `customer_rating`, `deal_rating`, `media`, `created_at`, `updated_at`) VALUES ('394', 'consequatur', '113', '108', '15', '632.00', 'closed', '136', '2', '5', '3', '22', '1970-09-19 05:31:46', '1994-11-27 07:45:51');
INSERT INTO `deals` (`id`, `name`, `executor_id`, `customer_id`, `work_id`, `price`, `status`, `breaker`, `executor_rating`, `customer_rating`, `deal_rating`, `media`, `created_at`, `updated_at`) VALUES ('395', 'at', '113', '136', '9', '1942.00', 'created', '156', '4', '5', '2', '37', '1973-01-26 07:49:34', '1978-09-25 03:59:02');
INSERT INTO `deals` (`id`, `name`, `executor_id`, `customer_id`, `work_id`, `price`, `status`, `breaker`, `executor_rating`, `customer_rating`, `deal_rating`, `media`, `created_at`, `updated_at`) VALUES ('396', 'dolorem', '116', '113', '34', '620.00', 'awaiting payment', '187', '2', '2', '5', '7', '1972-11-10 09:32:14', '1999-06-02 02:47:36');
INSERT INTO `deals` (`id`, `name`, `executor_id`, `customer_id`, `work_id`, `price`, `status`, `breaker`, `executor_rating`, `customer_rating`, `deal_rating`, `media`, `created_at`, `updated_at`) VALUES ('397', 'accusantium', '116', '162', '10', '1588.00', 'created', '117', '2', '1', '1', '41', '2002-12-26 20:25:55', '2011-11-27 01:06:30');
INSERT INTO `deals` (`id`, `name`, `executor_id`, `customer_id`, `work_id`, `price`, `status`, `breaker`, `executor_rating`, `customer_rating`, `deal_rating`, `media`, `created_at`, `updated_at`) VALUES ('398', 'nisi', '116', '123', '46', '1831.00', 'created', '127', '1', '2', '2', '24', '2002-04-09 05:30:30', '1991-09-05 08:18:20');
INSERT INTO `deals` (`id`, `name`, `executor_id`, `customer_id`, `work_id`, `price`, `status`, `breaker`, `executor_rating`, `customer_rating`, `deal_rating`, `media`, `created_at`, `updated_at`) VALUES ('399', 'molestiae', '107', '145', '30', '1336.00', 'created', '140', '2', '4', '4', '25', '1984-11-06 03:25:43', '2009-06-01 15:48:12');
INSERT INTO `deals` (`id`, `name`, `executor_id`, `customer_id`, `work_id`, `price`, `status`, `breaker`, `executor_rating`, `customer_rating`, `deal_rating`, `media`, `created_at`, `updated_at`) VALUES ('400', 'ipsam', '113', '108', '31', '646.00', 'completed', '186', '5', '2', '3', '26', '1993-05-11 17:26:43', '1992-04-02 18:26:53');
INSERT INTO `deals` (`id`, `name`, `executor_id`, `customer_id`, `work_id`, `price`, `status`, `breaker`, `executor_rating`, `customer_rating`, `deal_rating`, `media`, `created_at`, `updated_at`) VALUES ('401', 'nisi', '101', '140', '49', '635.00', 'started', '122', '3', '2', '1', '10', '1991-07-16 05:00:37', '1991-07-08 13:42:25');
INSERT INTO `deals` (`id`, `name`, `executor_id`, `customer_id`, `work_id`, `price`, `status`, `breaker`, `executor_rating`, `customer_rating`, `deal_rating`, `media`, `created_at`, `updated_at`) VALUES ('402', 'sed', '113', '102', '16', '1793.00', 'awaiting payment', '135', '5', '2', '5', '49', '2017-12-04 12:07:05', '1998-04-24 18:40:06');
INSERT INTO `deals` (`id`, `name`, `executor_id`, `customer_id`, `work_id`, `price`, `status`, `breaker`, `executor_rating`, `customer_rating`, `deal_rating`, `media`, `created_at`, `updated_at`) VALUES ('403', 'nihil', '107', '122', '40', '1526.00', 'completed', '153', '3', '5', '3', '21', '1982-10-31 06:26:00', '2008-10-06 05:52:23');
INSERT INTO `deals` (`id`, `name`, `executor_id`, `customer_id`, `work_id`, `price`, `status`, `breaker`, `executor_rating`, `customer_rating`, `deal_rating`, `media`, `created_at`, `updated_at`) VALUES ('404', 'nesciunt', '113', '137', '35', '1237.00', 'canceled', '145', '1', '3', '3', '38', '1970-11-07 11:50:40', '1978-09-11 23:37:02');
INSERT INTO `deals` (`id`, `name`, `executor_id`, `customer_id`, `work_id`, `price`, `status`, `breaker`, `executor_rating`, `customer_rating`, `deal_rating`, `media`, `created_at`, `updated_at`) VALUES ('405', 'velit', '102', '187', '19', '1449.00', 'canceled', '164', '4', '1', '4', '21', '1995-04-22 13:28:20', '1975-03-04 06:03:26');
INSERT INTO `deals` (`id`, `name`, `executor_id`, `customer_id`, `work_id`, `price`, `status`, `breaker`, `executor_rating`, `customer_rating`, `deal_rating`, `media`, `created_at`, `updated_at`) VALUES ('406', 'est', '116', '130', '26', '650.00', 'canceled', '142', '4', '5', '1', '15', '2014-09-16 12:37:16', '1982-05-24 04:01:06');
INSERT INTO `deals` (`id`, `name`, `executor_id`, `customer_id`, `work_id`, `price`, `status`, `breaker`, `executor_rating`, `customer_rating`, `deal_rating`, `media`, `created_at`, `updated_at`) VALUES ('407', 'molestiae', '101', '138', '41', '1784.00', 'closed', '193', '4', '3', '2', '37', '2008-01-31 09:10:58', '2015-06-21 21:14:08');
INSERT INTO `deals` (`id`, `name`, `executor_id`, `customer_id`, `work_id`, `price`, `status`, `breaker`, `executor_rating`, `customer_rating`, `deal_rating`, `media`, `created_at`, `updated_at`) VALUES ('408', 'repudiandae', '117', '148', '38', '700.00', 'closed', '130', '1', '1', '3', '3', '1987-04-13 11:04:22', '2000-11-22 04:56:03');
INSERT INTO `deals` (`id`, `name`, `executor_id`, `customer_id`, `work_id`, `price`, `status`, `breaker`, `executor_rating`, `customer_rating`, `deal_rating`, `media`, `created_at`, `updated_at`) VALUES ('409', 'adipisci', '114', '153', '15', '1869.00', 'canceled', '144', '1', '3', '5', '20', '2001-09-10 09:11:11', '2020-06-08 16:43:23');
INSERT INTO `deals` (`id`, `name`, `executor_id`, `customer_id`, `work_id`, `price`, `status`, `breaker`, `executor_rating`, `customer_rating`, `deal_rating`, `media`, `created_at`, `updated_at`) VALUES ('410', 'voluptatem', '114', '108', '44', '1553.00', 'awaiting payment', '136', '2', '4', '4', '32', '1992-03-14 12:56:26', '1989-10-27 15:43:03');
INSERT INTO `deals` (`id`, `name`, `executor_id`, `customer_id`, `work_id`, `price`, `status`, `breaker`, `executor_rating`, `customer_rating`, `deal_rating`, `media`, `created_at`, `updated_at`) VALUES ('411', 'iste', '113', '143', '31', '1526.00', 'closed', '101', '5', '2', '1', '16', '1985-05-11 16:49:25', '1975-10-23 22:20:15');
INSERT INTO `deals` (`id`, `name`, `executor_id`, `customer_id`, `work_id`, `price`, `status`, `breaker`, `executor_rating`, `customer_rating`, `deal_rating`, `media`, `created_at`, `updated_at`) VALUES ('412', 'neque', '101', '169', '35', '1661.00', 'started', '145', '2', '3', '2', '18', '1996-06-05 14:38:29', '1979-06-30 07:06:19');
INSERT INTO `deals` (`id`, `name`, `executor_id`, `customer_id`, `work_id`, `price`, `status`, `breaker`, `executor_rating`, `customer_rating`, `deal_rating`, `media`, `created_at`, `updated_at`) VALUES ('413', 'aut', '117', '140', '44', '1214.00', 'confirmed', '169', '4', '4', '4', '26', '1992-12-25 16:28:57', '2008-10-02 13:47:30');
INSERT INTO `deals` (`id`, `name`, `executor_id`, `customer_id`, `work_id`, `price`, `status`, `breaker`, `executor_rating`, `customer_rating`, `deal_rating`, `media`, `created_at`, `updated_at`) VALUES ('414', 'reprehenderit', '108', '158', '10', '513.00', 'confirmed', '131', '4', '2', '3', '6', '1980-05-27 21:42:46', '2005-11-03 23:38:43');
INSERT INTO `deals` (`id`, `name`, `executor_id`, `customer_id`, `work_id`, `price`, `status`, `breaker`, `executor_rating`, `customer_rating`, `deal_rating`, `media`, `created_at`, `updated_at`) VALUES ('415', 'pariatur', '105', '105', '44', '943.00', 'awaiting payment', '146', '4', '5', '3', '28', '2010-07-05 11:32:15', '1987-12-23 05:15:37');
INSERT INTO `deals` (`id`, `name`, `executor_id`, `customer_id`, `work_id`, `price`, `status`, `breaker`, `executor_rating`, `customer_rating`, `deal_rating`, `media`, `created_at`, `updated_at`) VALUES ('416', 'consequuntur', '105', '121', '34', '1017.00', 'confirmed', '114', '2', '1', '5', '32', '2013-01-06 19:00:22', '2000-10-02 14:17:22');
INSERT INTO `deals` (`id`, `name`, `executor_id`, `customer_id`, `work_id`, `price`, `status`, `breaker`, `executor_rating`, `customer_rating`, `deal_rating`, `media`, `created_at`, `updated_at`) VALUES ('417', 'maiores', '106', '153', '10', '1051.00', 'created', '183', '5', '4', '2', '39', '2010-11-07 13:57:22', '1971-08-09 04:21:24');
INSERT INTO `deals` (`id`, `name`, `executor_id`, `customer_id`, `work_id`, `price`, `status`, `breaker`, `executor_rating`, `customer_rating`, `deal_rating`, `media`, `created_at`, `updated_at`) VALUES ('418', 'provident', '108', '180', '33', '1477.00', 'confirmed', '121', '5', '3', '3', '23', '2001-09-16 11:58:33', '1987-07-28 13:14:23');
INSERT INTO `deals` (`id`, `name`, `executor_id`, `customer_id`, `work_id`, `price`, `status`, `breaker`, `executor_rating`, `customer_rating`, `deal_rating`, `media`, `created_at`, `updated_at`) VALUES ('419', 'ipsam', '117', '116', '50', '1709.00', 'confirmed', '179', '2', '5', '4', '49', '1995-03-18 18:00:27', '1988-10-17 04:23:36');
INSERT INTO `deals` (`id`, `name`, `executor_id`, `customer_id`, `work_id`, `price`, `status`, `breaker`, `executor_rating`, `customer_rating`, `deal_rating`, `media`, `created_at`, `updated_at`) VALUES ('420', 'beatae', '107', '135', '38', '1931.00', 'closed', '159', '5', '4', '4', '39', '1983-09-29 22:17:35', '1997-01-10 09:58:42');
INSERT INTO `deals` (`id`, `name`, `executor_id`, `customer_id`, `work_id`, `price`, `status`, `breaker`, `executor_rating`, `customer_rating`, `deal_rating`, `media`, `created_at`, `updated_at`) VALUES ('421', 'sed', '116', '180', '42', '1674.00', 'created', '162', '5', '2', '2', '23', '2012-07-25 23:42:18', '2012-04-04 08:41:46');
INSERT INTO `deals` (`id`, `name`, `executor_id`, `customer_id`, `work_id`, `price`, `status`, `breaker`, `executor_rating`, `customer_rating`, `deal_rating`, `media`, `created_at`, `updated_at`) VALUES ('422', 'id', '106', '192', '35', '666.00', 'confirmed', '105', '4', '1', '4', '5', '2017-06-30 23:05:53', '1971-01-14 02:31:03');
INSERT INTO `deals` (`id`, `name`, `executor_id`, `customer_id`, `work_id`, `price`, `status`, `breaker`, `executor_rating`, `customer_rating`, `deal_rating`, `media`, `created_at`, `updated_at`) VALUES ('423', 'nulla', '106', '130', '43', '1025.00', 'awaiting payment', '145', '1', '2', '5', '14', '1992-03-18 03:26:52', '1998-06-23 05:55:19');
INSERT INTO `deals` (`id`, `name`, `executor_id`, `customer_id`, `work_id`, `price`, `status`, `breaker`, `executor_rating`, `customer_rating`, `deal_rating`, `media`, `created_at`, `updated_at`) VALUES ('424', 'qui', '113', '102', '10', '502.00', 'created', '125', '4', '3', '3', '12', '1983-09-29 21:32:39', '1986-02-05 06:48:49');
INSERT INTO `deals` (`id`, `name`, `executor_id`, `customer_id`, `work_id`, `price`, `status`, `breaker`, `executor_rating`, `customer_rating`, `deal_rating`, `media`, `created_at`, `updated_at`) VALUES ('425', 'nobis', '113', '122', '21', '1771.00', 'closed', '153', '2', '3', '4', '6', '1977-05-16 07:26:06', '2015-06-30 13:54:42');
INSERT INTO `deals` (`id`, `name`, `executor_id`, `customer_id`, `work_id`, `price`, `status`, `breaker`, `executor_rating`, `customer_rating`, `deal_rating`, `media`, `created_at`, `updated_at`) VALUES ('426', 'nostrum', '106', '113', '28', '1456.00', 'canceled', '116', '4', '1', '5', '41', '2017-02-19 00:39:00', '2009-03-10 09:55:10');
INSERT INTO `deals` (`id`, `name`, `executor_id`, `customer_id`, `work_id`, `price`, `status`, `breaker`, `executor_rating`, `customer_rating`, `deal_rating`, `media`, `created_at`, `updated_at`) VALUES ('427', 'laudantium', '106', '197', '37', '801.00', 'canceled', '116', '2', '3', '2', '36', '1994-02-07 04:37:40', '1985-02-06 16:54:53');
INSERT INTO `deals` (`id`, `name`, `executor_id`, `customer_id`, `work_id`, `price`, `status`, `breaker`, `executor_rating`, `customer_rating`, `deal_rating`, `media`, `created_at`, `updated_at`) VALUES ('428', 'itaque', '102', '140', '35', '985.00', 'completed', '180', '3', '1', '1', '29', '2002-09-22 15:39:02', '1995-05-01 05:32:02');
INSERT INTO `deals` (`id`, `name`, `executor_id`, `customer_id`, `work_id`, `price`, `status`, `breaker`, `executor_rating`, `customer_rating`, `deal_rating`, `media`, `created_at`, `updated_at`) VALUES ('429', 'perferendis', '114', '118', '47', '1848.00', 'canceled', '156', '1', '5', '5', '37', '2017-08-05 10:04:55', '1973-03-24 06:42:38');
INSERT INTO `deals` (`id`, `name`, `executor_id`, `customer_id`, `work_id`, `price`, `status`, `breaker`, `executor_rating`, `customer_rating`, `deal_rating`, `media`, `created_at`, `updated_at`) VALUES ('430', 'porro', '105', '123', '38', '1691.00', 'closed', '137', '2', '1', '4', '27', '2015-08-31 07:34:21', '1996-04-08 23:02:30');
INSERT INTO `deals` (`id`, `name`, `executor_id`, `customer_id`, `work_id`, `price`, `status`, `breaker`, `executor_rating`, `customer_rating`, `deal_rating`, `media`, `created_at`, `updated_at`) VALUES ('431', 'ut', '117', '105', '40', '544.00', 'completed', '136', '5', '2', '1', '35', '1988-02-18 22:21:42', '1998-09-07 14:21:54');
INSERT INTO `deals` (`id`, `name`, `executor_id`, `customer_id`, `work_id`, `price`, `status`, `breaker`, `executor_rating`, `customer_rating`, `deal_rating`, `media`, `created_at`, `updated_at`) VALUES ('432', 'quidem', '116', '158', '41', '777.00', 'started', '138', '4', '2', '2', '47', '2001-11-15 17:53:11', '1983-07-26 18:39:03');
INSERT INTO `deals` (`id`, `name`, `executor_id`, `customer_id`, `work_id`, `price`, `status`, `breaker`, `executor_rating`, `customer_rating`, `deal_rating`, `media`, `created_at`, `updated_at`) VALUES ('433', 'itaque', '113', '156', '47', '1484.00', 'awaiting payment', '132', '1', '5', '2', '46', '1971-10-03 05:04:04', '1982-02-03 02:34:38');
INSERT INTO `deals` (`id`, `name`, `executor_id`, `customer_id`, `work_id`, `price`, `status`, `breaker`, `executor_rating`, `customer_rating`, `deal_rating`, `media`, `created_at`, `updated_at`) VALUES ('434', 'ratione', '113', '140', '22', '1403.00', 'started', '131', '5', '3', '1', '21', '1982-02-08 11:22:47', '1993-05-19 08:50:55');
INSERT INTO `deals` (`id`, `name`, `executor_id`, `customer_id`, `work_id`, `price`, `status`, `breaker`, `executor_rating`, `customer_rating`, `deal_rating`, `media`, `created_at`, `updated_at`) VALUES ('435', 'mollitia', '101', '113', '32', '636.00', 'closed', '192', '1', '4', '4', '39', '2001-11-09 10:54:31', '2001-04-10 15:21:49');
INSERT INTO `deals` (`id`, `name`, `executor_id`, `customer_id`, `work_id`, `price`, `status`, `breaker`, `executor_rating`, `customer_rating`, `deal_rating`, `media`, `created_at`, `updated_at`) VALUES ('436', 'tempore', '106', '116', '2', '550.00', 'closed', '113', '1', '3', '1', '30', '2011-08-26 22:11:33', '1977-04-30 20:25:04');
INSERT INTO `deals` (`id`, `name`, `executor_id`, `customer_id`, `work_id`, `price`, `status`, `breaker`, `executor_rating`, `customer_rating`, `deal_rating`, `media`, `created_at`, `updated_at`) VALUES ('437', 'et', '108', '107', '32', '1999.00', 'canceled', '132', '1', '4', '5', '26', '1982-07-10 11:57:59', '2011-08-26 10:35:51');
INSERT INTO `deals` (`id`, `name`, `executor_id`, `customer_id`, `work_id`, `price`, `status`, `breaker`, `executor_rating`, `customer_rating`, `deal_rating`, `media`, `created_at`, `updated_at`) VALUES ('438', 'quasi', '106', '121', '15', '1694.00', 'closed', '114', '3', '3', '4', '34', '2014-03-18 12:57:10', '2006-05-08 00:40:06');
INSERT INTO `deals` (`id`, `name`, `executor_id`, `customer_id`, `work_id`, `price`, `status`, `breaker`, `executor_rating`, `customer_rating`, `deal_rating`, `media`, `created_at`, `updated_at`) VALUES ('439', 'iure', '105', '153', '22', '1910.00', 'confirmed', '114', '4', '3', '2', '5', '1986-11-24 10:38:17', '1995-09-13 06:21:24');
INSERT INTO `deals` (`id`, `name`, `executor_id`, `customer_id`, `work_id`, `price`, `status`, `breaker`, `executor_rating`, `customer_rating`, `deal_rating`, `media`, `created_at`, `updated_at`) VALUES ('440', 'et', '106', '156', '32', '559.00', 'created', '169', '4', '1', '2', '6', '2016-03-03 20:59:18', '1995-03-11 15:52:55');
INSERT INTO `deals` (`id`, `name`, `executor_id`, `customer_id`, `work_id`, `price`, `status`, `breaker`, `executor_rating`, `customer_rating`, `deal_rating`, `media`, `created_at`, `updated_at`) VALUES ('441', 'modi', '101', '158', '12', '587.00', 'started', '158', '1', '2', '5', '38', '2020-05-01 01:51:21', '1991-11-05 04:32:54');
INSERT INTO `deals` (`id`, `name`, `executor_id`, `customer_id`, `work_id`, `price`, `status`, `breaker`, `executor_rating`, `customer_rating`, `deal_rating`, `media`, `created_at`, `updated_at`) VALUES ('442', 'quae', '117', '101', '47', '980.00', 'started', '102', '3', '3', '5', '7', '2013-04-06 15:11:53', '1979-02-10 19:08:10');
INSERT INTO `deals` (`id`, `name`, `executor_id`, `customer_id`, `work_id`, `price`, `status`, `breaker`, `executor_rating`, `customer_rating`, `deal_rating`, `media`, `created_at`, `updated_at`) VALUES ('443', 'et', '108', '144', '12', '1397.00', 'started', '116', '3', '4', '2', '47', '2020-08-26 14:43:17', '1984-12-21 14:55:15');
INSERT INTO `deals` (`id`, `name`, `executor_id`, `customer_id`, `work_id`, `price`, `status`, `breaker`, `executor_rating`, `customer_rating`, `deal_rating`, `media`, `created_at`, `updated_at`) VALUES ('444', 'excepturi', '114', '136', '9', '817.00', 'closed', '101', '3', '2', '2', '30', '1984-09-09 21:09:32', '2009-07-17 14:32:37');
INSERT INTO `deals` (`id`, `name`, `executor_id`, `customer_id`, `work_id`, `price`, `status`, `breaker`, `executor_rating`, `customer_rating`, `deal_rating`, `media`, `created_at`, `updated_at`) VALUES ('445', 'quam', '116', '118', '17', '987.00', 'closed', '125', '2', '1', '4', '18', '2011-06-26 22:57:58', '1999-02-14 08:54:23');
INSERT INTO `deals` (`id`, `name`, `executor_id`, `customer_id`, `work_id`, `price`, `status`, `breaker`, `executor_rating`, `customer_rating`, `deal_rating`, `media`, `created_at`, `updated_at`) VALUES ('446', 'voluptas', '107', '145', '7', '1453.00', 'canceled', '106', '5', '3', '2', '20', '1989-08-09 06:06:09', '1983-10-13 21:39:55');
INSERT INTO `deals` (`id`, `name`, `executor_id`, `customer_id`, `work_id`, `price`, `status`, `breaker`, `executor_rating`, `customer_rating`, `deal_rating`, `media`, `created_at`, `updated_at`) VALUES ('447', 'omnis', '105', '108', '10', '731.00', 'started', '142', '4', '5', '4', '40', '2014-06-07 17:08:57', '1980-08-11 00:23:43');
INSERT INTO `deals` (`id`, `name`, `executor_id`, `customer_id`, `work_id`, `price`, `status`, `breaker`, `executor_rating`, `customer_rating`, `deal_rating`, `media`, `created_at`, `updated_at`) VALUES ('448', 'repellat', '117', '135', '41', '1884.00', 'closed', '179', '5', '2', '1', '25', '1982-09-27 06:17:21', '2017-10-01 19:58:09');
INSERT INTO `deals` (`id`, `name`, `executor_id`, `customer_id`, `work_id`, `price`, `status`, `breaker`, `executor_rating`, `customer_rating`, `deal_rating`, `media`, `created_at`, `updated_at`) VALUES ('449', 'nulla', '117', '130', '4', '1708.00', 'started', '117', '4', '5', '1', '26', '1980-07-03 02:28:11', '1983-11-02 13:51:51');
INSERT INTO `deals` (`id`, `name`, `executor_id`, `customer_id`, `work_id`, `price`, `status`, `breaker`, `executor_rating`, `customer_rating`, `deal_rating`, `media`, `created_at`, `updated_at`) VALUES ('450', 'distinctio', '101', '169', '49', '1212.00', 'confirmed', '118', '3', '3', '2', '45', '1982-10-01 13:05:00', '2020-03-08 21:37:15');
INSERT INTO `deals` (`id`, `name`, `executor_id`, `customer_id`, `work_id`, `price`, `status`, `breaker`, `executor_rating`, `customer_rating`, `deal_rating`, `media`, `created_at`, `updated_at`) VALUES ('451', 'non', '108', '101', '6', '867.00', 'started', '181', '3', '4', '5', '15', '1983-11-21 13:39:32', '1974-04-09 14:53:01');
INSERT INTO `deals` (`id`, `name`, `executor_id`, `customer_id`, `work_id`, `price`, `status`, `breaker`, `executor_rating`, `customer_rating`, `deal_rating`, `media`, `created_at`, `updated_at`) VALUES ('452', 'et', '107', '127', '45', '1322.00', 'canceled', '149', '1', '5', '1', '20', '1972-02-14 01:48:26', '1973-08-30 06:57:32');
INSERT INTO `deals` (`id`, `name`, `executor_id`, `customer_id`, `work_id`, `price`, `status`, `breaker`, `executor_rating`, `customer_rating`, `deal_rating`, `media`, `created_at`, `updated_at`) VALUES ('453', 'sit', '105', '159', '26', '1308.00', 'started', '140', '4', '3', '1', '14', '1976-07-19 12:29:16', '1979-04-01 01:51:33');
INSERT INTO `deals` (`id`, `name`, `executor_id`, `customer_id`, `work_id`, `price`, `status`, `breaker`, `executor_rating`, `customer_rating`, `deal_rating`, `media`, `created_at`, `updated_at`) VALUES ('454', 'enim', '105', '131', '37', '941.00', 'canceled', '113', '2', '5', '3', '13', '2014-05-18 06:51:50', '2011-04-08 16:18:14');
INSERT INTO `deals` (`id`, `name`, `executor_id`, `customer_id`, `work_id`, `price`, `status`, `breaker`, `executor_rating`, `customer_rating`, `deal_rating`, `media`, `created_at`, `updated_at`) VALUES ('455', 'nihil', '105', '102', '31', '976.00', 'awaiting payment', '128', '3', '5', '3', '10', '1977-05-16 03:34:53', '1971-05-25 15:06:51');
INSERT INTO `deals` (`id`, `name`, `executor_id`, `customer_id`, `work_id`, `price`, `status`, `breaker`, `executor_rating`, `customer_rating`, `deal_rating`, `media`, `created_at`, `updated_at`) VALUES ('456', 'nihil', '102', '125', '4', '682.00', 'confirmed', '107', '4', '1', '1', '25', '2018-04-04 07:12:07', '1983-08-05 12:02:11');
INSERT INTO `deals` (`id`, `name`, `executor_id`, `customer_id`, `work_id`, `price`, `status`, `breaker`, `executor_rating`, `customer_rating`, `deal_rating`, `media`, `created_at`, `updated_at`) VALUES ('457', 'ad', '117', '146', '26', '694.00', 'awaiting payment', '107', '3', '5', '2', '27', '1991-09-15 05:08:54', '1993-09-25 11:24:49');
INSERT INTO `deals` (`id`, `name`, `executor_id`, `customer_id`, `work_id`, `price`, `status`, `breaker`, `executor_rating`, `customer_rating`, `deal_rating`, `media`, `created_at`, `updated_at`) VALUES ('458', 'aperiam', '114', '140', '43', '1950.00', 'confirmed', '158', '4', '4', '4', '6', '1988-09-01 23:20:38', '2008-11-22 19:23:29');
INSERT INTO `deals` (`id`, `name`, `executor_id`, `customer_id`, `work_id`, `price`, `status`, `breaker`, `executor_rating`, `customer_rating`, `deal_rating`, `media`, `created_at`, `updated_at`) VALUES ('459', 'expedita', '105', '183', '47', '1060.00', 'started', '164', '1', '4', '3', '21', '1978-03-21 08:26:57', '2019-08-08 09:31:24');
INSERT INTO `deals` (`id`, `name`, `executor_id`, `customer_id`, `work_id`, `price`, `status`, `breaker`, `executor_rating`, `customer_rating`, `deal_rating`, `media`, `created_at`, `updated_at`) VALUES ('460', 'quia', '102', '105', '40', '1557.00', 'awaiting payment', '186', '3', '5', '3', '8', '1998-04-08 14:18:59', '1979-02-15 17:47:43');
INSERT INTO `deals` (`id`, `name`, `executor_id`, `customer_id`, `work_id`, `price`, `status`, `breaker`, `executor_rating`, `customer_rating`, `deal_rating`, `media`, `created_at`, `updated_at`) VALUES ('461', 'suscipit', '101', '113', '10', '1803.00', 'closed', '158', '5', '2', '1', '22', '2013-07-14 14:30:04', '2017-05-29 17:36:51');
INSERT INTO `deals` (`id`, `name`, `executor_id`, `customer_id`, `work_id`, `price`, `status`, `breaker`, `executor_rating`, `customer_rating`, `deal_rating`, `media`, `created_at`, `updated_at`) VALUES ('462', 'incidunt', '106', '158', '37', '1168.00', 'started', '140', '2', '2', '2', '44', '2011-09-01 03:46:16', '2015-04-21 00:11:31');
INSERT INTO `deals` (`id`, `name`, `executor_id`, `customer_id`, `work_id`, `price`, `status`, `breaker`, `executor_rating`, `customer_rating`, `deal_rating`, `media`, `created_at`, `updated_at`) VALUES ('463', 'accusamus', '105', '132', '26', '1291.00', 'canceled', '163', '1', '2', '5', '25', '2004-02-22 06:06:49', '1974-07-12 17:33:52');
INSERT INTO `deals` (`id`, `name`, `executor_id`, `customer_id`, `work_id`, `price`, `status`, `breaker`, `executor_rating`, `customer_rating`, `deal_rating`, `media`, `created_at`, `updated_at`) VALUES ('464', 'culpa', '101', '138', '1', '1519.00', 'started', '181', '3', '3', '5', '10', '2007-01-14 18:26:46', '2020-10-09 03:13:32');
INSERT INTO `deals` (`id`, `name`, `executor_id`, `customer_id`, `work_id`, `price`, `status`, `breaker`, `executor_rating`, `customer_rating`, `deal_rating`, `media`, `created_at`, `updated_at`) VALUES ('465', 'at', '102', '113', '7', '1258.00', 'created', '105', '2', '4', '2', '44', '1990-04-14 13:32:33', '1981-10-29 08:30:33');
INSERT INTO `deals` (`id`, `name`, `executor_id`, `customer_id`, `work_id`, `price`, `status`, `breaker`, `executor_rating`, `customer_rating`, `deal_rating`, `media`, `created_at`, `updated_at`) VALUES ('466', 'adipisci', '108', '121', '46', '1769.00', 'canceled', '131', '3', '5', '1', '8', '1979-01-09 14:30:03', '1979-07-10 23:31:43');
INSERT INTO `deals` (`id`, `name`, `executor_id`, `customer_id`, `work_id`, `price`, `status`, `breaker`, `executor_rating`, `customer_rating`, `deal_rating`, `media`, `created_at`, `updated_at`) VALUES ('467', 'officiis', '101', '130', '15', '711.00', 'awaiting payment', '124', '3', '5', '1', '2', '1996-11-13 17:40:59', '2012-03-01 20:08:28');
INSERT INTO `deals` (`id`, `name`, `executor_id`, `customer_id`, `work_id`, `price`, `status`, `breaker`, `executor_rating`, `customer_rating`, `deal_rating`, `media`, `created_at`, `updated_at`) VALUES ('468', 'sunt', '114', '146', '41', '764.00', 'confirmed', '142', '1', '3', '4', '5', '1986-01-02 11:05:34', '1971-06-03 20:28:44');
INSERT INTO `deals` (`id`, `name`, `executor_id`, `customer_id`, `work_id`, `price`, `status`, `breaker`, `executor_rating`, `customer_rating`, `deal_rating`, `media`, `created_at`, `updated_at`) VALUES ('469', 'vitae', '113', '149', '26', '1392.00', 'canceled', '121', '3', '3', '5', '22', '2020-06-09 21:32:38', '1982-03-13 00:14:02');
INSERT INTO `deals` (`id`, `name`, `executor_id`, `customer_id`, `work_id`, `price`, `status`, `breaker`, `executor_rating`, `customer_rating`, `deal_rating`, `media`, `created_at`, `updated_at`) VALUES ('470', 'sequi', '117', '121', '48', '1323.00', 'created', '101', '5', '1', '2', '6', '2000-08-06 19:26:19', '1977-07-24 23:38:05');
INSERT INTO `deals` (`id`, `name`, `executor_id`, `customer_id`, `work_id`, `price`, `status`, `breaker`, `executor_rating`, `customer_rating`, `deal_rating`, `media`, `created_at`, `updated_at`) VALUES ('471', 'odio', '102', '113', '12', '928.00', 'canceled', '125', '3', '4', '1', '9', '2017-04-03 18:04:08', '1999-02-20 11:40:18');
INSERT INTO `deals` (`id`, `name`, `executor_id`, `customer_id`, `work_id`, `price`, `status`, `breaker`, `executor_rating`, `customer_rating`, `deal_rating`, `media`, `created_at`, `updated_at`) VALUES ('472', 'veniam', '101', '158', '21', '1189.00', 'closed', '101', '1', '5', '3', '6', '1988-04-05 20:30:09', '2016-08-25 14:55:05');
INSERT INTO `deals` (`id`, `name`, `executor_id`, `customer_id`, `work_id`, `price`, `status`, `breaker`, `executor_rating`, `customer_rating`, `deal_rating`, `media`, `created_at`, `updated_at`) VALUES ('473', 'quas', '108', '106', '25', '1244.00', 'canceled', '180', '3', '5', '1', '17', '1971-03-01 02:53:51', '1990-04-02 22:53:07');
INSERT INTO `deals` (`id`, `name`, `executor_id`, `customer_id`, `work_id`, `price`, `status`, `breaker`, `executor_rating`, `customer_rating`, `deal_rating`, `media`, `created_at`, `updated_at`) VALUES ('474', 'quo', '108', '144', '48', '1379.00', 'created', '132', '4', '1', '3', '4', '1983-09-10 18:55:03', '2007-10-09 17:06:19');
INSERT INTO `deals` (`id`, `name`, `executor_id`, `customer_id`, `work_id`, `price`, `status`, `breaker`, `executor_rating`, `customer_rating`, `deal_rating`, `media`, `created_at`, `updated_at`) VALUES ('475', 'optio', '101', '102', '39', '855.00', 'started', '147', '5', '5', '4', '12', '1982-11-21 09:55:15', '1993-10-16 14:24:58');
INSERT INTO `deals` (`id`, `name`, `executor_id`, `customer_id`, `work_id`, `price`, `status`, `breaker`, `executor_rating`, `customer_rating`, `deal_rating`, `media`, `created_at`, `updated_at`) VALUES ('476', 'tenetur', '102', '142', '23', '1563.00', 'started', '116', '4', '4', '3', '29', '1984-04-03 03:18:44', '2016-06-25 05:22:58');
INSERT INTO `deals` (`id`, `name`, `executor_id`, `customer_id`, `work_id`, `price`, `status`, `breaker`, `executor_rating`, `customer_rating`, `deal_rating`, `media`, `created_at`, `updated_at`) VALUES ('477', 'et', '108', '123', '35', '1199.00', 'awaiting payment', '170', '3', '2', '4', '27', '1985-04-08 10:51:14', '2003-02-08 15:02:56');
INSERT INTO `deals` (`id`, `name`, `executor_id`, `customer_id`, `work_id`, `price`, `status`, `breaker`, `executor_rating`, `customer_rating`, `deal_rating`, `media`, `created_at`, `updated_at`) VALUES ('478', 'explicabo', '116', '171', '17', '1803.00', 'closed', '127', '2', '3', '5', '46', '2013-04-05 16:23:15', '1986-10-01 10:47:05');
INSERT INTO `deals` (`id`, `name`, `executor_id`, `customer_id`, `work_id`, `price`, `status`, `breaker`, `executor_rating`, `customer_rating`, `deal_rating`, `media`, `created_at`, `updated_at`) VALUES ('479', 'sit', '107', '163', '49', '643.00', 'started', '186', '2', '1', '5', '36', '1997-04-12 19:06:53', '1984-05-17 09:30:01');
INSERT INTO `deals` (`id`, `name`, `executor_id`, `customer_id`, `work_id`, `price`, `status`, `breaker`, `executor_rating`, `customer_rating`, `deal_rating`, `media`, `created_at`, `updated_at`) VALUES ('480', 'perspiciatis', '105', '135', '16', '1306.00', 'completed', '124', '4', '5', '4', '40', '2008-07-06 13:30:15', '2013-10-07 02:59:44');
INSERT INTO `deals` (`id`, `name`, `executor_id`, `customer_id`, `work_id`, `price`, `status`, `breaker`, `executor_rating`, `customer_rating`, `deal_rating`, `media`, `created_at`, `updated_at`) VALUES ('481', 'natus', '106', '125', '42', '1335.00', 'awaiting payment', '116', '2', '5', '2', '43', '2003-12-30 11:04:19', '1993-07-27 00:26:52');
INSERT INTO `deals` (`id`, `name`, `executor_id`, `customer_id`, `work_id`, `price`, `status`, `breaker`, `executor_rating`, `customer_rating`, `deal_rating`, `media`, `created_at`, `updated_at`) VALUES ('482', 'minus', '101', '127', '21', '1056.00', 'canceled', '145', '1', '2', '4', '24', '1999-02-25 03:31:21', '1977-10-13 07:56:23');
INSERT INTO `deals` (`id`, `name`, `executor_id`, `customer_id`, `work_id`, `price`, `status`, `breaker`, `executor_rating`, `customer_rating`, `deal_rating`, `media`, `created_at`, `updated_at`) VALUES ('483', 'et', '117', '106', '37', '729.00', 'confirmed', '159', '5', '5', '2', '44', '1982-08-30 02:50:46', '2016-03-25 16:41:15');
INSERT INTO `deals` (`id`, `name`, `executor_id`, `customer_id`, `work_id`, `price`, `status`, `breaker`, `executor_rating`, `customer_rating`, `deal_rating`, `media`, `created_at`, `updated_at`) VALUES ('484', 'ut', '105', '142', '39', '880.00', 'canceled', '149', '1', '1', '3', '42', '1992-01-26 02:38:52', '1993-09-08 06:05:54');
INSERT INTO `deals` (`id`, `name`, `executor_id`, `customer_id`, `work_id`, `price`, `status`, `breaker`, `executor_rating`, `customer_rating`, `deal_rating`, `media`, `created_at`, `updated_at`) VALUES ('485', 'dolor', '113', '102', '34', '1335.00', 'closed', '156', '2', '2', '3', '48', '1976-06-05 14:21:05', '1975-02-08 06:57:18');
INSERT INTO `deals` (`id`, `name`, `executor_id`, `customer_id`, `work_id`, `price`, `status`, `breaker`, `executor_rating`, `customer_rating`, `deal_rating`, `media`, `created_at`, `updated_at`) VALUES ('486', 'praesentium', '106', '183', '21', '533.00', 'completed', '159', '2', '1', '4', '11', '1988-09-16 09:45:03', '1986-03-08 07:01:45');
INSERT INTO `deals` (`id`, `name`, `executor_id`, `customer_id`, `work_id`, `price`, `status`, `breaker`, `executor_rating`, `customer_rating`, `deal_rating`, `media`, `created_at`, `updated_at`) VALUES ('487', 'sunt', '102', '106', '26', '1812.00', 'started', '102', '5', '4', '2', '10', '1971-10-02 23:52:57', '2004-01-28 02:06:16');
INSERT INTO `deals` (`id`, `name`, `executor_id`, `customer_id`, `work_id`, `price`, `status`, `breaker`, `executor_rating`, `customer_rating`, `deal_rating`, `media`, `created_at`, `updated_at`) VALUES ('488', 'et', '106', '106', '27', '1807.00', 'started', '166', '1', '2', '1', '30', '1970-06-03 22:29:50', '1977-01-17 14:46:11');
INSERT INTO `deals` (`id`, `name`, `executor_id`, `customer_id`, `work_id`, `price`, `status`, `breaker`, `executor_rating`, `customer_rating`, `deal_rating`, `media`, `created_at`, `updated_at`) VALUES ('489', 'numquam', '117', '153', '34', '612.00', 'started', '163', '5', '5', '3', '22', '1995-10-08 08:45:25', '1971-09-05 09:57:20');
INSERT INTO `deals` (`id`, `name`, `executor_id`, `customer_id`, `work_id`, `price`, `status`, `breaker`, `executor_rating`, `customer_rating`, `deal_rating`, `media`, `created_at`, `updated_at`) VALUES ('490', 'cumque', '108', '197', '50', '1866.00', 'confirmed', '130', '5', '2', '2', '30', '2001-07-31 05:04:05', '2009-02-26 03:47:38');
INSERT INTO `deals` (`id`, `name`, `executor_id`, `customer_id`, `work_id`, `price`, `status`, `breaker`, `executor_rating`, `customer_rating`, `deal_rating`, `media`, `created_at`, `updated_at`) VALUES ('491', 'quisquam', '116', '197', '31', '1700.00', 'canceled', '143', '3', '5', '5', '33', '2008-12-14 20:56:57', '1988-01-19 02:15:27');
INSERT INTO `deals` (`id`, `name`, `executor_id`, `customer_id`, `work_id`, `price`, `status`, `breaker`, `executor_rating`, `customer_rating`, `deal_rating`, `media`, `created_at`, `updated_at`) VALUES ('492', 'fuga', '108', '164', '30', '895.00', 'started', '192', '2', '1', '5', '28', '2017-07-26 20:27:53', '1992-02-10 14:53:25');
INSERT INTO `deals` (`id`, `name`, `executor_id`, `customer_id`, `work_id`, `price`, `status`, `breaker`, `executor_rating`, `customer_rating`, `deal_rating`, `media`, `created_at`, `updated_at`) VALUES ('493', 'saepe', '116', '114', '31', '604.00', 'awaiting payment', '128', '5', '4', '4', '10', '1988-02-12 14:46:46', '2020-07-17 07:14:07');
INSERT INTO `deals` (`id`, `name`, `executor_id`, `customer_id`, `work_id`, `price`, `status`, `breaker`, `executor_rating`, `customer_rating`, `deal_rating`, `media`, `created_at`, `updated_at`) VALUES ('494', 'corrupti', '116', '148', '13', '701.00', 'completed', '131', '4', '4', '1', '22', '2017-11-09 02:25:50', '1999-07-30 10:41:36');
INSERT INTO `deals` (`id`, `name`, `executor_id`, `customer_id`, `work_id`, `price`, `status`, `breaker`, `executor_rating`, `customer_rating`, `deal_rating`, `media`, `created_at`, `updated_at`) VALUES ('495', 'voluptas', '116', '127', '10', '1345.00', 'created', '145', '1', '3', '3', '4', '1983-06-10 16:49:11', '2008-07-13 08:11:00');
INSERT INTO `deals` (`id`, `name`, `executor_id`, `customer_id`, `work_id`, `price`, `status`, `breaker`, `executor_rating`, `customer_rating`, `deal_rating`, `media`, `created_at`, `updated_at`) VALUES ('496', 'sint', '113', '105', '4', '1992.00', 'canceled', '152', '2', '4', '4', '19', '2001-06-04 14:04:56', '2018-04-16 05:46:02');
INSERT INTO `deals` (`id`, `name`, `executor_id`, `customer_id`, `work_id`, `price`, `status`, `breaker`, `executor_rating`, `customer_rating`, `deal_rating`, `media`, `created_at`, `updated_at`) VALUES ('497', 'sed', '113', '134', '19', '1773.00', 'canceled', '125', '5', '2', '4', '45', '1993-09-30 17:07:56', '1981-05-30 21:56:29');
INSERT INTO `deals` (`id`, `name`, `executor_id`, `customer_id`, `work_id`, `price`, `status`, `breaker`, `executor_rating`, `customer_rating`, `deal_rating`, `media`, `created_at`, `updated_at`) VALUES ('498', 'magnam', '101', '160', '38', '1861.00', 'started', '152', '2', '3', '4', '40', '2011-11-14 04:24:41', '1994-11-09 11:20:17');
INSERT INTO `deals` (`id`, `name`, `executor_id`, `customer_id`, `work_id`, `price`, `status`, `breaker`, `executor_rating`, `customer_rating`, `deal_rating`, `media`, `created_at`, `updated_at`) VALUES ('499', 'voluptas', '105', '134', '48', '1765.00', 'closed', '183', '3', '1', '3', '37', '2010-11-25 09:27:55', '1986-05-21 22:54:06');
INSERT INTO `deals` (`id`, `name`, `executor_id`, `customer_id`, `work_id`, `price`, `status`, `breaker`, `executor_rating`, `customer_rating`, `deal_rating`, `media`, `created_at`, `updated_at`) VALUES ('500', 'sint', '102', '150', '20', '1405.00', 'closed', '135', '2', '5', '4', '3', '1984-03-10 20:32:05', '1978-06-07 21:49:01');


/* 
 * reviews
 */



INSERT INTO `reviews` (`id`, `user_id`, `author`, `deal_id`, `rating`, `content`, `answer`, `created_at`, `updated_at`) VALUES ('1', '101', '101', '1', '5', 'Explicabo odio aut doloremque incidunt molestiae. Omnis asperiores eveniet deleniti facere. Facere quidem sit ad doloribus est repudiandae sapiente. Vitae placeat quis quod quis dignissimos.', 'Consequatur quae saepe inventore recusandae molestiae et dolores.', '1988-04-16 09:52:23', '1998-01-16 15:18:16');
INSERT INTO `reviews` (`id`, `user_id`, `author`, `deal_id`, `rating`, `content`, `answer`, `created_at`, `updated_at`) VALUES ('2', '102', '102', '2', '4', 'Est porro saepe ex reiciendis corporis. Perspiciatis sit labore et fuga velit dolore. Sint tempore voluptas et commodi.', 'Deleniti ut quis repellendus perferendis.', '2008-08-05 12:29:05', '1970-11-23 20:24:44');
INSERT INTO `reviews` (`id`, `user_id`, `author`, `deal_id`, `rating`, `content`, `answer`, `created_at`, `updated_at`) VALUES ('3', '105', '105', '3', '3', 'Dolor aut voluptatum aspernatur rerum. Dolores alias eum dolorem porro praesentium vero.', 'Explicabo ratione repudiandae enim facere iure ut.', '1990-02-14 18:21:10', '1993-02-02 12:34:01');
INSERT INTO `reviews` (`id`, `user_id`, `author`, `deal_id`, `rating`, `content`, `answer`, `created_at`, `updated_at`) VALUES ('4', '106', '106', '4', '3', 'Consequuntur perferendis iusto sunt explicabo quidem ab occaecati. Nobis enim accusamus enim vel corporis adipisci suscipit consequatur. Sunt quia reiciendis voluptatem quia eum consequuntur sequi.', 'Debitis tenetur autem consequatur cumque rerum reiciendis.', '2016-12-19 00:35:00', '1976-10-07 07:11:26');
INSERT INTO `reviews` (`id`, `user_id`, `author`, `deal_id`, `rating`, `content`, `answer`, `created_at`, `updated_at`) VALUES ('5', '107', '107', '5', '1', 'Rerum ut facere et laudantium. Minus animi nemo accusantium pariatur. Aperiam est sed quidem cupiditate recusandae corrupti ea. Aliquid dolor maiores rerum eos maxime.', 'Aut deserunt eligendi in tempore quas nulla.', '1974-09-17 02:10:48', '1985-01-24 10:38:51');
INSERT INTO `reviews` (`id`, `user_id`, `author`, `deal_id`, `rating`, `content`, `answer`, `created_at`, `updated_at`) VALUES ('6', '108', '108', '6', '1', 'Rerum recusandae totam repellat at adipisci neque aliquid. Dolor eos sint ullam. Labore quae deleniti est ut voluptas qui veniam. Atque dolorum hic labore in est aut dolor.', 'Voluptatem quaerat ut sapiente quia.', '2001-12-27 22:57:30', '1981-10-02 09:41:21');
INSERT INTO `reviews` (`id`, `user_id`, `author`, `deal_id`, `rating`, `content`, `answer`, `created_at`, `updated_at`) VALUES ('7', '113', '113', '7', '4', 'Sed laudantium temporibus mollitia et modi non. Veritatis dolorem non corporis commodi voluptas id incidunt. Rem et ducimus vel id quaerat in sunt. Impedit fugit eligendi laborum.', 'Neque tempore qui corrupti ut voluptatem nesciunt repellendus.', '1992-05-17 19:50:14', '1996-09-01 20:14:10');
INSERT INTO `reviews` (`id`, `user_id`, `author`, `deal_id`, `rating`, `content`, `answer`, `created_at`, `updated_at`) VALUES ('8', '114', '114', '8', '1', 'Quibusdam omnis ut possimus ea. Minus veniam sed vitae quaerat ipsum maxime excepturi nemo. Non non voluptatem nulla reiciendis aut sunt.', 'Porro aut hic est ut.', '1978-01-08 19:10:21', '1980-11-22 07:00:54');
INSERT INTO `reviews` (`id`, `user_id`, `author`, `deal_id`, `rating`, `content`, `answer`, `created_at`, `updated_at`) VALUES ('9', '116', '116', '9', '3', 'Voluptatem quisquam beatae incidunt quisquam adipisci dicta laborum. Tempora esse quia illo velit molestias expedita. Voluptatem provident reprehenderit et quibusdam ad.', 'Voluptatibus aut voluptatibus ad voluptatibus et ipsam expedita ut.', '2002-04-04 09:02:39', '2006-03-07 05:36:40');
INSERT INTO `reviews` (`id`, `user_id`, `author`, `deal_id`, `rating`, `content`, `answer`, `created_at`, `updated_at`) VALUES ('10', '117', '117', '10', '1', 'Excepturi quasi molestiae fugiat possimus temporibus voluptatibus. Quo repellendus autem occaecati ullam est. Esse est quis aut velit. Et quaerat est commodi optio sit nesciunt quam.', 'Esse corrupti autem qui dolore nobis maiores.', '1971-12-28 22:52:49', '1997-09-27 09:44:40');
INSERT INTO `reviews` (`id`, `user_id`, `author`, `deal_id`, `rating`, `content`, `answer`, `created_at`, `updated_at`) VALUES ('11', '118', '118', '11', '5', 'Commodi eum non beatae accusantium aut veritatis reprehenderit et. Reprehenderit molestias quia nesciunt officiis facere nemo a. Est ea facilis voluptate laborum facere dignissimos molestiae et.', 'Explicabo ad atque dolorum recusandae sapiente quam at.', '2014-06-17 07:07:31', '2005-12-14 06:19:13');
INSERT INTO `reviews` (`id`, `user_id`, `author`, `deal_id`, `rating`, `content`, `answer`, `created_at`, `updated_at`) VALUES ('12', '121', '121', '12', '1', 'Voluptas mollitia occaecati voluptatem in amet officia sunt deserunt. Ut dicta porro aut incidunt. Voluptatem et veniam est qui eos.', 'Et est nam aut suscipit dolor et sed.', '1973-05-06 02:23:15', '2006-03-18 22:50:36');
INSERT INTO `reviews` (`id`, `user_id`, `author`, `deal_id`, `rating`, `content`, `answer`, `created_at`, `updated_at`) VALUES ('13', '122', '122', '13', '1', 'Eveniet tempore illum quis consequatur. Et cupiditate sed eius exercitationem sunt. Enim deleniti quam veniam assumenda rem rem temporibus.', 'Doloribus dignissimos quia autem omnis et voluptatem.', '2013-04-22 15:36:07', '1994-11-09 01:21:36');
INSERT INTO `reviews` (`id`, `user_id`, `author`, `deal_id`, `rating`, `content`, `answer`, `created_at`, `updated_at`) VALUES ('14', '123', '123', '14', '2', 'Rerum eos ea praesentium tenetur nisi sequi. Vitae alias repellendus explicabo porro. In id dolorem molestiae eos rerum commodi quia omnis. Laborum reiciendis delectus et iure vero unde.', 'Perspiciatis voluptas et nostrum alias quia.', '2016-12-13 17:28:15', '2019-06-26 21:08:57');
INSERT INTO `reviews` (`id`, `user_id`, `author`, `deal_id`, `rating`, `content`, `answer`, `created_at`, `updated_at`) VALUES ('15', '124', '124', '15', '1', 'Amet perspiciatis sit itaque quaerat et qui ex. Perferendis sunt eligendi cumque consequatur quisquam eaque. Perferendis voluptatem sed dignissimos possimus et eos.', 'Ea nobis vitae excepturi.', '2003-09-15 23:39:41', '2017-03-28 13:00:06');
INSERT INTO `reviews` (`id`, `user_id`, `author`, `deal_id`, `rating`, `content`, `answer`, `created_at`, `updated_at`) VALUES ('16', '125', '125', '16', '4', 'Dolore voluptates qui illo. Dolores voluptatum accusantium et praesentium ea. Iusto non voluptas assumenda ut asperiores ut. Autem quod ut aut voluptatem qui in possimus.', 'Maiores incidunt molestiae et consequatur dolorem blanditiis quia.', '1985-04-29 03:34:42', '1999-03-30 14:08:14');
INSERT INTO `reviews` (`id`, `user_id`, `author`, `deal_id`, `rating`, `content`, `answer`, `created_at`, `updated_at`) VALUES ('17', '127', '127', '17', '4', 'Similique in similique non illum. Assumenda voluptas iure qui eum dolore minima illum et. Amet laborum aliquam incidunt qui numquam tenetur. Optio quis nulla et quo et error.', 'Eum id in ut sed magni nisi modi.', '1996-09-07 20:01:12', '2011-11-08 04:11:45');
INSERT INTO `reviews` (`id`, `user_id`, `author`, `deal_id`, `rating`, `content`, `answer`, `created_at`, `updated_at`) VALUES ('18', '128', '128', '18', '2', 'Provident molestiae aspernatur sed saepe aliquam nostrum et omnis. In ipsum animi omnis. Dignissimos sunt soluta dolor ab cupiditate quos in.', 'Doloremque et aut quibusdam.', '2001-10-23 01:04:49', '1990-07-14 21:41:55');
INSERT INTO `reviews` (`id`, `user_id`, `author`, `deal_id`, `rating`, `content`, `answer`, `created_at`, `updated_at`) VALUES ('19', '130', '130', '19', '2', 'Est sed culpa tempore cumque atque iure ipsam repellat. Iste qui qui ut non. Voluptas rerum ipsa magni consequatur quia architecto quos. Incidunt dolorem deserunt odio itaque et.', 'Et quo vel quo nihil aut tempore consequuntur.', '1994-04-14 02:33:16', '1999-05-14 21:38:04');
INSERT INTO `reviews` (`id`, `user_id`, `author`, `deal_id`, `rating`, `content`, `answer`, `created_at`, `updated_at`) VALUES ('20', '131', '131', '20', '2', 'Et quam labore ratione voluptas dolor dolor. Occaecati dicta natus qui laudantium nihil similique. Vel ratione similique quis aliquid facilis maxime officiis dignissimos.', 'Quo perferendis hic praesentium quo et qui culpa.', '2012-06-29 03:34:30', '1972-07-08 07:16:04');
INSERT INTO `reviews` (`id`, `user_id`, `author`, `deal_id`, `rating`, `content`, `answer`, `created_at`, `updated_at`) VALUES ('21', '132', '132', '21', '5', 'Ratione soluta rerum sunt aut sit. Numquam ad omnis ex labore. Quibusdam veniam non et quam numquam aut accusantium.', 'Delectus et aut quasi eveniet voluptatem deserunt aut dolor.', '1977-02-10 22:47:13', '1987-02-22 12:43:34');
INSERT INTO `reviews` (`id`, `user_id`, `author`, `deal_id`, `rating`, `content`, `answer`, `created_at`, `updated_at`) VALUES ('22', '134', '134', '22', '2', 'Deserunt sed qui illum ut. Omnis rerum sunt numquam aut. Omnis aliquid qui sunt iusto nesciunt et. Recusandae aspernatur voluptatibus provident.', 'Voluptatem voluptates et culpa quia corrupti tenetur aliquam.', '1971-12-10 01:51:42', '2006-04-08 10:12:39');
INSERT INTO `reviews` (`id`, `user_id`, `author`, `deal_id`, `rating`, `content`, `answer`, `created_at`, `updated_at`) VALUES ('23', '135', '135', '23', '5', 'Perspiciatis necessitatibus doloribus consequatur et aut. Laborum commodi laborum libero sunt sed et inventore et. Eaque dicta facilis perferendis molestiae occaecati vel quas hic.', 'Recusandae velit quia consequuntur reprehenderit libero beatae quidem qui.', '1973-09-16 05:45:15', '2011-03-09 11:46:34');
INSERT INTO `reviews` (`id`, `user_id`, `author`, `deal_id`, `rating`, `content`, `answer`, `created_at`, `updated_at`) VALUES ('24', '136', '136', '24', '1', 'Aperiam quia eaque illum voluptatibus. Qui nostrum similique nesciunt dolores saepe vel soluta. Iure et iure ut dolorem cumque qui cum. Temporibus et aut consectetur qui soluta accusamus accusantium.', 'Aut velit repellendus expedita officia saepe.', '1999-11-01 06:00:50', '1973-12-31 04:47:45');
INSERT INTO `reviews` (`id`, `user_id`, `author`, `deal_id`, `rating`, `content`, `answer`, `created_at`, `updated_at`) VALUES ('25', '137', '137', '25', '3', 'Rerum dolor distinctio atque. Debitis distinctio quibusdam est repellendus id ducimus voluptatem et. Asperiores tempora quia nihil sit quidem perspiciatis.', 'Consequatur ad rem quos sunt qui et quibusdam.', '2012-03-28 20:51:13', '2010-05-11 05:20:24');
INSERT INTO `reviews` (`id`, `user_id`, `author`, `deal_id`, `rating`, `content`, `answer`, `created_at`, `updated_at`) VALUES ('26', '138', '138', '26', '5', 'Ad in consequatur consequatur voluptatibus nihil ea. Atque minus voluptatibus velit occaecati laborum nihil atque. Ipsa magni et et nesciunt.', 'Et suscipit quis aut eaque nesciunt.', '2012-08-13 03:13:17', '1974-04-07 05:48:42');
INSERT INTO `reviews` (`id`, `user_id`, `author`, `deal_id`, `rating`, `content`, `answer`, `created_at`, `updated_at`) VALUES ('27', '140', '140', '27', '4', 'Vel odio ducimus quis est. Vitae vitae consequatur nobis consequatur consequatur minima. Quisquam consequuntur dolores quod libero nesciunt.', 'Labore minus quibusdam blanditiis labore eius est.', '2008-10-11 19:47:04', '2016-03-30 06:10:43');
INSERT INTO `reviews` (`id`, `user_id`, `author`, `deal_id`, `rating`, `content`, `answer`, `created_at`, `updated_at`) VALUES ('28', '142', '142', '28', '1', 'Ut molestiae exercitationem rerum sed. Reiciendis quas omnis sit voluptatibus hic. Nam ipsam impedit voluptatum. Harum ut ut tempore voluptate quo alias et et.', 'Aspernatur enim voluptatem alias vel ut.', '1980-04-10 01:47:31', '1982-03-10 09:19:38');
INSERT INTO `reviews` (`id`, `user_id`, `author`, `deal_id`, `rating`, `content`, `answer`, `created_at`, `updated_at`) VALUES ('29', '143', '143', '29', '2', 'Repudiandae et mollitia eius ratione dicta tempore. Omnis aliquam delectus a quia. Ut libero voluptas rerum et saepe. Ratione non quia rerum doloremque dignissimos consequatur.', 'Nihil nam quibusdam nulla.', '2004-02-01 19:04:21', '1982-02-21 15:21:02');
INSERT INTO `reviews` (`id`, `user_id`, `author`, `deal_id`, `rating`, `content`, `answer`, `created_at`, `updated_at`) VALUES ('30', '144', '144', '30', '2', 'Soluta quae deserunt cupiditate illum tempora asperiores omnis. Odit repellat non assumenda voluptas. Minus ea adipisci vel et illo. Quod ad incidunt sit consequatur vitae quae.', 'Sint nulla id saepe sint fugiat totam facere.', '2010-04-02 22:10:41', '2017-11-26 04:49:30');
INSERT INTO `reviews` (`id`, `user_id`, `author`, `deal_id`, `rating`, `content`, `answer`, `created_at`, `updated_at`) VALUES ('31', '145', '145', '31', '4', 'Ut a ea accusamus quisquam tempore quasi. Maiores nostrum nihil earum voluptatem enim. Rerum ratione natus vel sint quod.', 'Minus in est ipsa et quis blanditiis nostrum.', '2007-07-19 11:14:30', '2004-12-23 11:01:20');
INSERT INTO `reviews` (`id`, `user_id`, `author`, `deal_id`, `rating`, `content`, `answer`, `created_at`, `updated_at`) VALUES ('32', '146', '146', '32', '3', 'Et facere voluptatibus ut magni qui odit. Molestiae tempore ducimus soluta enim dolorem.', 'Repellat iste et quasi ea ut maxime.', '1993-04-04 22:27:19', '1976-05-06 01:58:05');
INSERT INTO `reviews` (`id`, `user_id`, `author`, `deal_id`, `rating`, `content`, `answer`, `created_at`, `updated_at`) VALUES ('33', '147', '147', '33', '1', 'Quos consectetur in accusamus accusamus. Animi laudantium rerum ab deleniti. Quasi voluptatem totam voluptas qui sapiente.', 'Eum qui dolorem qui corporis voluptas consequatur.', '1996-11-08 19:03:37', '2008-10-14 18:55:44');
INSERT INTO `reviews` (`id`, `user_id`, `author`, `deal_id`, `rating`, `content`, `answer`, `created_at`, `updated_at`) VALUES ('34', '148', '148', '34', '1', 'Ipsa assumenda voluptatem et ut. Autem voluptatem incidunt sunt facilis facere saepe dignissimos.', 'Sed a ex corporis quia.', '1974-05-22 10:48:22', '1989-09-24 08:44:21');
INSERT INTO `reviews` (`id`, `user_id`, `author`, `deal_id`, `rating`, `content`, `answer`, `created_at`, `updated_at`) VALUES ('35', '149', '149', '35', '4', 'Sapiente temporibus voluptatibus asperiores eos. Quibusdam sit velit aut sed sed id. Amet officia corporis eum fugiat dicta.', 'Quis repudiandae asperiores dolores soluta delectus modi illo ea.', '1989-08-03 13:58:36', '2008-11-09 08:42:49');
INSERT INTO `reviews` (`id`, `user_id`, `author`, `deal_id`, `rating`, `content`, `answer`, `created_at`, `updated_at`) VALUES ('36', '150', '150', '36', '1', 'Vitae quidem unde dicta enim. Qui ratione nostrum itaque vel. Non voluptate labore consequuntur pariatur quasi perferendis ipsum.', 'Accusamus et odio ex inventore sint.', '1976-05-10 15:10:43', '1999-06-21 16:57:04');
INSERT INTO `reviews` (`id`, `user_id`, `author`, `deal_id`, `rating`, `content`, `answer`, `created_at`, `updated_at`) VALUES ('37', '152', '152', '37', '3', 'Non amet nesciunt iste repellat incidunt sed a. Nesciunt excepturi vero rerum.\nFuga esse excepturi est quia optio. Dicta iusto vitae accusantium. Magnam eius doloribus nam.', 'Voluptatem dolorem laborum odio sunt tempore.', '1988-01-03 08:05:40', '2013-11-17 04:23:42');
INSERT INTO `reviews` (`id`, `user_id`, `author`, `deal_id`, `rating`, `content`, `answer`, `created_at`, `updated_at`) VALUES ('38', '153', '153', '38', '5', 'Fugiat ullam rerum veniam impedit et dolores voluptas similique. Qui labore voluptatibus quaerat consectetur. Et et soluta id nam sapiente et. Excepturi deleniti ea pariatur ex ut ut.', 'Eligendi quos eum sit sed voluptate dolore animi quibusdam.', '2019-11-01 00:10:46', '2017-03-13 17:45:35');
INSERT INTO `reviews` (`id`, `user_id`, `author`, `deal_id`, `rating`, `content`, `answer`, `created_at`, `updated_at`) VALUES ('39', '156', '156', '39', '3', 'Labore architecto ipsa consequatur et vitae. Quam unde culpa eaque atque eius. Atque consectetur recusandae sint fuga pariatur qui velit.', 'Necessitatibus non nostrum qui ipsam quam.', '1974-10-15 12:48:21', '2008-03-13 20:24:08');
INSERT INTO `reviews` (`id`, `user_id`, `author`, `deal_id`, `rating`, `content`, `answer`, `created_at`, `updated_at`) VALUES ('40', '158', '158', '40', '4', 'In cupiditate sapiente repellat assumenda hic nulla vel optio. Atque quia officiis labore consequatur officiis eum.', 'Rem voluptatum corporis animi voluptatem nulla aut ipsum ratione.', '1977-07-07 05:19:09', '1987-02-05 15:36:20');
INSERT INTO `reviews` (`id`, `user_id`, `author`, `deal_id`, `rating`, `content`, `answer`, `created_at`, `updated_at`) VALUES ('41', '159', '159', '41', '5', 'Quia eveniet autem quaerat qui facilis nobis iusto. Sequi distinctio corporis harum animi.', 'Est architecto in vel ratione ipsum vel animi.', '1996-06-05 18:08:08', '2003-05-25 01:55:11');
INSERT INTO `reviews` (`id`, `user_id`, `author`, `deal_id`, `rating`, `content`, `answer`, `created_at`, `updated_at`) VALUES ('42', '160', '160', '42', '5', 'Et quidem tempore quam esse quia recusandae. Id voluptatibus vero libero quo. Hic maxime inventore similique similique.', 'Deserunt eaque consequuntur sunt sunt.', '1983-01-19 10:11:45', '2005-03-28 14:59:49');
INSERT INTO `reviews` (`id`, `user_id`, `author`, `deal_id`, `rating`, `content`, `answer`, `created_at`, `updated_at`) VALUES ('43', '162', '162', '43', '5', 'In corrupti magnam eos rerum porro iusto quia. Sint et non rerum ullam. Hic nesciunt aut non quasi vitae. Pariatur provident expedita commodi qui nulla tempora accusamus.', 'Aspernatur sapiente exercitationem non sit suscipit rem ut.', '1980-04-17 00:35:12', '1985-06-15 19:24:39');
INSERT INTO `reviews` (`id`, `user_id`, `author`, `deal_id`, `rating`, `content`, `answer`, `created_at`, `updated_at`) VALUES ('44', '163', '163', '44', '2', 'Quia recusandae rem consequatur quo. Officiis quo asperiores quia reiciendis molestiae voluptas. Dolore minus quidem quis enim consequatur recusandae. Nam fugiat itaque dolorem sint ut.', 'Aut laudantium aut et.', '2017-04-11 01:28:13', '1975-01-15 03:23:06');
INSERT INTO `reviews` (`id`, `user_id`, `author`, `deal_id`, `rating`, `content`, `answer`, `created_at`, `updated_at`) VALUES ('45', '164', '164', '45', '5', 'Ullam quis illum nulla. Mollitia molestias qui sapiente explicabo voluptatem distinctio autem.', 'Dicta nihil alias quis sed nisi consequatur vel.', '1996-03-31 17:30:22', '2012-03-19 02:02:36');
INSERT INTO `reviews` (`id`, `user_id`, `author`, `deal_id`, `rating`, `content`, `answer`, `created_at`, `updated_at`) VALUES ('46', '166', '166', '46', '2', 'Quos temporibus voluptate voluptate harum facere tenetur. Error est distinctio iure minima.', 'Autem quisquam repellendus quia quos veritatis praesentium.', '1977-06-06 13:10:19', '2006-07-13 13:51:40');
INSERT INTO `reviews` (`id`, `user_id`, `author`, `deal_id`, `rating`, `content`, `answer`, `created_at`, `updated_at`) VALUES ('47', '169', '169', '47', '5', 'Et mollitia corporis alias. Dignissimos qui quia asperiores totam. Et aut repudiandae consequatur in. Suscipit porro placeat qui culpa.', 'Libero qui sunt porro fuga.', '2013-01-07 03:45:58', '1985-02-15 06:23:43');
INSERT INTO `reviews` (`id`, `user_id`, `author`, `deal_id`, `rating`, `content`, `answer`, `created_at`, `updated_at`) VALUES ('48', '170', '170', '48', '2', 'Sunt quos laudantium impedit dignissimos et corrupti non excepturi. Sapiente deleniti qui tempora in facere occaecati culpa qui. Incidunt totam beatae qui reprehenderit.', 'Neque qui modi illo autem consequatur.', '1999-07-04 04:53:47', '2020-04-30 06:10:23');
INSERT INTO `reviews` (`id`, `user_id`, `author`, `deal_id`, `rating`, `content`, `answer`, `created_at`, `updated_at`) VALUES ('49', '171', '171', '49', '2', 'Qui earum odio repellendus amet. Et harum inventore aut ut. Aut laborum dolorem perferendis consectetur ullam assumenda numquam exercitationem.', 'Dolorem unde corporis hic sint facilis.', '1999-05-22 11:51:07', '2006-06-17 17:44:40');
INSERT INTO `reviews` (`id`, `user_id`, `author`, `deal_id`, `rating`, `content`, `answer`, `created_at`, `updated_at`) VALUES ('50', '173', '173', '50', '1', 'Officiis et recusandae vel laborum voluptatem et molestias. Dolores et rem magnam rerum voluptas. Suscipit vel odit ut ea aperiam qui ut.', 'Est temporibus eaque in accusamus.', '1977-03-03 05:22:24', '2016-03-23 05:32:01');
INSERT INTO `reviews` (`id`, `user_id`, `author`, `deal_id`, `rating`, `content`, `answer`, `created_at`, `updated_at`) VALUES ('51', '179', '179', '51', '1', 'Veritatis non illum voluptatem est. Atque odio aut dolor. Itaque doloremque reiciendis laboriosam porro et amet.', 'Repellat voluptatem et vero.', '2001-05-14 19:35:59', '1984-05-24 21:13:29');
INSERT INTO `reviews` (`id`, `user_id`, `author`, `deal_id`, `rating`, `content`, `answer`, `created_at`, `updated_at`) VALUES ('52', '180', '180', '52', '3', 'Itaque qui voluptatem est et facere. Occaecati quidem molestiae nesciunt vero odit aut. Magni libero rerum atque cumque illum consequatur suscipit.', 'Veritatis id ut ullam sed eligendi illum voluptatum et.', '1981-09-10 04:04:20', '2019-07-26 16:58:08');
INSERT INTO `reviews` (`id`, `user_id`, `author`, `deal_id`, `rating`, `content`, `answer`, `created_at`, `updated_at`) VALUES ('53', '181', '181', '53', '1', 'Sapiente ut laborum similique labore fugit minima. Alias aut ducimus nam soluta possimus qui ut necessitatibus. Dolor amet quia excepturi odit modi. Alias esse distinctio optio ut.', 'Eum esse repellendus mollitia occaecati eveniet asperiores.', '1987-11-26 03:57:53', '2015-12-30 00:12:18');
INSERT INTO `reviews` (`id`, `user_id`, `author`, `deal_id`, `rating`, `content`, `answer`, `created_at`, `updated_at`) VALUES ('54', '183', '183', '54', '3', 'Quia qui autem fugiat qui voluptas. Accusantium voluptate dolore voluptas numquam. Eos laborum et et eveniet fuga reiciendis.', 'Repellendus eligendi esse animi maiores doloribus pariatur.', '2008-04-29 08:26:49', '2005-04-21 15:37:51');
INSERT INTO `reviews` (`id`, `user_id`, `author`, `deal_id`, `rating`, `content`, `answer`, `created_at`, `updated_at`) VALUES ('55', '186', '186', '55', '5', 'Modi aut veritatis adipisci et. Aut soluta voluptas est nemo omnis ex minima sit. Deserunt enim aut provident iste numquam quibusdam consequatur laudantium.', 'Soluta et animi soluta aut.', '1988-01-07 11:21:44', '1998-11-22 20:47:17');
INSERT INTO `reviews` (`id`, `user_id`, `author`, `deal_id`, `rating`, `content`, `answer`, `created_at`, `updated_at`) VALUES ('56', '187', '187', '56', '4', 'Eos hic sit impedit nisi. Neque quod consectetur provident perspiciatis dignissimos magni. In repudiandae ratione nemo beatae exercitationem consequatur.', 'Quidem ducimus itaque dolores sint dolor at modi.', '2011-03-19 06:22:10', '1994-06-13 18:40:32');
INSERT INTO `reviews` (`id`, `user_id`, `author`, `deal_id`, `rating`, `content`, `answer`, `created_at`, `updated_at`) VALUES ('57', '192', '192', '57', '5', 'Delectus aspernatur aliquam illo illum ut odit ut commodi. Quia dolor sunt est repellendus. Dolorem eveniet quae mollitia qui consequatur blanditiis.', 'Nam error voluptatem consequatur sunt corporis.', '1984-01-18 09:07:54', '2017-05-01 10:23:49');
INSERT INTO `reviews` (`id`, `user_id`, `author`, `deal_id`, `rating`, `content`, `answer`, `created_at`, `updated_at`) VALUES ('58', '193', '193', '58', '5', 'Omnis harum tenetur fuga dolores. Voluptatem dolorem velit omnis voluptas cumque. Quae sit quia rerum aperiam perspiciatis ab. Suscipit et nesciunt tempora qui ut inventore error.', 'Dolorem fugit quo necessitatibus amet ut dolores omnis sint.', '2002-08-26 03:50:15', '2011-12-20 02:50:30');
INSERT INTO `reviews` (`id`, `user_id`, `author`, `deal_id`, `rating`, `content`, `answer`, `created_at`, `updated_at`) VALUES ('59', '197', '197', '59', '1', 'Voluptas architecto ratione doloremque ratione fuga et qui. Dolores et voluptatem corporis. Ex non saepe illum repudiandae nostrum veritatis.', 'Laborum magnam iure in eligendi illum magnam rerum.', '2002-12-27 19:16:41', '1996-01-07 08:47:31');
INSERT INTO `reviews` (`id`, `user_id`, `author`, `deal_id`, `rating`, `content`, `answer`, `created_at`, `updated_at`) VALUES ('60', '101', '101', '60', '2', 'Ratione enim id necessitatibus est quaerat ipsa culpa. Expedita aut cumque natus temporibus est vel placeat. Minima excepturi qui eum odio sunt. Repellendus eaque similique sapiente quasi soluta.', 'Est quia minima cupiditate dolores vel eligendi blanditiis.', '1985-02-10 09:46:14', '1988-06-15 19:23:30');
INSERT INTO `reviews` (`id`, `user_id`, `author`, `deal_id`, `rating`, `content`, `answer`, `created_at`, `updated_at`) VALUES ('61', '102', '102', '61', '1', 'Eius ratione officia quo minus id qui. Repudiandae et reprehenderit aut blanditiis. Quia adipisci sed voluptate est dolorem nostrum enim.', 'Quis quam officiis sapiente voluptas et fugiat et.', '1977-03-29 06:01:18', '2011-07-31 14:32:44');
INSERT INTO `reviews` (`id`, `user_id`, `author`, `deal_id`, `rating`, `content`, `answer`, `created_at`, `updated_at`) VALUES ('62', '105', '105', '62', '1', 'Officia ipsa ab deserunt omnis voluptatem. Cum sit doloremque velit cum alias velit. Soluta architecto maiores laudantium temporibus recusandae fugiat. Eligendi velit repellat quam a at.', 'Nihil enim neque alias harum.', '2010-11-13 11:22:12', '1996-05-22 17:15:32');
INSERT INTO `reviews` (`id`, `user_id`, `author`, `deal_id`, `rating`, `content`, `answer`, `created_at`, `updated_at`) VALUES ('63', '106', '106', '63', '2', 'Voluptatem nobis in quos earum. Fuga ad veritatis et ipsam aut molestias suscipit. Unde ab molestiae corrupti nulla voluptatem id dolorem.', 'Doloremque neque cum qui minus est et maiores.', '1980-10-04 14:18:18', '1998-03-11 12:08:33');
INSERT INTO `reviews` (`id`, `user_id`, `author`, `deal_id`, `rating`, `content`, `answer`, `created_at`, `updated_at`) VALUES ('64', '107', '107', '64', '3', 'Commodi consequatur saepe consequuntur veniam cum dolore quibusdam. Laborum impedit fugiat ipsam deleniti voluptatem. Maiores quae et nulla blanditiis non quis minus.', 'Ut earum consequatur deserunt dolor voluptatum nihil illum.', '2017-07-13 13:52:22', '1971-04-15 10:18:17');
INSERT INTO `reviews` (`id`, `user_id`, `author`, `deal_id`, `rating`, `content`, `answer`, `created_at`, `updated_at`) VALUES ('65', '108', '108', '65', '1', 'Quia sequi veritatis sunt aut. Ex quia fuga eum modi esse perspiciatis. Qui illo non rerum beatae pariatur ut itaque. Eos quaerat sequi qui voluptatem.', 'Aspernatur porro magnam labore laboriosam repellendus.', '2009-02-04 08:50:48', '2018-07-25 00:00:51');
INSERT INTO `reviews` (`id`, `user_id`, `author`, `deal_id`, `rating`, `content`, `answer`, `created_at`, `updated_at`) VALUES ('66', '113', '113', '66', '4', 'Voluptatem dolor doloremque laborum dolorem est ea. Doloribus amet nulla ipsum est quis libero. Quas cumque eos excepturi mollitia a.', 'Nemo molestiae omnis dolorem excepturi necessitatibus numquam qui et.', '2007-05-31 12:54:54', '2007-10-15 06:48:37');
INSERT INTO `reviews` (`id`, `user_id`, `author`, `deal_id`, `rating`, `content`, `answer`, `created_at`, `updated_at`) VALUES ('67', '114', '114', '67', '5', 'Sint voluptas reiciendis cumque aut neque. Exercitationem consequatur voluptates ea ut doloribus autem. Totam pariatur nobis sapiente possimus.', 'Exercitationem pariatur sed reiciendis quos maxime.', '1987-10-29 02:10:25', '1980-11-15 12:55:22');
INSERT INTO `reviews` (`id`, `user_id`, `author`, `deal_id`, `rating`, `content`, `answer`, `created_at`, `updated_at`) VALUES ('68', '116', '116', '68', '3', 'Error expedita eaque illum deleniti et est consequatur unde. Quaerat et sed sit voluptatum architecto vitae sed.', 'Tempore aut accusamus dolorem enim ut corporis.', '1970-10-09 21:15:00', '1989-06-16 21:13:38');
INSERT INTO `reviews` (`id`, `user_id`, `author`, `deal_id`, `rating`, `content`, `answer`, `created_at`, `updated_at`) VALUES ('69', '117', '117', '69', '5', 'Consequatur vitae nemo quia quo magnam. Quisquam molestias omnis eligendi tenetur aut alias suscipit. Quae voluptatem rerum voluptate voluptatem repudiandae.', 'Ut expedita odio officiis enim et.', '1988-06-11 22:14:25', '1972-10-22 01:15:15');
INSERT INTO `reviews` (`id`, `user_id`, `author`, `deal_id`, `rating`, `content`, `answer`, `created_at`, `updated_at`) VALUES ('70', '118', '118', '70', '2', 'Rem sed et assumenda cupiditate vel iusto. Fugiat tenetur accusamus et impedit inventore. Quos et cumque fuga vel magni iure. Velit et consequatur at et eum esse.', 'Neque aut consequatur sapiente nihil.', '1984-01-30 18:35:55', '2014-05-28 04:08:40');
INSERT INTO `reviews` (`id`, `user_id`, `author`, `deal_id`, `rating`, `content`, `answer`, `created_at`, `updated_at`) VALUES ('71', '121', '121', '71', '2', 'Vel corporis eius porro inventore quaerat et. Architecto provident cum facilis odit consequatur. Reiciendis placeat nesciunt ratione ea rem et.', 'Architecto et voluptatem debitis id natus velit.', '1989-11-14 14:20:15', '1978-08-01 04:21:44');
INSERT INTO `reviews` (`id`, `user_id`, `author`, `deal_id`, `rating`, `content`, `answer`, `created_at`, `updated_at`) VALUES ('72', '122', '122', '72', '3', 'Voluptas odit amet aut aut pariatur numquam. Ut quasi sit eveniet nihil. Molestiae deserunt quae et eum facere. Sed quis id hic corrupti voluptatum.', 'Est suscipit expedita perferendis omnis.', '1991-01-28 14:33:08', '2011-03-08 11:19:51');
INSERT INTO `reviews` (`id`, `user_id`, `author`, `deal_id`, `rating`, `content`, `answer`, `created_at`, `updated_at`) VALUES ('73', '123', '123', '73', '2', 'Voluptas est voluptatum ut cupiditate. Ut dolores nostrum asperiores sit fugit nobis debitis. Consectetur nostrum nemo deserunt consequatur rerum sed voluptas.', 'Odio et architecto consequatur suscipit.', '1996-01-02 00:01:24', '1976-09-08 06:37:25');
INSERT INTO `reviews` (`id`, `user_id`, `author`, `deal_id`, `rating`, `content`, `answer`, `created_at`, `updated_at`) VALUES ('74', '124', '124', '74', '3', 'Sed omnis nobis alias qui at. Et fuga hic quos accusantium veritatis enim. Exercitationem cum labore culpa et commodi id sit vel.', 'Odit labore recusandae quisquam libero ut.', '2015-07-30 16:43:50', '1993-01-10 07:04:59');
INSERT INTO `reviews` (`id`, `user_id`, `author`, `deal_id`, `rating`, `content`, `answer`, `created_at`, `updated_at`) VALUES ('75', '125', '125', '75', '2', 'Est sint veniam totam eum possimus. Et natus ipsa voluptas officia odit id maxime sequi. Distinctio consequatur nihil facere delectus.', 'Amet quia amet fuga esse unde qui.', '1973-09-20 18:34:48', '2017-02-10 16:24:58');
INSERT INTO `reviews` (`id`, `user_id`, `author`, `deal_id`, `rating`, `content`, `answer`, `created_at`, `updated_at`) VALUES ('76', '127', '127', '76', '2', 'Quod fugiat sit cum repellat est atque vel. Occaecati quod natus ipsum quisquam. Id corporis eaque ut perspiciatis.', 'Voluptatibus id iure ut placeat id labore maxime omnis.', '2013-08-08 08:21:45', '2020-06-28 13:51:07');
INSERT INTO `reviews` (`id`, `user_id`, `author`, `deal_id`, `rating`, `content`, `answer`, `created_at`, `updated_at`) VALUES ('77', '128', '128', '77', '3', 'Omnis distinctio nemo aliquam nam quia saepe est. Cumque id et nobis et deserunt impedit.', 'Quis tempore dolores aut.', '2003-12-06 23:33:59', '1981-12-19 08:58:36');
INSERT INTO `reviews` (`id`, `user_id`, `author`, `deal_id`, `rating`, `content`, `answer`, `created_at`, `updated_at`) VALUES ('78', '130', '130', '78', '5', 'Et voluptas harum enim tenetur laudantium. Ab sunt tempora eius officia ab. Recusandae excepturi dolor voluptatem nobis. Cum a voluptas enim occaecati ratione.', 'Saepe excepturi in quia quidem qui.', '1997-11-09 03:03:17', '2016-01-21 11:23:18');
INSERT INTO `reviews` (`id`, `user_id`, `author`, `deal_id`, `rating`, `content`, `answer`, `created_at`, `updated_at`) VALUES ('79', '131', '131', '79', '3', 'Et earum ad velit similique autem. Ad facilis nostrum dolor non voluptatem perspiciatis sed. Voluptatem explicabo debitis quisquam perferendis id doloremque dolore.', 'Dolore quia rerum nostrum quod soluta autem.', '1993-11-19 06:55:37', '1974-06-05 03:10:27');
INSERT INTO `reviews` (`id`, `user_id`, `author`, `deal_id`, `rating`, `content`, `answer`, `created_at`, `updated_at`) VALUES ('80', '132', '132', '80', '5', 'Officiis dolores qui consequatur quos sed. Voluptas temporibus iusto eius rerum. Eveniet omnis eum nihil molestiae corporis mollitia.', 'Nemo deleniti qui ratione assumenda.', '1973-08-31 21:18:41', '1985-10-27 21:45:35');
INSERT INTO `reviews` (`id`, `user_id`, `author`, `deal_id`, `rating`, `content`, `answer`, `created_at`, `updated_at`) VALUES ('81', '134', '134', '81', '5', 'Est placeat neque consequatur explicabo. Sed magnam nulla repellat quidem. Minus accusamus velit at modi earum laudantium mollitia. Tempora praesentium quasi rerum voluptas voluptatibus.', 'Dicta ut quisquam quia maiores.', '1970-01-12 17:25:16', '2004-01-27 00:16:08');
INSERT INTO `reviews` (`id`, `user_id`, `author`, `deal_id`, `rating`, `content`, `answer`, `created_at`, `updated_at`) VALUES ('82', '135', '135', '82', '4', 'Consectetur voluptas et et eveniet modi non. Cumque quia tempore laborum quis temporibus sapiente. Ipsa est sunt molestiae in et.', 'In et reprehenderit tenetur voluptatem animi alias.', '1987-04-12 14:03:23', '1991-12-02 05:09:00');
INSERT INTO `reviews` (`id`, `user_id`, `author`, `deal_id`, `rating`, `content`, `answer`, `created_at`, `updated_at`) VALUES ('83', '136', '136', '83', '3', 'Voluptas qui similique nisi voluptatem cum veritatis. Voluptas labore a ut non sint. Praesentium similique ex et modi et repellat. Dolores corporis et voluptate necessitatibus expedita.', 'Aspernatur facere ut voluptatum aut at delectus.', '2008-12-14 19:58:29', '2004-06-12 20:44:44');
INSERT INTO `reviews` (`id`, `user_id`, `author`, `deal_id`, `rating`, `content`, `answer`, `created_at`, `updated_at`) VALUES ('84', '137', '137', '84', '4', 'Beatae est veniam sunt harum laborum. Voluptatem corrupti minima suscipit iste. Occaecati eos quia tempore quidem est molestiae. Commodi quis perspiciatis laboriosam voluptas ut exercitationem.', 'Voluptas vel sint excepturi est voluptatum doloremque sed.', '1976-04-24 05:58:44', '2012-04-16 14:11:02');
INSERT INTO `reviews` (`id`, `user_id`, `author`, `deal_id`, `rating`, `content`, `answer`, `created_at`, `updated_at`) VALUES ('85', '138', '138', '85', '4', 'Iure tempora possimus eos id et unde corporis. Consequatur quidem rerum sint voluptatem. Ipsum eos id molestiae iusto et sed facere. Enim veniam dolores similique quidem illum cum.', 'Ducimus error dolor autem aut excepturi sed.', '2007-10-13 01:17:39', '1981-04-02 22:51:10');
INSERT INTO `reviews` (`id`, `user_id`, `author`, `deal_id`, `rating`, `content`, `answer`, `created_at`, `updated_at`) VALUES ('86', '140', '140', '86', '3', 'Iste iusto velit autem maiores magnam. Impedit accusantium velit officiis id sed delectus aut. Rerum vel consequatur commodi reiciendis. Sit dolor earum est soluta.', 'Qui quae distinctio voluptatem numquam ex repellat.', '2002-01-17 19:09:12', '1972-08-20 21:47:49');
INSERT INTO `reviews` (`id`, `user_id`, `author`, `deal_id`, `rating`, `content`, `answer`, `created_at`, `updated_at`) VALUES ('87', '142', '142', '87', '2', 'Perspiciatis et est tempore voluptate tenetur. Minus consequatur saepe et repellat et quisquam. Sunt cum cupiditate quos.', 'Sunt error optio ea non dolorem.', '1975-05-29 15:44:41', '1980-08-14 09:24:11');
INSERT INTO `reviews` (`id`, `user_id`, `author`, `deal_id`, `rating`, `content`, `answer`, `created_at`, `updated_at`) VALUES ('88', '143', '143', '88', '1', 'Veritatis voluptas modi officia dolore. Nihil tempore et dolor quasi magnam assumenda.', 'Et aut est quia iste quia ex odit qui.', '1989-07-14 07:24:54', '1994-12-18 14:44:11');
INSERT INTO `reviews` (`id`, `user_id`, `author`, `deal_id`, `rating`, `content`, `answer`, `created_at`, `updated_at`) VALUES ('89', '144', '144', '89', '2', 'Voluptatem officiis et sed. Ipsum atque est saepe saepe voluptatum temporibus. Consectetur aut tempore assumenda perspiciatis molestiae eos molestiae. Placeat sit facere excepturi.', 'Earum perferendis maxime hic voluptas rem voluptates magnam aliquid.', '2006-03-17 03:55:49', '2009-05-19 15:13:46');
INSERT INTO `reviews` (`id`, `user_id`, `author`, `deal_id`, `rating`, `content`, `answer`, `created_at`, `updated_at`) VALUES ('90', '145', '145', '90', '3', 'Et aut alias voluptatibus. Quia facere quis dolorem nobis vitae nobis. Quaerat fugiat blanditiis sequi fugit quam suscipit pariatur.', 'Modi ut delectus id cum sapiente aliquid.', '1982-03-25 13:18:21', '2008-08-11 10:34:41');
INSERT INTO `reviews` (`id`, `user_id`, `author`, `deal_id`, `rating`, `content`, `answer`, `created_at`, `updated_at`) VALUES ('91', '146', '146', '91', '3', 'Magni velit et architecto quod. Maiores reprehenderit enim esse culpa laboriosam in ut. Aut et quidem tempora vitae velit nemo.', 'Explicabo exercitationem ut vel aut laborum in debitis dolorum.', '1976-08-19 07:59:44', '2017-01-01 09:37:21');
INSERT INTO `reviews` (`id`, `user_id`, `author`, `deal_id`, `rating`, `content`, `answer`, `created_at`, `updated_at`) VALUES ('92', '147', '147', '92', '5', 'Enim laborum ut eligendi quam. Aut necessitatibus et soluta molestiae eum quo eos. Dolores nisi ea placeat voluptatem.', 'Vitae eum sint blanditiis harum unde.', '2010-02-22 08:11:09', '2009-10-03 04:56:07');
INSERT INTO `reviews` (`id`, `user_id`, `author`, `deal_id`, `rating`, `content`, `answer`, `created_at`, `updated_at`) VALUES ('93', '148', '148', '93', '2', 'Saepe ut quo mollitia tempore fugiat. Qui libero error consectetur sunt soluta. Consectetur a debitis placeat consequuntur accusamus adipisci. Eum libero qui animi ullam.', 'Magnam ratione ut omnis ullam molestiae laborum officiis.', '1974-05-17 23:50:39', '2003-06-26 21:34:57');
INSERT INTO `reviews` (`id`, `user_id`, `author`, `deal_id`, `rating`, `content`, `answer`, `created_at`, `updated_at`) VALUES ('94', '149', '149', '94', '5', 'Et voluptatem praesentium sint dolores temporibus sit sapiente quo. Et in minima est. Eveniet velit ipsum nisi molestiae enim.', 'Sit nemo expedita qui nobis omnis sunt.', '2005-01-01 08:48:02', '2014-04-20 22:05:16');
INSERT INTO `reviews` (`id`, `user_id`, `author`, `deal_id`, `rating`, `content`, `answer`, `created_at`, `updated_at`) VALUES ('95', '150', '150', '95', '3', 'Quam dicta nihil et sapiente soluta excepturi. Dolorem deleniti nihil cumque velit. Et eos molestiae vero dicta eligendi voluptatem. Quibusdam quo atque eos officiis ab aliquid.', 'Iure omnis blanditiis tempora consectetur doloremque.', '1973-01-14 02:38:19', '1981-02-16 00:47:07');
INSERT INTO `reviews` (`id`, `user_id`, `author`, `deal_id`, `rating`, `content`, `answer`, `created_at`, `updated_at`) VALUES ('96', '152', '152', '96', '2', 'Sunt aliquam accusamus ad quidem adipisci. Molestiae a sit eum accusantium sit. Vel dolorem ullam fugiat quo fugiat quia provident unde. Eos asperiores quia repudiandae.', 'Sunt ipsam vel consequatur.', '1998-11-12 18:08:55', '2017-08-14 08:29:49');
INSERT INTO `reviews` (`id`, `user_id`, `author`, `deal_id`, `rating`, `content`, `answer`, `created_at`, `updated_at`) VALUES ('97', '153', '153', '97', '1', 'Placeat qui aperiam voluptatibus asperiores optio delectus. Fuga illo officia soluta et. Quod repellat asperiores quia unde ut sed. Reiciendis nihil recusandae aut enim officia est.', 'Similique ut dolor sed et est mollitia quidem.', '1975-07-29 12:09:23', '1983-04-01 01:56:03');
INSERT INTO `reviews` (`id`, `user_id`, `author`, `deal_id`, `rating`, `content`, `answer`, `created_at`, `updated_at`) VALUES ('98', '156', '156', '98', '2', 'Placeat ipsum voluptas et eum. Excepturi modi asperiores culpa ut nihil dolor. Pariatur aut eligendi enim tenetur illo nam. Voluptatem expedita ea veritatis voluptatibus.', 'Dicta est rerum tenetur nulla.', '1977-10-16 04:04:09', '2004-10-08 08:46:32');
INSERT INTO `reviews` (`id`, `user_id`, `author`, `deal_id`, `rating`, `content`, `answer`, `created_at`, `updated_at`) VALUES ('99', '158', '158', '99', '4', 'Inventore est non accusantium. Accusantium et suscipit at architecto.', 'Nemo hic aut et quaerat sequi quo doloribus.', '1996-06-11 07:25:25', '1984-10-19 08:24:48');
INSERT INTO `reviews` (`id`, `user_id`, `author`, `deal_id`, `rating`, `content`, `answer`, `created_at`, `updated_at`) VALUES ('100', '159', '159', '100', '4', 'Molestiae ratione tenetur vel ipsam rerum vel sint. Harum et cupiditate est doloremque. Impedit nam et pariatur numquam eaque. Sed soluta magni vitae maxime.', 'Neque ratione voluptates veniam est nam laudantium quia.', '2013-12-23 06:13:36', '2012-08-18 10:51:35');



