-- Generation time: Fri, 09 Oct 2020 20:46:46 +0000
-- Host: mysql.hostinger.ro
-- DB name: u574849695_23
/*!40030 SET NAMES UTF8 */;
/*!40101 SET @OLD_CHARACTER_SET_CLIENT=@@CHARACTER_SET_CLIENT */;
/*!40101 SET @OLD_CHARACTER_SET_RESULTS=@@CHARACTER_SET_RESULTS */;
/*!40101 SET @OLD_COLLATION_CONNECTION=@@COLLATION_CONNECTION */;
/*!40103 SET @OLD_TIME_ZONE=@@TIME_ZONE */;
/*!40103 SET TIME_ZONE='+00:00' */;
/*!40014 SET @OLD_UNIQUE_CHECKS=@@UNIQUE_CHECKS, UNIQUE_CHECKS=0 */;
/*!40014 SET @OLD_FOREIGN_KEY_CHECKS=@@FOREIGN_KEY_CHECKS, FOREIGN_KEY_CHECKS=0 */;
/*!40101 SET @OLD_SQL_MODE=@@SQL_MODE, SQL_MODE='NO_AUTO_VALUE_ON_ZERO' */;
/*!40111 SET @OLD_SQL_NOTES=@@SQL_NOTES, SQL_NOTES=0 */;

DROP TABLE IF EXISTS `communities`;
CREATE TABLE `communities` (
  `id` bigint(20) unsigned NOT NULL AUTO_INCREMENT,
  `name` varchar(255) COLLATE utf8_unicode_ci DEFAULT NULL,
  `admin_user_id` bigint(20) unsigned NOT NULL,
  UNIQUE KEY `id` (`id`),
  KEY `name` (`name`),
  KEY `admin_user_id` (`admin_user_id`),
  CONSTRAINT `communities_ibfk_1` FOREIGN KEY (`admin_user_id`) REFERENCES `users` (`id`)
) ENGINE=InnoDB AUTO_INCREMENT=101 DEFAULT CHARSET=utf8 COLLATE=utf8_unicode_ci;

INSERT INTO `communities` VALUES ('1','magni','1'),
('2','voluptatem','2'),
('3','eaque','3'),
('4','velit','4'),
('5','iusto','5'),
('6','ipsa','6'),
('7','eveniet','7'),
('8','pariatur','8'),
('9','dicta','9'),
('10','sit','10'),
('11','voluptas','11'),
('12','officia','12'),
('13','dolore','13'),
('14','et','14'),
('15','odio','15'),
('16','nemo','16'),
('17','dolor','17'),
('18','quas','18'),
('19','labore','19'),
('20','dolor','20'),
('21','amet','21'),
('22','dolore','22'),
('23','ipsa','23'),
('24','officiis','24'),
('25','non','25'),
('26','qui','26'),
('27','autem','27'),
('28','a','28'),
('29','eum','29'),
('30','harum','30'),
('31','velit','31'),
('32','dolor','32'),
('33','consequatur','33'),
('34','ullam','34'),
('35','quod','35'),
('36','consectetur','36'),
('37','dolore','37'),
('38','dolorem','38'),
('39','quasi','39'),
('40','non','40'),
('41','culpa','41'),
('42','incidunt','42'),
('43','magni','43'),
('44','saepe','44'),
('45','soluta','45'),
('46','et','46'),
('47','velit','47'),
('48','et','48'),
('49','et','49'),
('50','ad','50'),
('51','corporis','51'),
('52','blanditiis','52'),
('53','ut','53'),
('54','veniam','54'),
('55','velit','55'),
('56','enim','56'),
('57','provident','57'),
('58','saepe','58'),
('59','id','59'),
('60','fugiat','60'),
('61','asperiores','61'),
('62','omnis','62'),
('63','voluptas','63'),
('64','vel','64'),
('65','et','65'),
('66','velit','66'),
('67','dicta','67'),
('68','est','68'),
('69','veritatis','69'),
('70','accusamus','70'),
('71','autem','71'),
('72','unde','72'),
('73','aut','73'),
('74','doloribus','74'),
('75','consequuntur','75'),
('76','laboriosam','76'),
('77','et','77'),
('78','et','78'),
('79','dolor','79'),
('80','odio','80'),
('81','accusantium','81'),
('82','sunt','82'),
('83','ea','83'),
('84','facere','84'),
('85','eius','85'),
('86','perspiciatis','86'),
('87','quia','87'),
('88','corrupti','88'),
('89','veniam','89'),
('90','voluptatem','90'),
('91','vero','91'),
('92','aut','92'),
('93','repellendus','93'),
('94','officia','94'),
('95','consectetur','95'),
('96','beatae','96'),
('97','est','97'),
('98','rerum','98'),
('99','repudiandae','99'),
('100','numquam','100'); 


DROP TABLE IF EXISTS `friend_requests`;
CREATE TABLE `friend_requests` (
  `initiator_user_id` bigint(20) unsigned NOT NULL,
  `target_user_id` bigint(20) unsigned NOT NULL,
  `status` enum('requested','approved','unfriended','declined') COLLATE utf8_unicode_ci DEFAULT NULL,
  `created_at` datetime DEFAULT current_timestamp(),
  `updated_at` datetime DEFAULT NULL ON UPDATE current_timestamp(),
  PRIMARY KEY (`initiator_user_id`,`target_user_id`),
  KEY `target_user_id` (`target_user_id`),
  CONSTRAINT `friend_requests_ibfk_1` FOREIGN KEY (`initiator_user_id`) REFERENCES `users` (`id`),
  CONSTRAINT `friend_requests_ibfk_2` FOREIGN KEY (`target_user_id`) REFERENCES `users` (`id`)
) ENGINE=InnoDB DEFAULT CHARSET=utf8 COLLATE=utf8_unicode_ci;

INSERT INTO `friend_requests` VALUES ('1','20','approved','1972-02-08 22:39:03','1970-06-11 21:16:12'),
('2','76','unfriended','1978-06-13 08:40:12','1974-02-13 13:05:51'),
('3','31','requested','1970-08-16 10:39:19','1974-06-19 20:03:31'),
('4','47','unfriended','1996-05-14 08:19:14','2013-12-11 09:12:43'),
('4','71','requested','2008-02-25 17:09:59','1988-04-10 06:11:50'),
('4','78','unfriended','1980-10-30 12:54:49','2005-03-23 07:00:16'),
('7','76','approved','2014-12-09 15:25:11','2010-11-21 22:39:34'),
('8','6','declined','2017-07-01 13:38:35','1975-07-18 09:31:17'),
('8','28','approved','2020-08-23 21:28:31','2011-05-22 20:55:08'),
('9','64','requested','2000-03-28 01:53:27','1980-08-15 16:50:56'),
('10','18','approved','1982-02-02 10:14:18','2014-03-11 04:47:04'),
('13','65','approved','1983-08-09 10:00:59','1997-06-03 14:25:13'),
('13','78','unfriended','1988-09-15 06:07:59','1990-10-12 11:46:04'),
('13','99','unfriended','2010-11-28 19:04:48','1978-03-07 03:32:01'),
('14','18','approved','1985-01-31 21:40:31','2003-06-08 14:19:33'),
('15','8','requested','2003-09-28 11:10:01','2013-04-25 23:49:49'),
('15','63','declined','1980-05-31 20:34:29','2017-09-30 11:17:12'),
('16','94','unfriended','2018-10-21 19:42:22','2009-02-27 11:22:19'),
('17','9','declined','1985-10-03 13:04:36','1979-05-07 21:00:05'),
('18','17','requested','1982-07-30 07:17:40','1981-06-26 23:50:37'),
('19','10','approved','2017-04-10 08:16:10','1988-02-15 04:19:51'),
('20','80','unfriended','2001-02-23 22:22:05','1975-09-01 11:25:14'),
('21','4','requested','1985-06-23 02:19:35','2004-09-17 11:57:35'),
('21','66','requested','2020-08-14 22:26:52','2015-10-03 09:04:24'),
('21','84','approved','2018-01-13 18:41:47','1974-01-18 17:41:57'),
('22','15','declined','1981-07-02 04:32:13','1996-12-21 23:32:46'),
('22','75','requested','2002-12-31 03:05:23','2013-12-22 15:27:49'),
('24','53','requested','1975-09-03 02:21:14','2004-11-30 18:37:07'),
('24','72','requested','1995-11-29 00:54:06','1997-08-29 19:57:52'),
('25','66','declined','2009-08-16 17:50:32','2008-01-21 02:13:02'),
('26','28','declined','2018-06-27 20:19:11','1983-08-05 22:22:35'),
('26','40','unfriended','2015-05-23 10:32:32','2009-01-11 16:40:28'),
('27','20','approved','2019-09-17 17:12:34','2004-02-08 01:56:37'),
('28','5','approved','2003-02-21 00:14:17','1997-09-27 11:10:11'),
('28','10','approved','2011-04-24 08:26:10','1988-11-27 13:56:47'),
('29','32','unfriended','2011-09-22 23:48:22','2000-03-14 23:52:44'),
('30','29','declined','2011-03-20 00:25:49','1983-07-06 13:34:25'),
('30','45','unfriended','2019-11-26 00:45:50','1994-08-10 03:18:41'),
('34','46','requested','1980-04-01 08:54:04','1993-12-03 13:39:58'),
('35','28','unfriended','1975-07-28 03:36:17','1976-05-27 15:24:15'),
('36','79','unfriended','1978-10-31 09:11:21','1977-06-03 15:20:17'),
('36','85','requested','2020-08-25 21:43:16','1983-05-23 18:16:37'),
('37','17','approved','1998-06-22 04:13:41','2006-12-30 07:18:23'),
('38','83','approved','1990-09-05 14:43:43','1987-12-20 23:17:33'),
('39','25','declined','1976-01-16 17:44:19','1979-08-28 11:54:08'),
('39','63','requested','1995-03-15 21:15:58','2019-05-28 02:03:29'),
('39','75','requested','2014-12-13 11:37:53','1998-10-28 07:51:00'),
('39','88','requested','1980-07-12 18:11:20','2007-03-24 20:48:39'),
('40','87','unfriended','1993-07-22 08:31:19','2009-11-17 16:09:45'),
('40','97','approved','1978-09-28 21:10:47','2018-01-16 06:42:42'),
('42','75','approved','1982-05-21 16:59:24','2001-07-28 08:19:12'),
('43','82','declined','1994-10-01 03:12:33','1990-11-19 04:53:32'),
('45','45','declined','2003-04-03 14:41:49','2004-10-29 15:09:46'),
('49','23','unfriended','1975-05-12 23:53:01','2006-08-06 22:05:38'),
('49','41','approved','2015-04-06 05:01:42','1977-11-05 18:26:22'),
('49','77','declined','1982-03-04 22:34:20','2018-07-08 10:48:45'),
('50','81','unfriended','2016-07-13 13:26:30','1976-10-23 21:30:49'),
('51','19','requested','2004-01-15 12:13:32','1976-01-16 01:24:10'),
('51','29','unfriended','2011-02-02 13:20:42','1982-02-11 00:05:08'),
('54','27','requested','1999-12-27 03:58:29','2020-05-15 22:55:10'),
('55','42','declined','1979-05-07 01:32:59','1991-04-08 09:33:58'),
('56','89','approved','2015-05-07 22:40:55','1983-05-23 02:03:59'),
('59','17','approved','1977-03-27 21:21:16','1974-05-07 08:20:37'),
('60','94','unfriended','1987-11-09 22:54:20','1970-04-06 15:04:55'),
('63','67','requested','1981-05-14 23:17:05','1979-04-07 07:00:26'),
('63','70','requested','1993-09-13 11:48:39','1999-10-04 21:04:41'),
('66','92','unfriended','2018-08-21 05:01:32','2001-01-23 18:25:28'),
('67','34','approved','2014-03-04 12:29:11','2013-01-22 02:25:18'),
('67','87','unfriended','2020-06-28 09:38:14','2004-07-31 13:43:11'),
('68','86','declined','2017-11-27 22:29:02','2003-11-18 05:46:43'),
('71','57','approved','2004-10-05 20:55:34','1992-02-08 22:25:39'),
('73','12','approved','1986-12-21 23:57:16','2009-04-08 16:26:27'),
('73','45','declined','2003-04-07 11:31:20','2017-12-23 06:22:47'),
('75','80','unfriended','1996-04-24 22:59:39','2004-05-01 04:15:49'),
('76','64','requested','1996-09-18 09:32:17','2009-04-30 08:44:10'),
('76','85','unfriended','1989-02-21 10:03:49','2015-12-10 01:36:15'),
('79','20','unfriended','2006-04-20 00:40:33','1974-11-01 10:55:34'),
('79','49','declined','2016-04-30 13:27:07','1996-03-07 06:21:04'),
('79','50','declined','1970-10-02 01:25:07','2009-12-05 15:26:06'),
('79','87','approved','2016-10-21 12:05:01','1978-05-22 12:24:57'),
('79','94','unfriended','2017-01-03 04:32:24','1974-02-02 11:32:52'),
('80','46','unfriended','1996-08-03 17:23:08','2011-05-20 23:50:19'),
('81','55','declined','2002-04-29 10:12:39','2015-04-02 12:47:42'),
('81','69','unfriended','2013-01-17 01:27:56','2000-05-29 00:53:07'),
('85','66','unfriended','1991-10-15 21:45:15','1984-10-11 05:52:01'),
('88','33','unfriended','2018-05-05 06:39:49','1971-10-28 15:09:12'),
('89','22','requested','2003-01-07 04:55:48','1971-12-09 21:30:13'),
('90','8','requested','1975-11-03 17:19:18','1993-06-25 23:59:45'),
('90','47','unfriended','2019-04-12 04:58:50','2014-09-17 04:22:26'),
('91','46','unfriended','1978-11-16 09:22:58','2012-06-03 12:50:36'),
('91','73','approved','1989-12-14 21:58:07','1973-06-06 05:30:00'),
('92','33','declined','2014-12-30 10:18:19','1994-01-23 18:08:56'),
('93','96','requested','2013-10-10 16:49:31','1996-07-04 19:43:44'),
('96','32','approved','1977-06-05 01:44:34','2005-07-14 10:29:16'),
('97','10','requested','1992-09-13 16:23:34','1975-01-16 00:59:25'),
('97','42','unfriended','1995-12-29 18:47:37','1992-02-11 05:49:05'),
('97','72','declined','1976-09-24 16:39:21','1982-07-25 02:52:22'),
('98','24','approved','2010-09-09 21:49:46','1997-05-29 00:09:08'),
('99','57','declined','1970-10-12 01:11:03','1972-12-23 20:20:09'),
('100','87','declined','1994-10-18 16:32:02','1994-10-16 18:20:25'); 


DROP TABLE IF EXISTS `likes`;
CREATE TABLE `likes` (
  `id` bigint(20) unsigned NOT NULL AUTO_INCREMENT,
  `user_id` bigint(20) unsigned NOT NULL,
  `media_id` bigint(20) unsigned NOT NULL,
  `created_at` datetime DEFAULT current_timestamp(),
  UNIQUE KEY `id` (`id`),
  KEY `user_id` (`user_id`),
  KEY `media_id` (`media_id`),
  CONSTRAINT `likes_ibfk_1` FOREIGN KEY (`user_id`) REFERENCES `users` (`id`),
  CONSTRAINT `likes_ibfk_2` FOREIGN KEY (`media_id`) REFERENCES `media` (`id`)
) ENGINE=InnoDB AUTO_INCREMENT=101 DEFAULT CHARSET=utf8 COLLATE=utf8_unicode_ci;

INSERT INTO `likes` VALUES ('1','1','1','2004-09-21 08:54:56'),
('2','2','2','1989-05-23 06:15:35'),
('3','3','3','2015-03-13 02:50:38'),
('4','4','4','1992-12-20 22:18:10'),
('5','5','5','2012-08-15 23:35:48'),
('6','6','6','1979-09-10 08:18:58'),
('7','7','7','2008-12-11 16:04:01'),
('8','8','8','1985-07-08 11:40:04'),
('9','9','9','1999-08-08 02:29:21'),
('10','10','10','1970-12-17 15:54:19'),
('11','11','11','1973-05-17 00:55:16'),
('12','12','12','2012-05-30 04:17:06'),
('13','13','13','1974-05-11 00:32:38'),
('14','14','14','1982-08-02 17:55:22'),
('15','15','15','2009-05-14 02:33:58'),
('16','16','16','2002-08-11 05:21:32'),
('17','17','17','2000-01-06 02:32:01'),
('18','18','18','2000-05-07 02:35:32'),
('19','19','19','2013-07-28 06:59:49'),
('20','20','20','1998-10-03 06:11:17'),
('21','21','21','1987-02-24 19:26:51'),
('22','22','22','2013-07-24 01:21:58'),
('23','23','23','1980-01-22 00:05:09'),
('24','24','24','1985-06-24 11:48:04'),
('25','25','25','2002-11-14 05:15:42'),
('26','26','26','2008-11-14 12:05:38'),
('27','27','27','2013-08-11 02:42:53'),
('28','28','28','1977-02-03 11:42:17'),
('29','29','29','2018-06-12 11:25:34'),
('30','30','30','1998-02-14 20:54:02'),
('31','31','31','2019-01-11 09:32:21'),
('32','32','32','2008-11-10 08:31:04'),
('33','33','33','1972-06-29 18:37:22'),
('34','34','34','1983-01-19 07:27:00'),
('35','35','35','1991-09-27 13:57:39'),
('36','36','36','1982-06-17 20:52:30'),
('37','37','37','2009-05-17 21:22:51'),
('38','38','38','1984-10-24 05:46:24'),
('39','39','39','1990-11-23 23:21:38'),
('40','40','40','1991-10-21 14:18:52'),
('41','41','41','1976-01-25 09:19:04'),
('42','42','42','1992-01-13 22:01:52'),
('43','43','43','1986-03-18 22:37:24'),
('44','44','44','1977-05-15 23:04:07'),
('45','45','45','1973-09-05 03:05:27'),
('46','46','46','1994-04-17 02:13:51'),
('47','47','47','2000-03-31 21:51:19'),
('48','48','48','1979-03-09 08:28:02'),
('49','49','49','2002-06-26 11:18:19'),
('50','50','50','2005-06-13 00:40:19'),
('51','51','51','2012-01-19 11:49:38'),
('52','52','52','1977-02-15 16:36:12'),
('53','53','53','2019-03-06 12:58:28'),
('54','54','54','1982-01-30 17:11:29'),
('55','55','55','1998-10-27 01:08:25'),
('56','56','56','1991-08-13 03:40:46'),
('57','57','57','1978-01-04 00:23:08'),
('58','58','58','1976-01-21 21:37:09'),
('59','59','59','1992-11-02 10:33:18'),
('60','60','60','1984-07-12 07:31:11'),
('61','61','61','1975-05-20 11:32:57'),
('62','62','62','1991-02-27 07:48:49'),
('63','63','63','1986-09-05 08:36:13'),
('64','64','64','2008-08-25 15:38:34'),
('65','65','65','1980-07-17 12:15:58'),
('66','66','66','1988-02-05 19:56:21'),
('67','67','67','1990-07-10 23:29:15'),
('68','68','68','1991-01-01 10:55:11'),
('69','69','69','1980-01-16 01:46:04'),
('70','70','70','1981-06-05 08:54:41'),
('71','71','71','1978-01-01 20:10:15'),
('72','72','72','1982-10-17 15:10:11'),
('73','73','73','1997-09-17 22:47:06'),
('74','74','74','2004-11-22 17:57:16'),
('75','75','75','2008-04-19 07:48:58'),
('76','76','76','1977-11-08 01:02:01'),
('77','77','77','1990-09-05 02:44:02'),
('78','78','78','2011-03-14 17:45:43'),
('79','79','79','1988-04-03 18:16:59'),
('80','80','80','1980-01-13 11:46:09'),
('81','81','81','1996-08-24 13:58:57'),
('82','82','82','1995-10-07 19:37:47'),
('83','83','83','1990-11-24 09:59:23'),
('84','84','84','1999-03-04 16:02:04'),
('85','85','85','2016-04-11 15:19:16'),
('86','86','86','2010-01-25 01:58:17'),
('87','87','87','1977-03-11 21:48:49'),
('88','88','88','1983-10-08 22:26:06'),
('89','89','89','1991-09-04 02:52:28'),
('90','90','90','1992-11-13 14:09:54'),
('91','91','91','1988-07-22 03:51:25'),
('92','92','92','1977-01-02 09:44:06'),
('93','93','93','2017-03-31 22:13:20'),
('94','94','94','1995-06-19 02:05:07'),
('95','95','95','1988-09-19 18:05:59'),
('96','96','96','1991-05-28 20:41:32'),
('97','97','97','1996-06-02 17:13:37'),
('98','98','98','1983-11-08 09:00:21'),
('99','99','99','2014-12-26 04:10:46'),
('100','100','100','1981-04-14 21:50:42'); 


DROP TABLE IF EXISTS `media`;
CREATE TABLE `media` (
  `id` bigint(20) unsigned NOT NULL AUTO_INCREMENT,
  `user_id` bigint(20) unsigned NOT NULL,
  `media_type_id` bigint(20) unsigned NOT NULL,
  `body` text COLLATE utf8_unicode_ci DEFAULT NULL,
  `filename` varchar(255) COLLATE utf8_unicode_ci DEFAULT NULL,
  `metadata` longtext CHARACTER SET utf8mb4 COLLATE utf8mb4_bin DEFAULT NULL CHECK (json_valid(`metadata`)),
  `created_at` datetime DEFAULT current_timestamp(),
  `updated_at` datetime DEFAULT NULL ON UPDATE current_timestamp(),
  UNIQUE KEY `id` (`id`),
  KEY `user_id` (`user_id`),
  KEY `media_type_id` (`media_type_id`),
  CONSTRAINT `media_ibfk_1` FOREIGN KEY (`user_id`) REFERENCES `users` (`id`),
  CONSTRAINT `media_ibfk_2` FOREIGN KEY (`media_type_id`) REFERENCES `media_types` (`id`)
) ENGINE=InnoDB AUTO_INCREMENT=101 DEFAULT CHARSET=utf8 COLLATE=utf8_unicode_ci;

INSERT INTO `media` VALUES ('1','1','1','A in aspernatur commodi blanditiis debitis dolorem. Nihil asperiores molestiae consequatur omnis ut ut inventore. Blanditiis temporibus non enim et.','est',NULL,'2009-04-09 14:35:21','2006-03-25 07:54:27'),
('2','2','2','Non hic soluta ea quaerat non ut. Quia veniam a quod odit non dolorem. Accusantium veniam aliquam quia nulla aut.','quos',NULL,'1989-05-04 16:26:57','2003-11-11 20:57:38'),
('3','3','3','Illo maiores sed eveniet consectetur dolore earum voluptas nihil. Ex vel placeat dolor quod. Iure est optio cum sunt ullam est nihil.','rerum',NULL,'1983-12-14 00:15:55','2007-06-10 10:32:19'),
('4','4','4','Minus consequuntur molestiae optio. Et delectus enim voluptatum dolores velit. Quam quaerat consequatur qui et quibusdam similique dolor. Non voluptate ea molestiae corporis et voluptas in.','est',NULL,'1983-11-17 21:37:37','2016-08-25 08:59:47'),
('5','5','5','Quae in cupiditate eum cupiditate reiciendis qui numquam. Ut ut sed molestiae aut corrupti explicabo exercitationem excepturi. Nulla expedita et ratione commodi quae nemo. Magni deleniti odit dolorum distinctio similique.','ipsa',NULL,'2006-01-14 06:44:50','2019-10-19 13:25:25'),
('6','6','1','Voluptatem aut cum et rerum tenetur adipisci velit ab. Ut nemo voluptates omnis magnam ad. Perspiciatis magni voluptatem omnis inventore quaerat recusandae necessitatibus est. Iure ut accusamus dignissimos enim harum laboriosam.','non',NULL,'1980-01-12 05:35:49','1970-11-20 05:40:09'),
('7','7','2','Quo commodi ea sit velit blanditiis repellendus tempora esse. Voluptatem nisi culpa et reiciendis ipsum est sunt. Nam quam sequi nesciunt. Doloribus ipsa dolor amet voluptatibus. Quam similique aut debitis nisi.','id',NULL,'2019-05-07 08:56:00','1985-05-31 11:16:34'),
('8','8','3','Natus ea vel voluptatem error. Tempora quod quo saepe error nobis omnis sit. Doloribus in sed distinctio fugit earum.','et',NULL,'1975-10-08 16:33:30','1986-08-23 15:33:20'),
('9','9','4','Tenetur ratione esse aliquam facere. Nihil ut aut voluptatem nemo harum sequi. Quis natus velit a consequatur ut eos. Accusamus unde magni adipisci voluptas odit ab eligendi sunt.','corrupti',NULL,'1981-09-05 22:24:31','2007-12-10 17:43:44'),
('10','10','5','Ducimus accusantium explicabo nisi non pariatur. Consequuntur repellendus est quas laudantium. Eum voluptatem quos dolor dolorem commodi ex. Dolores molestias est nobis perferendis.','voluptatem',NULL,'2014-12-20 20:04:55','1974-09-07 09:00:49'),
('11','11','1','Perferendis iure eligendi unde in. Esse illum ipsa dolor eos quas. Cum iusto pariatur aut dicta qui voluptatem illum aliquam. Qui nobis eum iusto dolor eligendi.','dolores',NULL,'1970-01-18 21:56:51','1972-12-14 09:03:27'),
('12','12','2','Laborum sit voluptatum qui ab qui laboriosam. Ad rem sunt nihil dolores. Quidem tempora alias impedit ut. Beatae ratione fuga at iste dolorem labore laborum.','aut',NULL,'2008-07-04 21:46:09','2013-04-19 04:11:44'),
('13','13','3','Id vel autem voluptatem quod voluptates quia accusamus. Totam ipsum id sapiente explicabo aut quo velit. Vel eveniet esse necessitatibus et repudiandae.','adipisci',NULL,'2015-12-07 01:17:00','1973-06-27 17:45:35'),
('14','14','4','Quo aut voluptatem aut delectus repellat dolor expedita. Sint a accusamus deserunt quis ut et sint. Qui tempora alias et tenetur autem maiores. Deleniti saepe sit perspiciatis quos.','delectus',NULL,'1998-08-05 06:19:11','1988-06-02 07:45:41'),
('15','15','5','Porro eligendi pariatur temporibus quia a. Ab sit adipisci laboriosam ea veritatis in. Eos ut praesentium et numquam molestiae quo perferendis. Eaque ab accusamus nobis distinctio qui qui.','sit',NULL,'1992-05-24 02:20:59','1990-09-18 05:20:31'),
('16','16','1','Et ipsam eveniet molestiae vel qui. Aut qui ut eum voluptatem qui sint ut. Sed omnis labore eos. Eos ut officia odio aut.','a',NULL,'1999-09-17 07:11:36','2008-02-24 04:30:11'),
('17','17','2','Reprehenderit quibusdam nobis error. Harum fugit repellat a quos in sequi neque enim. Tempora sapiente magnam quod totam placeat quia. Sit eos possimus saepe velit.','porro',NULL,'2016-09-21 07:48:58','1980-08-02 10:59:46'),
('18','18','3','Ipsum eligendi asperiores voluptatem tempora debitis enim modi. A omnis deleniti quos totam quos quas similique totam. Aperiam quo sint autem reiciendis aut ducimus natus. Rerum sed nam aut earum aut dolores neque.','quis',NULL,'2020-02-10 07:27:23','1978-09-14 03:46:47'),
('19','19','4','Expedita hic quis minima ipsum voluptatum. Aspernatur dolore dignissimos vel minus. Eveniet ut sit necessitatibus.','esse',NULL,'2001-04-30 09:57:25','2001-11-24 18:55:21'),
('20','20','5','Et quis veritatis nemo expedita eos rerum. Ullam est odio fuga fugiat. Omnis dignissimos odio fugiat qui et occaecati. Labore est nam ea dolore eveniet et voluptatibus omnis.','voluptates',NULL,'2005-01-04 21:43:09','1971-08-28 13:02:45'),
('21','21','1','Quia libero repellat dolorem ipsa et. Aliquam occaecati rerum sit ullam.','totam',NULL,'2006-07-03 04:08:19','2013-05-06 02:26:57'),
('22','22','2','Nemo velit doloribus dicta. Rem id culpa quia quaerat. Quo perspiciatis facilis non quae. Laudantium voluptas perferendis dicta esse nulla explicabo optio facere. Cumque nesciunt et cum reiciendis.','quibusdam',NULL,'2009-05-06 02:32:50','2015-09-20 09:08:40'),
('23','23','3','Enim est officiis alias sapiente esse culpa. Nobis ut ea aut quis.','excepturi',NULL,'1980-08-21 22:42:41','2009-03-12 02:13:34'),
('24','24','4','Quaerat et in maxime sunt veritatis consectetur eaque. Et voluptatem id magnam itaque quae. Quidem unde provident ex explicabo.','exercitationem',NULL,'1981-01-26 17:37:00','2013-07-31 22:52:08'),
('25','25','5','Iusto quisquam cumque ut repudiandae. Sed facere officia ex dicta aut dolores. Eum in modi pariatur est dolore.','inventore',NULL,'2001-09-04 06:42:07','2015-08-08 14:49:50'),
('26','26','1','Qui autem hic nemo consequatur id et quisquam. In libero eos voluptatibus placeat. Dolor voluptas doloremque aut quo nisi. Vero reiciendis qui nemo tempora velit nihil.','id',NULL,'2009-08-16 18:56:34','1988-11-25 09:27:55'),
('27','27','2','Fuga et aut sed inventore reprehenderit. Eveniet aut voluptatum quis accusamus eum saepe illum sunt. Atque amet ipsum adipisci explicabo sit. Aut deleniti mollitia quibusdam beatae magni deleniti esse.','doloremque',NULL,'2004-12-08 00:04:44','1970-07-02 14:27:53'),
('28','28','3','Accusantium quidem non consequatur qui ut vero et quia. Aspernatur rerum neque quis totam. Quia et dolorem voluptatum.','saepe',NULL,'2008-01-11 13:32:44','2011-04-22 17:16:39'),
('29','29','4','Quisquam facilis eligendi molestias consequatur. Eveniet aut odit vero ipsam ut sint. Laborum minus iusto dolores ipsum quo libero labore.','necessitatibus',NULL,'2014-03-30 13:38:46','2009-08-19 20:35:15'),
('30','30','5','Ut et iure placeat cupiditate quod quibusdam. Consectetur doloribus explicabo dolores non et ipsam quas. Et dolorem sit maxime sapiente voluptatem sint.','nihil',NULL,'2010-06-07 12:39:28','1979-10-20 22:32:04'),
('31','31','1','Praesentium nemo ipsam rem et consequatur vitae modi. Perspiciatis eum ipsa consequatur aut sit. Voluptatum voluptate consequatur corporis vero nobis.','expedita',NULL,'1974-12-20 00:27:08','2020-03-01 10:47:21'),
('32','32','2','Esse iusto expedita voluptas alias suscipit et iste suscipit. Enim cupiditate deleniti delectus velit cum reiciendis. Est quis neque sit ea eos veniam ut vero.','rerum',NULL,'1976-08-11 09:42:00','1979-04-01 19:20:08'),
('33','33','3','Qui velit accusantium nostrum soluta ducimus omnis enim. Et molestias nobis et aut unde voluptatem. Voluptatem aut cum non ipsam a aut. Consequatur sapiente est aut ratione qui sint quibusdam.','unde',NULL,'1991-08-07 22:45:43','1981-07-27 21:58:34'),
('34','34','4','Reprehenderit eos voluptas sed qui quidem eum. Est rem sed dolores vitae ut voluptatum. Officia alias et et et.','esse',NULL,'2008-05-20 12:53:07','2012-10-14 12:58:49'),
('35','35','5','Tenetur quis rerum praesentium repellendus accusamus aliquid. Consequatur iure optio rerum sit est ab qui. Alias deserunt consequuntur qui sit non.','eum',NULL,'2007-04-13 02:18:29','2002-12-14 13:42:31'),
('36','36','1','Consequatur praesentium nihil fugiat consectetur animi et. Voluptatem eos dolores quo qui doloremque libero sunt. Beatae quo neque aut totam inventore repudiandae non.','minus',NULL,'2011-07-04 06:59:46','2017-06-02 12:02:05'),
('37','37','2','Qui id sunt et illum. Impedit unde dolorem asperiores mollitia qui sit. Ut id odio voluptas placeat omnis voluptatem. Quidem necessitatibus qui sit provident dignissimos repudiandae.','voluptatem',NULL,'2003-07-08 06:13:00','1999-04-21 07:55:54'),
('38','38','3','Possimus reprehenderit fugiat molestias id quia in fuga hic. Ipsum voluptatum ratione esse delectus non asperiores officiis dolorem. Vitae possimus rerum placeat eligendi commodi. Culpa a aut veniam eius.','cum',NULL,'2016-04-15 08:54:14','2007-12-21 10:02:40'),
('39','39','4','Repellat ducimus sed quae nulla consequatur accusamus quia. Labore blanditiis minus voluptatibus fugiat. Eius quis reprehenderit voluptatibus voluptatem quas magnam dolorum. Dolorum molestiae eos maxime dolorem aliquam.','explicabo',NULL,'2013-05-30 01:08:54','2000-09-23 03:53:12'),
('40','40','5','Dolores facere voluptatem autem tempore odio eaque consequatur. Vero aut ea quo explicabo ipsum neque est. Minus numquam nam cumque placeat.','quia',NULL,'1970-08-21 09:51:21','2010-10-14 14:41:25'),
('41','41','1','Veritatis nostrum facere in fugiat voluptas cum. Velit asperiores aut iusto aut tempore. Ab est in quia nihil vel aliquam. Qui corrupti non et.','sed',NULL,'2016-11-18 13:31:57','1991-05-24 20:10:39'),
('42','42','2','Occaecati aliquam et ut dolor architecto. Molestiae quia esse maiores deserunt voluptatem optio exercitationem. Sed voluptatem non voluptatibus ratione. Iusto consequatur sit odio quod.','incidunt',NULL,'1992-09-12 02:35:14','2017-11-05 18:34:45'),
('43','43','3','Itaque iusto sapiente eius rerum nam tempora deserunt. Voluptates sit magni dicta ut. Et voluptatem est dolor accusantium. Neque rem omnis et dolore. Dicta incidunt nulla eveniet.','eum',NULL,'1996-01-18 08:20:25','1973-11-15 21:22:18'),
('44','44','4','Consequatur aut aspernatur porro tempore et asperiores explicabo nesciunt. Vel nisi eos vel nemo. Blanditiis quibusdam unde magnam vel pariatur voluptas. Quod rerum quibusdam facere.','consequatur',NULL,'1988-07-18 12:42:31','1973-11-09 14:17:49'),
('45','45','5','Provident labore voluptas totam et. Nam libero eaque sequi incidunt possimus minus et. Dolorum voluptatem tempora et odio voluptate dolor. Et ab eius consequatur consectetur debitis animi velit.','sunt',NULL,'1995-07-03 17:14:43','2016-07-06 13:05:02'),
('46','46','1','Et quis sunt ad repudiandae adipisci soluta numquam. Autem veritatis ea pariatur accusamus. Non sunt est cum et voluptatem.','soluta',NULL,'1987-10-09 16:29:41','2018-05-12 15:30:52'),
('47','47','2','Beatae reiciendis maxime dolorum reiciendis. Voluptas porro vero perferendis numquam. Nihil aliquam maxime esse eaque deleniti.','odit',NULL,'1983-10-09 11:54:31','2010-04-10 23:26:39'),
('48','48','3','Quia quis illum repudiandae ea consequuntur sequi. Qui ut quo esse beatae repellendus voluptates. Vel odio qui ut vitae dolore vel quasi.','nemo',NULL,'1971-11-27 03:35:24','1985-10-02 14:25:18'),
('49','49','4','Adipisci voluptatibus quasi id sunt dicta enim consequatur magni. Suscipit repellat officiis et voluptatem aut officia. Et impedit atque fugit quae repudiandae.','sed',NULL,'2016-10-29 06:47:02','1977-12-11 17:26:45'),
('50','50','5','Corrupti at quidem fuga ratione. Dolores iure accusamus sed omnis veritatis voluptatem.','et',NULL,'1978-06-02 17:34:07','1982-11-12 12:38:31'),
('51','51','1','Ullam sit fugiat iusto. Atque beatae esse modi dolores omnis nesciunt nobis ea.','ea',NULL,'1991-01-22 23:18:00','1975-11-18 12:25:43'),
('52','52','2','Dolores qui distinctio molestias hic magni eveniet. Id totam rem et voluptatem molestiae eum. Eligendi quis quisquam iste fugiat temporibus quia quod nam. Id soluta a quia.','voluptas',NULL,'1976-06-19 23:27:51','1983-07-17 19:45:00'),
('53','53','3','Odio accusantium error molestiae ea repellendus tenetur. Voluptates autem voluptatum veritatis dolore similique molestiae voluptatem earum. Qui sint in voluptatum sed sit aut. Veritatis non impedit amet facere sed voluptatem. Ut qui sed dolor est.','ea',NULL,'2012-01-28 07:51:07','2009-02-22 17:12:35'),
('54','54','4','Rerum non laborum aliquid impedit perspiciatis. Doloribus doloribus aut aut itaque. Distinctio quo assumenda maiores et nemo. Voluptatem quia impedit error delectus provident distinctio.','tempore',NULL,'1990-02-20 22:38:14','1980-08-22 00:59:53'),
('55','55','5','Harum nostrum qui voluptas. Magnam sequi iusto temporibus rerum fugit consequatur. Velit blanditiis quis ut blanditiis veniam error aut magni.','debitis',NULL,'1974-05-18 13:31:16','2004-02-26 18:29:16'),
('56','56','1','Sapiente accusantium corrupti eaque ut qui animi. Ut deleniti sed a recusandae.','architecto',NULL,'2014-04-10 13:46:19','2015-07-29 20:54:41'),
('57','57','2','Nisi rerum est soluta. In quas voluptas quis voluptates beatae consequatur et aut. Veniam est architecto dolores qui hic.','consequatur',NULL,'1996-01-20 15:41:27','1995-04-21 07:29:21'),
('58','58','3','Similique corrupti neque ea voluptatum maxime. Pariatur et molestias dolorem rerum sequi voluptatem. Earum esse quod et.','architecto',NULL,'2008-12-06 03:54:51','1988-07-16 12:43:46'),
('59','59','4','Provident illum odio ut eum. Nostrum id est velit ipsam quia enim. Est iusto numquam neque non laboriosam quidem. Doloremque porro nostrum et.','cupiditate',NULL,'1973-12-27 11:59:32','2012-08-19 04:01:48'),
('60','60','5','Doloremque mollitia quo iste quidem ut odit minus. Quaerat ducimus fugit magni at vel tenetur. Dolorem nam et odit laboriosam ipsum at. Vel et velit dolor quo.','reprehenderit',NULL,'2012-06-20 07:39:13','2005-08-30 12:38:36'),
('61','61','1','Voluptatem fugit nisi eaque sed non. Exercitationem ut vel et ea illo. Voluptas ab error sed. Quia quisquam omnis veritatis architecto rerum.','dolorem',NULL,'2019-12-02 21:08:41','1979-06-01 04:33:50'),
('62','62','2','Sed voluptas qui rerum doloremque id ducimus sunt. Sit possimus ducimus dolor magnam quis possimus maxime. Eos sit est assumenda.','perspiciatis',NULL,'1999-01-20 03:15:23','1987-12-06 19:22:07'),
('63','63','3','Omnis qui non veniam ea. Fuga quo nostrum non quo sunt. Voluptatem sit libero id nesciunt quo est ducimus distinctio. Non itaque porro earum.','voluptas',NULL,'2008-09-06 07:17:37','2008-04-06 21:52:44'),
('64','64','4','Consequatur rem nesciunt est dolores rerum voluptas. Veniam voluptatem ut aut voluptas quia maxime pariatur pariatur. Praesentium ipsam ipsum et ea aut corporis. Aspernatur inventore eveniet cupiditate sit voluptatem voluptas mollitia.','quibusdam',NULL,'2002-10-27 04:15:53','2017-08-09 23:33:22'),
('65','65','5','Cupiditate laudantium odio dolore ipsum corrupti voluptatem tempora iure. Sed consectetur quasi totam a cupiditate asperiores facere. Sint aliquid nemo eos molestiae odio ut suscipit.','voluptatem',NULL,'2012-12-16 06:31:30','2009-12-08 18:22:53'),
('66','66','1','Mollitia ipsam libero voluptatem quis aut iure. Sequi est dicta et itaque veritatis ut sit. Ea aut similique autem et aliquam.','ab',NULL,'1999-07-26 06:44:39','1993-02-16 22:53:46'),
('67','67','2','Modi officiis aut et quam. Totam nihil et esse ipsam esse aliquam a ipsam. Magni nobis nesciunt illum voluptatibus beatae nostrum reprehenderit.','totam',NULL,'1974-09-02 10:17:24','2007-02-18 03:58:21'),
('68','68','3','Et sed rem qui at libero qui. Eos assumenda et ducimus facere ea quibusdam. Eveniet repellat iusto enim nesciunt. Repellendus nemo natus maiores maiores facere sequi qui magni.','aliquam',NULL,'2003-05-10 13:27:54','1986-02-07 12:59:06'),
('69','69','4','Et alias laboriosam in qui rem doloribus. Eveniet consectetur ut vel qui quia aut. Iusto rerum ipsum non quia ex rerum.','sunt',NULL,'1987-07-23 15:58:40','2013-06-12 13:06:59'),
('70','70','5','Nisi aspernatur et voluptas eos provident. Voluptas sunt dolor est ut. Iste assumenda et aut maiores ducimus. Repellendus iure harum expedita enim nesciunt. Sed inventore vero adipisci et id fuga quo numquam.','vel',NULL,'1979-09-21 05:34:39','2004-07-30 02:44:07'),
('71','71','1','Soluta numquam maiores at. Enim neque et est commodi consequatur eius officiis.','esse',NULL,'1974-08-16 10:08:14','1999-05-01 22:24:07'),
('72','72','2','Debitis cumque quos adipisci cum maiores nihil ipsam. Dolorem recusandae tempora sed alias sit corrupti. Repellendus voluptatem neque illum eius rerum. Ipsam nulla saepe sed velit ut dolorem autem.','consequuntur',NULL,'1971-07-19 23:32:51','1985-03-14 03:05:29'),
('73','73','3','Reiciendis omnis et sed. Voluptatem perferendis harum laudantium asperiores. Corporis aliquam repellat quia provident quam rerum esse.','amet',NULL,'1982-12-24 17:32:28','1982-12-10 19:06:58'),
('74','74','4','Voluptatum consectetur doloribus a voluptatem et quod nemo sed. Non aut harum provident aut non sunt magnam. Sit dolores aliquam debitis explicabo autem. Impedit nam id placeat et numquam quo.','deleniti',NULL,'2018-07-26 22:31:15','1993-06-29 10:07:24'),
('75','75','5','Et repellat dolorum dolores totam. Ipsa quam ea voluptas atque voluptas dolor. Et laboriosam earum et optio.','voluptatem',NULL,'1989-10-04 09:06:24','2008-04-21 05:49:24'),
('76','76','1','Id ut aut neque possimus cumque totam sed. Quo sit placeat qui officiis quae et quia. Tempora quod architecto sed eos.','deserunt',NULL,'2007-12-28 08:14:44','2019-06-17 23:32:20'),
('77','77','2','Beatae nemo quia mollitia a vitae. Dolorem necessitatibus officia quas et nihil dolorem possimus. Neque similique eos cumque et debitis eos ab.','minima',NULL,'2015-05-27 00:53:00','1997-02-19 09:16:03'),
('78','78','3','Architecto eius accusantium aut. In alias dolore incidunt quibusdam nam in. Nostrum minima veritatis nobis animi quis vero. Corporis sapiente vel libero voluptas hic.','repellendus',NULL,'1978-06-03 23:01:14','2006-08-02 21:17:49'),
('79','79','4','Consequuntur repellat at fugiat unde aut ea. Fuga nihil beatae quo error beatae recusandae est. Quas ea ut voluptas et.','id',NULL,'1986-06-03 04:53:13','1993-04-16 02:09:50'),
('80','80','5','Aut sit in temporibus harum similique. Vitae quia aut quis laborum voluptas. Quasi nobis ex deleniti sapiente incidunt animi.','eos',NULL,'2017-04-09 11:29:43','2020-09-17 09:55:20'),
('81','81','1','Dolor asperiores earum dolorum modi quam consequatur. Quia et excepturi ex ut. Enim voluptatibus aut et nihil id. Consequatur at quia sint repudiandae.','deserunt',NULL,'1988-06-05 17:48:03','1975-04-01 07:15:28'),
('82','82','2','Quos et maxime libero vel accusantium. Non aut adipisci et necessitatibus debitis maxime. Deleniti error nostrum et nam et maiores.','eum',NULL,'1986-09-18 05:32:13','2020-03-21 00:22:52'),
('83','83','3','Debitis nam animi ipsum suscipit distinctio. Recusandae et nobis et aspernatur. Nam et veniam pariatur itaque eius neque. Ad in rem aut impedit quia odit sapiente quam.','recusandae',NULL,'1990-08-29 04:51:02','1998-04-25 14:08:28'),
('84','84','4','In voluptas eius deserunt ipsam. Et deleniti sequi necessitatibus. Odio quisquam quidem et at perferendis vero voluptatum.','nesciunt',NULL,'2006-05-28 17:34:29','1977-06-15 15:21:10'),
('85','85','5','Deserunt ratione nihil doloremque vero quasi cupiditate. Delectus earum molestias illum temporibus. Dolorem est deserunt non nisi ad velit. Voluptatem alias cumque eos quo nostrum nemo.','laboriosam',NULL,'1992-12-02 12:57:11','2005-09-21 12:03:27'),
('86','86','1','Culpa et corporis qui facere. Sunt aut possimus eos consectetur. Consectetur harum debitis id fugit commodi assumenda.','et',NULL,'1997-07-17 16:58:17','1971-10-07 23:17:57'),
('87','87','2','Omnis dolor consectetur quis dolorum sint. Porro ex et quia perferendis aut quisquam. Quo ea alias adipisci. Aut pariatur quasi quo nobis.','et',NULL,'2020-09-15 03:50:07','2012-07-27 01:06:13'),
('88','88','3','Et omnis dolores id corrupti nesciunt non similique. Voluptatem ut non ea non nostrum vitae recusandae. Inventore dolores nesciunt et.','architecto',NULL,'2009-11-26 11:37:15','1989-02-13 20:53:17'),
('89','89','4','Rerum dolor corporis et magnam ut vel veniam dolorem. Nesciunt debitis deserunt reiciendis vero velit sint voluptatem. Et aliquid est hic quae. Sunt nihil pariatur sint dolor cupiditate.','doloribus',NULL,'2002-12-21 02:19:12','1976-12-16 08:05:23'),
('90','90','5','Voluptatem inventore qui sed sint nulla. Aut et fugiat officiis quidem. Iusto facere et harum possimus.','aut',NULL,'2008-12-07 05:57:58','2016-11-12 09:58:18'),
('91','91','1','Animi sed dolore vitae temporibus sed sed itaque. Quia deleniti inventore rerum omnis. Repudiandae quia cumque ut voluptatem asperiores officia molestiae.','voluptas',NULL,'2012-01-06 20:26:18','2018-08-31 02:44:44'),
('92','92','2','Voluptate voluptatem hic possimus impedit ut et corporis est. Nihil itaque dolorem explicabo. Esse quam soluta repudiandae. Amet eum modi et.','commodi',NULL,'1999-04-14 09:23:52','2011-03-24 19:40:41'),
('93','93','3','Deleniti et ea distinctio culpa itaque aut. Neque optio quo magni exercitationem eaque. Excepturi nemo voluptatem veritatis dolor. Fuga odit molestiae inventore repudiandae minima.','et',NULL,'2009-12-11 07:08:06','1973-07-27 10:14:25'),
('94','94','4','Nihil dolore non perspiciatis sed voluptates. Officia accusamus sunt natus aut. Sit est rem aut nobis. Illo deleniti velit quis recusandae hic fuga ea. Eligendi sint quisquam consequuntur dolore consequatur voluptatum quia.','voluptas',NULL,'1989-01-29 11:35:06','2002-03-17 10:29:24'),
('95','95','5','Nihil repellat et vel voluptatem omnis animi. In praesentium harum officia officia doloribus. Perferendis enim enim ut incidunt ut eaque ab. Est optio doloribus omnis quos iste.','distinctio',NULL,'1992-12-29 22:32:56','2008-06-28 09:54:17'),
('96','96','1','Culpa illum possimus odio repellat consectetur. Repellat aut provident labore corrupti sed. Nisi ab dolores aperiam laudantium quaerat tempora sapiente.','minus',NULL,'2013-10-01 03:59:28','2005-09-17 17:06:19'),
('97','97','2','Reprehenderit rerum modi doloribus ad. Repudiandae sequi eaque placeat nam debitis. Atque inventore minima et aliquid recusandae dolorum eos. Nisi omnis magni ut doloremque.','magnam',NULL,'2006-08-22 19:15:53','1972-06-26 08:20:59'),
('98','98','3','Delectus delectus et quo eligendi reiciendis consectetur. Iste dolores amet ducimus laborum consequatur. Qui eaque quo repellendus.','et',NULL,'1994-07-25 16:38:18','2016-10-01 00:58:51'),
('99','99','4','Impedit itaque doloremque non dolore laboriosam nam sunt. Ad quia non nam mollitia quia. Laborum aut iusto ullam officia quidem blanditiis porro.','qui',NULL,'2001-12-31 16:03:29','1992-03-31 18:29:40'),
('100','100','5','Commodi et est voluptatem. Assumenda corporis at nihil ut. Nulla quisquam illo non cumque quod.','omnis',NULL,'1981-11-01 15:31:31','1995-11-24 07:56:32'); 


DROP TABLE IF EXISTS `media_types`;
CREATE TABLE `media_types` (
  `id` bigint(20) unsigned NOT NULL AUTO_INCREMENT,
  `name` varchar(255) COLLATE utf8_unicode_ci DEFAULT NULL,
  `created_at` datetime DEFAULT current_timestamp(),
  `updated_at` datetime DEFAULT NULL ON UPDATE current_timestamp(),
  UNIQUE KEY `id` (`id`)
) ENGINE=InnoDB AUTO_INCREMENT=6 DEFAULT CHARSET=utf8 COLLATE=utf8_unicode_ci;

INSERT INTO `media_types` VALUES ('1','voluptatem','1995-10-09 05:33:50','1994-07-29 20:35:00'),
('2','qui','2017-10-08 18:06:27','2008-02-13 13:40:07'),
('3','totam','2014-11-22 23:23:03','2013-05-30 09:36:54'),
('4','amet','2000-08-06 02:55:49','1980-12-03 03:09:40'),
('5','tenetur','1978-07-22 06:27:10','1998-06-26 16:26:49'); 


DROP TABLE IF EXISTS `messages`;
CREATE TABLE `messages` (
  `id` bigint(20) unsigned NOT NULL AUTO_INCREMENT,
  `from_user_id` bigint(20) unsigned NOT NULL,
  `to_user_id` bigint(20) unsigned NOT NULL,
  `body` text COLLATE utf8_unicode_ci DEFAULT NULL,
  `created_at` datetime DEFAULT current_timestamp(),
  UNIQUE KEY `id` (`id`),
  KEY `from_user_id` (`from_user_id`),
  KEY `to_user_id` (`to_user_id`),
  CONSTRAINT `messages_ibfk_1` FOREIGN KEY (`from_user_id`) REFERENCES `users` (`id`),
  CONSTRAINT `messages_ibfk_2` FOREIGN KEY (`to_user_id`) REFERENCES `users` (`id`)
) ENGINE=InnoDB AUTO_INCREMENT=1001 DEFAULT CHARSET=utf8 COLLATE=utf8_unicode_ci;

INSERT INTO `messages` VALUES ('1','1','1','Distinctio enim quidem dolor voluptate occaecati. Saepe esse voluptatum placeat quis. Et rem quas velit beatae. Asperiores porro officia atque illo.','1970-07-26 00:21:31'),
('2','2','2','Est assumenda sit et unde. Nesciunt dolor est ut id mollitia expedita dolore. Deleniti optio nobis voluptatem veniam quia. Voluptatem corporis incidunt debitis necessitatibus et et. Harum repellendus ea velit.','1977-06-09 23:50:42'),
('3','3','3','Voluptatibus et voluptatibus ut aut odit sed alias. Voluptatem expedita rerum provident culpa illo consectetur. Provident recusandae nemo ut excepturi eveniet.','1986-09-05 01:01:17'),
('4','4','4','Et distinctio repellat nemo aspernatur corporis magnam. Autem quod illo est dolores et odio. Aut excepturi ut atque qui. Sunt sint fuga nulla esse culpa soluta illum ipsam.','2020-01-22 10:57:54'),
('5','5','5','Mollitia nam quia ducimus atque qui veniam. Eum non ullam natus voluptates velit sint. Quidem ipsa id omnis odit eum et ducimus explicabo.','1994-12-11 05:28:53'),
('6','6','6','Illum quo mollitia esse id repudiandae placeat tempore. Enim enim ratione voluptatem recusandae quas quis. Ea molestiae ab reprehenderit in harum.','1979-03-24 14:41:50'),
('7','7','7','Voluptatibus repudiandae veritatis quia qui. Hic vel ut repellendus saepe praesentium dicta. Tempore aut dolorem odit veniam eaque non dolor voluptates. Veritatis id odio fuga. Facere est assumenda fugiat dolorum voluptas.','1973-07-13 00:26:21'),
('8','8','8','Exercitationem velit illum sed incidunt in aut ut est. Vero dicta distinctio harum totam est magni. Et animi omnis ducimus modi exercitationem facere ut. Sint est exercitationem et dolorem repudiandae. Nulla sed adipisci repellendus sapiente nihil.','1990-11-30 23:15:26'),
('9','9','9','Iste excepturi autem dolor autem porro. Distinctio sint explicabo fugit doloribus ad repudiandae at. Tempore ipsum dignissimos soluta explicabo exercitationem quibusdam qui. Molestiae cumque maiores ipsa esse. Officiis dolore ut fugiat voluptas consequuntur.','2020-07-14 09:19:17'),
('10','10','10','Dolorum enim dignissimos fugiat consequatur natus. Assumenda dolores rem voluptate culpa.','1985-05-08 03:06:38'),
('11','11','11','Vitae similique quas aut ut et ullam aut. Et recusandae voluptate deserunt in enim est. Possimus quia deleniti doloribus fugit rerum officia quibusdam natus. Dicta voluptatem dolor magnam voluptas. Similique soluta totam nam dolor ad consequatur iusto.','1991-07-12 04:33:51'),
('12','12','12','Et vel quis fuga sit. Commodi sunt ullam ut sed eum distinctio deleniti. Non sed at dolores deserunt a porro accusamus.','1996-05-12 11:15:51'),
('13','13','13','Sed quod doloribus aut quia recusandae ipsam temporibus. Et corrupti aperiam harum omnis occaecati non odio. Facere porro laboriosam sequi. Aspernatur aut enim repellat ad omnis quia voluptatem.','2005-02-14 08:44:49'),
('14','14','14','Nihil inventore in iste voluptas voluptatum quos. Quam sed id eos amet repellendus iusto omnis. Est autem facilis in perspiciatis officia sapiente. Aut placeat voluptatem id quia sed sapiente.','2013-10-02 07:35:38'),
('15','15','15','Minus repellat quis qui iusto fuga et et. Voluptatem non quis nemo deleniti omnis sit. Modi quibusdam enim illo architecto sapiente in debitis. Nihil doloribus rem non minus et fuga.','1976-03-12 22:24:34'),
('16','16','16','Impedit quidem tenetur aut saepe nihil. Corporis aperiam magnam fugiat quae quia eaque. Deleniti qui perspiciatis beatae adipisci et accusamus veniam. Consectetur sequi voluptas corporis quod perferendis ut possimus.','2005-11-07 23:44:00'),
('17','17','17','Aut architecto et omnis ut porro. Voluptates quis laborum tempora. Delectus sit nobis natus omnis.','1991-06-20 07:17:17'),
('18','18','18','Non voluptate libero asperiores. Nobis facere iure harum quasi delectus non animi. Consequatur magnam rerum sit dolor.','1995-07-03 23:01:58'),
('19','19','19','Qui consequatur totam consequatur aut mollitia. Cum nesciunt quas odit voluptas. Error ipsam deleniti nisi beatae et est.','1974-04-26 20:16:27'),
('20','20','20','Et voluptatem quia expedita iusto et incidunt magnam. Totam delectus ipsum voluptatibus laudantium exercitationem. Incidunt ut inventore optio adipisci molestiae quo rerum.','1994-12-08 01:29:54'),
('21','21','21','Est vitae illo ratione. Et voluptas nobis ut aliquam. Omnis voluptatem rerum ab culpa.','1984-04-09 07:27:37'),
('22','22','22','Earum nisi omnis ratione quia. Veniam praesentium provident illo sit ipsa neque odio. Necessitatibus provident et qui eum fuga.','2015-08-01 10:45:44'),
('23','23','23','Rerum error quia quas qui dolorem. Et sint minus consequatur voluptas est et itaque. Aut est sit eos omnis consequuntur vel est.','1993-09-17 00:05:33'),
('24','24','24','Nihil nisi eum consequatur possimus beatae iste. Maiores deserunt minus cum.','2007-03-20 02:56:45'),
('25','25','25','In et totam et aliquam quis non est. Dolore est enim nihil quis. Architecto consequatur autem deserunt itaque.','1974-04-16 05:01:41'),
('26','26','26','Ipsa adipisci vel quasi. Impedit eaque quisquam ut eum. Reiciendis voluptatibus vero cumque voluptatem fugiat qui. Quaerat sit illo eum libero. Ut numquam reprehenderit dicta cumque.','2002-09-02 19:49:50'),
('27','27','27','Dolorem quisquam commodi culpa saepe. Dicta illo consequatur et qui. Quasi est est ipsum quis in. Omnis mollitia laborum ipsa blanditiis.','2019-02-09 18:16:01'),
('28','28','28','Quos est debitis omnis ut. Quas aut aut cumque. Omnis ut recusandae quam asperiores.','1983-11-09 05:26:09'),
('29','29','29','Quas perferendis at asperiores temporibus. Hic quibusdam fugiat in assumenda. Sed aliquam vel voluptate est.','2016-06-06 17:10:20'),
('30','30','30','Repellendus et temporibus facere repellendus eveniet. Omnis fuga sint odio quis. Dolores minima velit assumenda.','1980-10-04 17:31:02'),
('31','31','31','Eos sint ipsa beatae voluptas iure qui rem. Voluptates expedita neque repudiandae necessitatibus. Repudiandae autem tempora aut consequatur illum magni.','1975-08-11 06:28:19'),
('32','32','32','Dolorum tenetur distinctio vitae expedita itaque. Similique architecto reiciendis facilis in. Voluptas omnis dolor similique quia. Rerum voluptates voluptatem voluptate illum maxime minus.','1974-05-07 07:38:16'),
('33','33','33','Tenetur non incidunt qui illum non blanditiis quia esse. Sit dolor quod autem ipsum incidunt odit numquam doloribus. Ut doloremque commodi fuga non velit sed.','2002-06-07 19:21:43'),
('34','34','34','Aliquam perferendis odit provident sit iusto illo. Quo ducimus inventore sequi rerum ab harum. Ut quia quae omnis rem ab.','2019-11-24 10:57:14'),
('35','35','35','Aspernatur velit aut possimus qui. Vero consequatur iste provident ducimus et quis aut. Non in earum omnis nobis.','1996-11-23 20:51:53'),
('36','36','36','Qui voluptas quidem laboriosam consequuntur soluta. Aperiam ex et autem dignissimos quia qui. Vel vitae molestiae est omnis id est quisquam. Nostrum nihil qui quibusdam explicabo et quis sequi.','1985-05-18 17:10:54'),
('37','37','37','Rerum possimus consequatur explicabo necessitatibus temporibus inventore. Eius vero rerum et assumenda velit dolore officia consequatur. Natus similique cumque consequatur architecto facilis non alias. Necessitatibus libero qui ipsum magni.','1986-01-19 02:13:19'),
('38','38','38','Ipsa beatae voluptas est ea numquam ea. Laudantium debitis pariatur laudantium minus quas neque. Odit nam atque aliquid voluptatem omnis ut non.','1978-02-12 14:08:12'),
('39','39','39','Dignissimos deleniti dolores saepe tempore eaque iste. Odit et earum rerum quia incidunt corrupti. Autem sint debitis sed.','1992-05-16 09:44:21'),
('40','40','40','Aut voluptatem qui et. Tempore consequuntur aut eius consequatur voluptas tempore delectus. Accusamus aliquid voluptatibus eum aut.','1991-01-11 06:16:10'),
('41','41','41','Accusantium consequuntur aliquam id sunt necessitatibus aspernatur. Qui officia asperiores adipisci repudiandae nobis aperiam. Est esse ea quaerat voluptate.','2013-01-30 17:16:26'),
('42','42','42','Consectetur aut veritatis et ad maiores aperiam. Culpa numquam dolores fugit est. Sapiente dicta ipsum maiores laboriosam temporibus magni molestiae. Voluptatem quidem optio sint consequatur voluptas quia repudiandae.','1995-09-25 15:07:48'),
('43','43','43','Autem explicabo ut nam natus voluptatem cum hic. Pariatur delectus error quis molestias eum. Aliquam distinctio repellendus in et deserunt assumenda totam. Voluptatem consequatur voluptas sed sapiente.','1976-12-21 12:10:42'),
('44','44','44','Tempore at sit deleniti accusamus perferendis commodi qui. Voluptates laborum necessitatibus eveniet et iste facilis molestiae.','1975-05-08 22:48:46'),
('45','45','45','Laboriosam atque deleniti perspiciatis et architecto sunt sunt in. Omnis blanditiis deleniti sequi cupiditate officia. Qui vel in laborum sed rerum omnis praesentium. Mollitia voluptatum beatae quam tempora.','1976-05-03 15:57:01'),
('46','46','46','Magnam labore et sunt aut doloribus nesciunt. Qui a et rerum cupiditate. Vero laudantium porro rerum quia placeat.','1972-09-17 01:24:24'),
('47','47','47','Natus et non voluptas sit natus consequatur qui. Mollitia iste sunt enim. Ut ad quo sit necessitatibus.','1995-01-01 08:04:03'),
('48','48','48','Quo explicabo dolorum maxime cumque ex. Omnis dolorum dolorem repellendus beatae aut eaque dicta. Quia vero est voluptas qui cum et. Voluptatem dicta rerum sint ab ab hic illum recusandae.','1975-06-17 11:58:37'),
('49','49','49','Est dolor numquam hic tenetur est necessitatibus. Et aliquam sequi praesentium non. Modi voluptatem necessitatibus natus et. Totam sapiente repellendus quisquam aut sed in ea.','1971-11-24 15:43:42'),
('50','50','50','Quia inventore ipsam totam et aut. Repellendus omnis aperiam voluptatem explicabo pariatur quos molestiae. Tempora doloribus a pariatur ea.','2017-02-02 02:01:26'),
('51','51','51','Tempore ut qui dolorum. Quia inventore alias eos ut voluptatem et autem. Qui quis tempora vitae in sunt atque reprehenderit consequatur.','1982-07-14 23:45:31'),
('52','52','52','Aperiam sint enim necessitatibus fugiat ducimus doloribus. Est ad ipsa labore ut aut. Aspernatur rerum deleniti quo aut est adipisci consequatur. Neque ducimus aut voluptates deleniti asperiores recusandae.','1992-03-18 15:38:56'),
('53','53','53','Corrupti ea voluptatem aut. Recusandae eveniet quia error voluptate veniam.','1980-08-20 01:25:19'),
('54','54','54','Harum id consequatur expedita ad minima nihil. Et voluptatem ipsum provident sit. Pariatur eaque accusantium voluptate eos voluptate dolor. Ipsa similique voluptas non sint et qui impedit.','1971-12-24 06:57:58'),
('55','55','55','Porro molestiae omnis quae. Ducimus rerum sit exercitationem. Dignissimos quam voluptatem qui.','1999-08-23 08:58:56'),
('56','56','56','Molestias sit maxime qui laborum qui. Sed vitae qui quia delectus fugiat repellat ut amet. Aut repudiandae ullam vero et exercitationem aut vel. Voluptas aut qui aspernatur praesentium odio.','1986-12-09 15:45:33'),
('57','57','57','Officiis vel aut fuga nostrum consequatur atque minima. Ut tenetur sed non consequatur. Ipsum voluptatem ad alias.','1992-09-12 09:24:05'),
('58','58','58','Cupiditate nesciunt eaque itaque laborum quis voluptas. Doloribus et corrupti beatae voluptatem vitae. Et et quis tempore ea iusto rerum. Id accusantium facilis reprehenderit eius veniam et.','1997-12-16 09:37:54'),
('59','59','59','Ipsum excepturi enim quae aut suscipit. Et maxime rem sit soluta. At omnis vel quo tempore aut sapiente illum. Necessitatibus aperiam repudiandae sed id omnis quo facere rerum. In aut aliquam voluptas dolores.','1977-01-02 02:17:53'),
('60','60','60','Dolorum voluptas eos ex ut nostrum quo. Non vitae sit dolorem quis totam nobis facere. Vel et quo sed vel voluptatem repudiandae. Odit quia velit possimus amet est commodi laborum.','1990-05-02 13:27:25'),
('61','61','61','Nulla non architecto et eos et quibusdam doloribus. Necessitatibus odio mollitia reiciendis ut. Et fuga odit laborum.','2019-04-15 10:24:57'),
('62','62','62','Odio qui unde fugit iure autem adipisci. Cupiditate eos et aut dignissimos iure quo officiis. Nulla sunt ipsam odio facilis. Omnis qui atque quod quisquam.','2003-04-16 21:00:06'),
('63','63','63','Qui eum provident officia at sequi accusamus dolorem. Aut deserunt repellendus provident harum. Est omnis voluptas fuga accusantium. Et occaecati modi beatae voluptates eos eius hic. Deleniti consequatur voluptas quia cupiditate corrupti expedita beatae.','1984-07-09 13:49:53'),
('64','64','64','Ducimus eos accusamus aliquid eos voluptatem voluptas. Corporis ab saepe porro optio adipisci. Rerum sed nihil eveniet corporis inventore. Ab aspernatur cupiditate id rerum sint enim. Dolores et fugiat molestiae qui atque placeat autem.','1991-04-07 02:53:48'),
('65','65','65','Dolorum commodi eius perspiciatis. Corporis rerum aut quasi dolorum distinctio eos iure. Quidem quo nam beatae ut blanditiis corrupti. Quibusdam quia voluptas molestiae nisi nulla.','1973-05-23 23:41:04'),
('66','66','66','Ut explicabo itaque dolorem tempore consequatur possimus. Ab qui accusamus et veritatis ut. Optio omnis eum quia vero quasi dolore non.','1988-12-20 06:13:27'),
('67','67','67','Est impedit voluptatum laboriosam enim praesentium magnam rerum. Consectetur nemo rerum pariatur atque rem. Amet sed voluptatem possimus exercitationem omnis veritatis minus adipisci. Laudantium blanditiis quia ipsum qui.','2010-07-04 18:02:24'),
('68','68','68','Praesentium aperiam architecto blanditiis est culpa. Quas quaerat quibusdam mollitia. Debitis corrupti sit quia voluptates qui ullam architecto. Quod quam aut necessitatibus modi.','1999-06-28 20:37:41'),
('69','69','69','Nesciunt consequatur ullam qui velit. Enim deserunt iure quod qui qui neque a. Quas officiis veritatis saepe odit voluptatem a aperiam. Quos dignissimos cumque nihil eveniet tempore. Et vel id omnis in sapiente.','2010-02-07 03:12:25'),
('70','70','70','Ullam consequatur et provident mollitia dolor fugit. Iure quae modi ex qui. Aut voluptatem sit ea. Mollitia nam ratione dicta atque veritatis earum. Debitis id et nobis ullam aut est et.','2008-02-26 01:48:47'),
('71','71','71','Rerum omnis quidem commodi amet. Consequatur corporis aliquam provident. Repellendus occaecati ea exercitationem hic ut non.','2006-08-16 06:54:28'),
('72','72','72','Necessitatibus modi ex minima omnis est et architecto. Eligendi inventore nobis necessitatibus est dolore. Ut cumque aut et consequatur debitis in qui dicta. Eligendi autem dignissimos unde commodi.','1990-07-05 13:31:38'),
('73','73','73','Deserunt unde nihil ea sit laborum omnis quia. Ex accusantium expedita maiores quia. Omnis esse id aspernatur perferendis enim sit sequi.','1985-07-23 16:44:23'),
('74','74','74','Omnis sunt labore voluptatibus est dolores culpa maiores. Hic magnam et ullam aut. Laborum velit tempore distinctio enim deserunt. Ab cum delectus quod porro tenetur.','2005-11-13 14:40:17'),
('75','75','75','Perspiciatis ut excepturi aut qui recusandae neque quasi. Culpa saepe illum inventore minima. Excepturi dicta quis ad pariatur ipsa itaque est. Quae repellendus et molestias recusandae quia laudantium.','1990-12-02 12:43:57'),
('76','76','76','Voluptatem sit omnis tenetur. Ipsam dolorum vel et. Minima sunt dolores quis sit reprehenderit aut voluptatem.','2004-01-18 18:21:45'),
('77','77','77','Dolorum est id et exercitationem. Repudiandae porro similique et a veniam nesciunt sed.','2005-03-20 13:36:04'),
('78','78','78','Praesentium et repellendus et. Consequatur corrupti minus pariatur veniam. Occaecati omnis sunt veniam ut.','1991-05-08 23:20:23'),
('79','79','79','Fugiat exercitationem blanditiis maiores assumenda omnis consectetur. Quae maiores non aut asperiores fugit numquam. Voluptas voluptas voluptatem velit architecto sed optio. Aut est quisquam autem.','1990-03-16 14:53:55'),
('80','80','80','Esse corrupti nulla voluptas omnis voluptatibus dignissimos laborum. Voluptate et placeat rem et. Temporibus non qui cumque aut in.','1996-05-29 03:08:51'),
('81','81','81','Unde est id id optio qui expedita. Magnam doloremque excepturi provident ex quia. Aliquid explicabo vel deserunt itaque.','1981-04-14 15:11:42'),
('82','82','82','Nesciunt ut omnis repellat nulla aut. Aliquid beatae mollitia ex aut quis molestiae. Quasi et autem deserunt blanditiis delectus perspiciatis. Ut deserunt quis delectus reiciendis sed dolore ea facilis.','1974-07-24 11:04:39'),
('83','83','83','Sequi quas consequatur omnis qui optio voluptas numquam. Magni ea neque et laboriosam omnis animi sint distinctio. Nobis repellat soluta vero accusamus nobis voluptatibus. Possimus laboriosam omnis quos reprehenderit dolor.','2011-08-18 03:19:23'),
('84','84','84','Iste laboriosam unde et qui a quis. Consequatur eaque ratione omnis rem temporibus recusandae eaque. Ullam et unde omnis exercitationem ad iste quasi. Quia est voluptas dignissimos at.','1987-07-11 07:31:29'),
('85','85','85','Vel est rerum similique dolores voluptatum. Exercitationem quibusdam unde dolores dolorum. Totam corrupti ut voluptatem iure amet quia maiores.','2003-05-27 23:56:52'),
('86','86','86','Modi quia culpa sequi illum omnis consequatur temporibus. Aperiam placeat ipsam omnis labore voluptas expedita. Maiores fugit velit cumque.','1998-06-21 03:52:39'),
('87','87','87','Illo quasi quae nam et. Aut unde atque recusandae sequi earum. Repellat a voluptates illo in quibusdam.','1978-06-24 12:07:59'),
('88','88','88','Eum beatae molestias temporibus minima eum. Inventore reiciendis laboriosam voluptatem in labore dolorem. Sapiente ut nihil velit quia veniam sapiente.','1987-06-25 07:56:40'),
('89','89','89','Quam amet hic sed quia nemo sed placeat. Eligendi totam excepturi voluptatem. Enim impedit qui sit voluptates. Illo nostrum sed maiores eius aspernatur.','1973-09-16 08:26:08'),
('90','90','90','Reprehenderit id laudantium reiciendis facilis. Hic et numquam qui voluptatem ex.','1986-11-29 13:01:42'),
('91','91','91','Odit facere sit id sit. Tempora qui voluptas et vitae. Expedita vitae beatae molestiae laborum. Ut temporibus doloremque eaque.','1985-07-23 03:10:04'),
('92','92','92','Vel et perferendis non et. Quo ad ab et laudantium. Quisquam aut tenetur ipsum laborum quod molestiae. Odit iusto a earum saepe quidem praesentium.','1974-04-25 19:45:58'),
('93','93','93','Consectetur impedit sed enim molestias voluptatibus. Saepe qui quia dolorem a beatae. Nulla error repellat adipisci consectetur dolores cum.','1992-04-01 22:42:56'),
('94','94','94','A dolor non et quod mollitia sint. Nihil facilis temporibus ea autem quisquam voluptatem. Consequatur voluptatem reprehenderit necessitatibus culpa.','1975-02-03 04:02:09'),
('95','95','95','Sit delectus dolores qui aperiam nesciunt architecto. Voluptas culpa et sapiente cum. Sint consequuntur nemo ut non animi vel voluptatibus.','2006-02-05 07:33:58'),
('96','96','96','Commodi ea ducimus qui necessitatibus praesentium ratione error sint. Sed est quos minus rem officia et ut consequatur. Neque corporis iure quibusdam quaerat eos molestias enim. Omnis et officia consequatur.','1979-11-28 15:04:02'),
('97','97','97','Rem nihil id pariatur et tempora est minima et. Error qui nam eligendi autem. Tempore quaerat nulla tempora exercitationem.','1974-03-10 04:16:21'),
('98','98','98','Qui voluptatem occaecati aliquam fugit sed minima facere. Quis et facilis excepturi ut. Debitis neque ducimus in nulla.','2019-03-01 12:43:02'),
('99','99','99','Quidem asperiores sit illum ut et. Molestiae quos laudantium voluptatem odio et dolorem ratione. Corrupti facilis est maxime quaerat et deleniti. Et soluta voluptates aliquid enim ab impedit et.','2016-11-18 04:37:51'),
('100','100','100','Illo eum ut voluptatem rerum sit dolorum. Nesciunt blanditiis dolores modi id. Ratione illo sint quis placeat doloremque quia quia odio. Quibusdam autem cum dolores. Magnam voluptatem vel aut omnis.','1993-04-08 00:59:33'),
('101','1','1','Quia illo atque libero et id suscipit vitae minima. Nam consequuntur repellendus deleniti eveniet aut dignissimos sit. Debitis incidunt sit molestiae repudiandae sit exercitationem numquam. Quia dignissimos autem ex hic et quasi.','1992-08-31 09:15:56'),
('102','2','2','Sequi non iste asperiores distinctio laboriosam id possimus omnis. Et dolorem unde nemo. Reprehenderit ipsum voluptatem expedita quis aut.','2019-04-24 21:07:36'),
('103','3','3','Minus velit impedit ad aspernatur. Quos architecto non nobis qui ad et et asperiores.','2017-04-23 09:16:40'),
('104','4','4','Occaecati et nam voluptates sed doloremque repudiandae alias. Repellat consequatur aut non blanditiis veniam accusantium provident.','2017-08-28 02:58:55'),
('105','5','5','Maiores accusantium eum nisi dolore. Tempore et quos reprehenderit eveniet dolor. Voluptatem ratione voluptatem molestiae id ipsa minus perspiciatis. Omnis dolores et unde qui.','1999-03-03 00:38:37'),
('106','6','6','Dolor minus repudiandae adipisci dignissimos hic cum autem. Itaque provident dolor alias consectetur rerum illo quae. Quas voluptatem est facere voluptates quam.','1993-05-13 03:31:57'),
('107','7','7','Quia accusamus corrupti eos sit sapiente quia et. Similique aut dolor incidunt optio delectus quasi. Libero ut repellat reprehenderit rerum delectus. Dolorem molestiae eos vel sit et.','2003-03-10 03:40:54'),
('108','8','8','Iusto eaque ducimus corrupti. Modi nulla est eveniet voluptas. Sapiente in provident maxime sit voluptatibus rerum.','2014-09-29 21:00:27'),
('109','9','9','Numquam quaerat optio fugit sed aspernatur ab perspiciatis. Aut nesciunt deleniti qui voluptatem. Quae cumque quaerat id architecto iusto facilis.','1979-04-06 13:09:46'),
('110','10','10','Corrupti eius sit quod ut. Sit nemo sint vero quae. Impedit est officiis aut nulla. Hic architecto molestias saepe laboriosam doloremque ut fuga ea. Ut reiciendis maxime corporis sit laboriosam id.','2004-07-28 11:32:37'),
('111','11','11','Tempora est corrupti et officia fuga cum. Sed aut praesentium laborum non.','2018-01-05 00:43:04'),
('112','12','12','Beatae aliquid doloremque mollitia vel alias. Sit voluptates accusamus molestias.','1990-05-07 13:29:17'),
('113','13','13','Optio saepe qui quam voluptatibus laboriosam harum veritatis. Ut voluptatem et facere in corporis. Natus accusantium et ut quia.','2010-10-02 15:19:34'),
('114','14','14','Dolorum cupiditate a reprehenderit suscipit nihil provident itaque. Sit optio fuga non quibusdam. Qui deserunt nam modi perferendis aut in tempore ad. Est animi quos voluptatem facilis rerum velit quos et.','2018-03-05 10:57:09'),
('115','15','15','Tempore aut pariatur nobis placeat exercitationem. Est totam et vitae earum id architecto. Consequatur dolorum enim magnam eum. Ullam quo id consequatur itaque.','1981-01-11 18:59:39'),
('116','16','16','Libero aut iste ipsam accusamus culpa quia. Cumque voluptas soluta nihil officiis.','2003-04-21 23:53:24'),
('117','17','17','Impedit id totam excepturi possimus voluptatem. Doloremque non nisi hic sint a praesentium quas. Dicta quod laborum quam reiciendis veritatis ratione autem.','1982-07-04 18:08:54'),
('118','18','18','Corporis in eos consequuntur. Et sed eum dicta minima nulla adipisci aut. Sequi et et sit voluptatum numquam et.','2005-04-04 01:47:48'),
('119','19','19','Et quas quia qui mollitia. Necessitatibus illum quis tenetur porro quis. Vel eos et quis autem illum. Dicta animi aut earum provident molestiae dolorem vel.','1987-12-31 20:31:37'),
('120','20','20','Hic nihil exercitationem reiciendis sit neque a. Cupiditate ab nam natus ducimus nihil accusamus dolores. Amet et ut repudiandae architecto quos modi tenetur. Sit praesentium corporis quo explicabo pariatur qui alias.','2007-01-05 12:52:49'),
('121','21','21','Ea impedit sed ut culpa. Illum est dolores molestias natus quis ipsa sed. Itaque ut unde odit eos tempore delectus.','1996-03-20 23:49:36'),
('122','22','22','Aliquam voluptas libero quia quis. Quo tempore et sunt ut possimus dolorum molestias. Et molestiae suscipit adipisci molestias non ducimus. Voluptas nesciunt corporis numquam vel.','1974-02-02 04:25:20'),
('123','23','23','Porro quis ex voluptas enim ut et. Aspernatur sit atque est nisi temporibus. Cum in et porro aperiam iusto nihil veniam.','1999-09-28 09:07:26'),
('124','24','24','Ipsam consequatur distinctio consequatur ut atque facilis natus. Ad et est debitis laudantium. Eaque explicabo enim minus eveniet non. Et non et deleniti similique enim sunt nulla. Corporis vel consequuntur quia libero.','1981-09-03 15:50:13'),
('125','25','25','Quisquam ducimus dolor eos. Quis omnis vel omnis.','2011-12-01 22:58:53'),
('126','26','26','Soluta quaerat ut architecto ut quibusdam corporis praesentium. Dolorum non corrupti ea animi vel dolorem. Repudiandae nulla nostrum cumque est est assumenda. Et eaque qui rerum neque quo fugiat.','2003-10-07 16:14:11'),
('127','27','27','Autem est cupiditate reiciendis aliquam doloremque deleniti. Voluptas corporis totam laudantium excepturi. Quam voluptatem et autem. Minima commodi aliquid quidem fugit qui saepe praesentium.','2020-09-06 18:03:32'),
('128','28','28','Maiores quo rerum magnam vero blanditiis libero nobis. Laboriosam assumenda alias ipsa voluptate ipsam dolorem. Velit tempore architecto perferendis quos accusantium similique.','1993-09-11 11:45:29'),
('129','29','29','Nihil ut assumenda corrupti. Libero libero nisi corrupti officia voluptatibus possimus omnis est. Sed sed enim sunt assumenda ea nisi exercitationem. Modi sed ipsam ab aspernatur necessitatibus eligendi quasi.','1993-04-15 17:04:30'),
('130','30','30','Nobis distinctio saepe ea quod tenetur delectus libero. Dolorem voluptas quis qui porro veniam sunt rerum.','2014-09-22 15:06:50'),
('131','31','31','Vitae rerum tempora reprehenderit odit dolores. Magni magni vero eligendi error minus.','2004-08-20 03:08:35'),
('132','32','32','Mollitia ut molestiae ab fuga. Officia ut saepe praesentium unde aliquid et enim.','2010-05-20 17:10:45'),
('133','33','33','Voluptas debitis rerum illum quo rem. Molestiae temporibus non praesentium aut. Neque deleniti eos incidunt minus.','2010-07-01 01:58:01'),
('134','34','34','Ducimus nobis assumenda quia cum velit. Aspernatur impedit magnam illum et nulla alias. Non ut molestiae molestias minus et.','1975-12-17 00:10:12'),
('135','35','35','Inventore sed sed rerum. Maiores consectetur suscipit veniam perspiciatis. Nemo soluta expedita alias atque sint. Illum nobis aperiam accusantium ipsa molestias numquam qui.','1988-01-05 07:54:17'),
('136','36','36','Dolorem commodi quod sapiente blanditiis nobis. Soluta et beatae delectus esse praesentium. Alias vel voluptas in neque. Omnis reprehenderit eius minima doloremque eos nesciunt. Dolorum nam nisi ab deleniti.','2007-11-19 20:17:56'),
('137','37','37','Sint nihil reprehenderit est deserunt ab blanditiis nemo quas. Ea voluptatem eum delectus placeat quis veniam.','1995-02-10 04:07:28'),
('138','38','38','Reiciendis perferendis tempore non. Deleniti omnis dolores voluptatem. Perspiciatis sunt molestias ea at at repellat molestiae.','1983-03-11 23:21:24'),
('139','39','39','Accusantium laborum voluptas velit et unde non. Ipsa magnam quia deserunt sapiente porro. Voluptatibus asperiores ex aut quis at magni quam.','1988-07-14 04:11:27'),
('140','40','40','Et aliquam porro quia excepturi doloremque dignissimos. Totam est sunt nemo nostrum dolores esse nemo molestiae. Ipsum magnam rerum occaecati est molestiae dolor. Ratione omnis dolorem voluptatem qui. Quod voluptatem vel aut qui ab vitae.','1985-12-24 19:13:39'),
('141','41','41','Dolore est aperiam et rerum illum. Qui eum tenetur nemo veniam est. Fugit incidunt voluptas amet sit. Sed omnis aut quae dolore voluptatem.','1979-05-07 19:33:31'),
('142','42','42','In beatae doloribus voluptatem quia doloremque sed beatae. Sint ullam consequatur minus et. Aperiam cum eos autem aspernatur. Dolores ut et et iusto enim in.','1975-01-31 23:07:07'),
('143','43','43','Magni ad in expedita et dolorum est odio. Qui odit quod soluta doloribus architecto quo amet aut. Temporibus reiciendis cupiditate ut rerum voluptatibus porro cum. Qui doloribus quisquam optio exercitationem. Eum veniam numquam voluptate nemo.','1981-07-13 23:23:34'),
('144','44','44','Nisi commodi beatae eum qui facere ut velit. Eligendi sit est dicta velit. Ex necessitatibus quas totam aliquid error eveniet minima. Et expedita maxime accusamus laudantium ea sapiente.','1997-10-18 23:14:09'),
('145','45','45','Sequi dicta id ex et molestiae. Vel dolore est et quisquam esse. Et est deleniti et maxime.','1986-10-21 22:05:37'),
('146','46','46','Saepe delectus eligendi eum sequi. Quo perferendis eveniet voluptatem autem. Expedita animi provident eaque dolor.','1970-11-14 10:28:24'),
('147','47','47','Tempora sunt et aut quia. Sunt impedit magni dolorum. Autem dolore odio consequatur quidem. Adipisci in ipsa fugiat nostrum.','1982-11-05 09:45:02'),
('148','48','48','Dolores rerum autem ipsa at non voluptas autem. Mollitia voluptas ut adipisci necessitatibus at provident. Occaecati rem pariatur ipsa quo repudiandae dolor aliquid necessitatibus.','2005-04-27 02:21:02'),
('149','49','49','Nihil sit doloribus itaque repellat eveniet et quam. Repellat quos cumque doloribus aut omnis adipisci provident quia. Placeat incidunt sapiente molestias ex molestias.','2015-04-07 13:50:58'),
('150','50','50','Ut eum ut distinctio culpa earum cum fugit. Asperiores nihil mollitia aliquid voluptatum dolorem autem sit mollitia. Error doloremque odit qui vel autem maiores. Aliquid est iste rerum odit.','1999-11-28 04:33:36'),
('151','51','51','Et esse nihil consequatur porro. Voluptatem voluptatem sed ut enim optio doloremque.','2014-05-21 00:18:26'),
('152','52','52','Unde totam repellendus ipsa dolores facere nisi quia. Non veritatis rerum et est adipisci non. Sunt nisi necessitatibus voluptatibus soluta blanditiis odio. Soluta sed eligendi ut omnis et voluptatem. Assumenda nihil adipisci quisquam est ut.','2003-03-28 06:34:55'),
('153','53','53','Nemo aut est deserunt sequi. Iure sunt reiciendis explicabo tempora. Assumenda quia maxime quas voluptatem nemo consequatur voluptatem quo. Consequatur molestiae saepe ut aut accusamus itaque eaque.','2018-08-04 10:25:12'),
('154','54','54','Et aliquid eum dolore commodi est laboriosam. Esse ratione blanditiis voluptatem eum cupiditate ut quis quam. Voluptatibus nam similique ipsam id. Non nemo quam voluptas mollitia doloremque culpa dolor.','2018-03-07 23:49:05'),
('155','55','55','Quis in ut corrupti quidem ut. Sunt optio nulla molestiae quisquam omnis.','2010-06-09 02:09:49'),
('156','56','56','Enim saepe at voluptatem necessitatibus ullam omnis architecto repudiandae. Voluptate consequatur aut quae consequuntur est commodi dolorum. Quo sint numquam dolorem qui distinctio velit. Earum repellat quaerat perferendis veniam veritatis consequatur iure.','1986-07-01 08:08:33'),
('157','57','57','Illo voluptatem eos dolores voluptatem debitis aut occaecati. Dolores placeat totam aut est aspernatur quia. Eos et odit et et tempore et quia. Sint tenetur corporis est.','1989-08-03 05:53:31'),
('158','58','58','Enim repellat aut ut accusantium atque soluta doloremque. Asperiores quis aut quod aut. Nesciunt facere velit cupiditate ea nihil consequuntur et.','2000-07-09 15:15:21'),
('159','59','59','Neque ut excepturi iste aut occaecati. Aut quis quae odit. Occaecati dolore quisquam dolorem similique voluptatem voluptatem. Qui alias atque rerum distinctio optio voluptatum repellat.','2019-11-26 15:01:43'),
('160','60','60','Voluptas unde non nihil dolores qui dolor. Veritatis ea dolore perferendis vero voluptatem similique aut. Doloribus magnam asperiores ullam et quisquam temporibus.','1975-03-19 14:00:21'),
('161','61','61','Possimus voluptas et omnis enim est ut nobis. Ratione facere deleniti illum eum facere fuga ducimus. Aut repellendus sequi id repellendus quaerat illum enim. Tempora consequatur nobis temporibus et quis iure molestiae.','1984-02-26 07:04:55'),
('162','62','62','Aut assumenda atque et natus voluptatem a velit. Possimus et qui vel. Inventore illum est numquam sapiente aut. Sunt est et repellat nulla.','2020-09-20 21:17:51'),
('163','63','63','Ipsa dolore aut nesciunt impedit quos repellat. Molestias reprehenderit vel quasi expedita voluptatibus aliquid quo. Perferendis eum doloribus quidem ad nulla in nam a. Aliquam sit aperiam velit.','2019-07-08 03:31:03'),
('164','64','64','Et incidunt et magnam repudiandae. Dolorem minus similique et reiciendis. Odit quibusdam accusamus voluptatem sit ad suscipit provident autem. Sed facilis nihil quia rerum.','2011-12-30 16:04:05'),
('165','65','65','Architecto repudiandae laboriosam dolorum fugiat. Veritatis dicta magni atque omnis sunt. Harum libero sint eum dolor nulla sit blanditiis. Nobis ipsum id qui dolor voluptas voluptas. Aut dolor neque eveniet et nulla omnis molestiae.','2019-10-12 03:35:50'),
('166','66','66','Ratione magni facere dolores quia quia. Voluptas tenetur rerum nisi cumque adipisci.','2006-11-13 10:51:25'),
('167','67','67','Molestiae ut architecto autem. Tempore quas repellat necessitatibus voluptates dicta ipsa ipsa. Accusantium sed voluptatem qui dolor voluptatem. Omnis hic impedit aut corrupti placeat voluptas.','1971-12-26 19:15:40'),
('168','68','68','Provident aut dolores natus earum ipsum. Sequi sint ut in eveniet iure. Laudantium molestiae dolorem accusantium sunt omnis.','1981-09-14 14:09:55'),
('169','69','69','Rerum maxime culpa qui. Sed architecto odio et dignissimos sapiente molestiae. Et dolor amet id aliquam eius distinctio.','2007-06-03 08:40:45'),
('170','70','70','Dignissimos vero temporibus dolorum labore labore laborum. Voluptas quam quos velit architecto minus. Repellendus beatae aspernatur similique nesciunt. Totam eos sed in temporibus sunt.','2012-06-11 05:59:51'),
('171','71','71','Voluptatem dolorem minima minima. Blanditiis optio cupiditate architecto adipisci qui quo dolores. Dolorum atque tempora corporis rerum iste reprehenderit corrupti. Eveniet est sed est et sapiente sit.','2018-03-08 12:11:44'),
('172','72','72','Minus veniam quo sunt corrupti. Quae voluptas consequuntur eum facere eos facilis consequuntur. Id similique voluptatem voluptatem quo saepe nobis.','1971-02-14 09:54:44'),
('173','73','73','In enim sed maxime quis molestiae et itaque. Totam eaque necessitatibus labore et voluptatum molestias. Dolorem ex soluta earum numquam qui tempore sint. Totam nam inventore culpa et aut nam eaque.','1983-01-11 16:09:42'),
('174','74','74','Necessitatibus expedita consectetur tempora. Qui qui non debitis rerum eligendi. Repellat corrupti et cupiditate sequi laborum. Aperiam placeat libero eaque itaque natus.','1986-11-18 12:49:52'),
('175','75','75','Aut quibusdam blanditiis molestiae. Excepturi officiis iste ducimus et cum. Quaerat et distinctio incidunt. Vero fugit molestiae nobis similique.','2012-10-08 22:01:13'),
('176','76','76','Sunt numquam fugiat qui. Optio voluptatem omnis cupiditate. Possimus nostrum aperiam numquam est harum rerum ratione. Et et omnis libero. Corrupti et eveniet dicta atque eius ea rerum.','2013-09-15 09:15:51'),
('177','77','77','Pariatur et earum iusto. Voluptatem repellat aperiam voluptas itaque officia saepe. Eos id excepturi accusamus sint id. Dolor et iste amet dolorem.','1985-05-27 23:16:49'),
('178','78','78','Soluta nostrum enim iste est ut est minus. Consectetur fugiat quis id ut alias repellat nulla. Consequuntur velit dignissimos sed optio nihil.','1996-05-26 07:49:39'),
('179','79','79','Aliquid dolor doloremque natus et. Quas voluptatum hic doloribus voluptatibus unde perspiciatis doloribus. Omnis in commodi aspernatur voluptatem ipsam sunt non quam. Voluptatem aliquid aut asperiores incidunt voluptates quia aspernatur.','1985-03-24 20:00:05'),
('180','80','80','Aut ex voluptatibus est earum. Totam minima qui voluptas rem in nihil quidem. Laudantium reiciendis quam et aperiam nobis quidem. Facilis vero sunt dolor vel voluptates.','1972-04-06 15:35:52'),
('181','81','81','Ut et aspernatur officia provident quos molestiae. Quos ea quia dolore est. Nulla et nesciunt quis adipisci qui. Est qui dolore illo est numquam voluptatem.','1996-04-19 02:34:08'),
('182','82','82','Nostrum in labore excepturi et harum est et. Consequatur repellendus incidunt amet eaque ea neque. Necessitatibus sit et accusamus voluptates omnis pariatur. Dolorem ea quis voluptatem est.','1994-09-22 14:15:56'),
('183','83','83','Praesentium et consectetur modi. Qui dolore vitae consequatur facilis architecto laborum. Expedita ipsam doloribus repudiandae iure qui incidunt nisi. Nesciunt excepturi vero quis doloribus.','1973-06-20 09:07:52'),
('184','84','84','Saepe adipisci nemo commodi qui nemo. Voluptas accusamus ad eligendi et consectetur numquam sed. Non deserunt tempore aliquam nihil explicabo.','2016-04-29 11:02:15'),
('185','85','85','Cum sunt voluptatem ab blanditiis dolorem. Pariatur facere voluptatem harum repellat. Omnis assumenda deleniti necessitatibus itaque in aut iure. Odit itaque veniam debitis.','1990-10-14 17:12:58'),
('186','86','86','Officia vero ab ducimus natus. Iste unde voluptatem quia dolores sint.','2017-02-10 01:49:23'),
('187','87','87','Labore ut tempore velit nostrum perferendis omnis quas. Reiciendis et molestias ea magnam repellat dolor.','1981-09-02 12:44:16'),
('188','88','88','Ipsam ducimus tenetur ullam numquam. Perspiciatis dolores consequuntur voluptatem ut provident. Occaecati quis vitae voluptates libero id quod. Dolore sequi rerum quis. Tenetur labore similique voluptatem facere possimus.','2002-02-16 21:32:32'),
('189','89','89','Commodi corporis porro sunt enim. Libero omnis doloribus nostrum at repudiandae. Omnis consequuntur nihil sunt nesciunt consequatur natus. Totam asperiores dolorem suscipit consectetur repellendus aut.','1972-04-25 01:00:09'),
('190','90','90','Rerum maxime voluptatem doloremque fugit corporis et. Quia odio rerum voluptas nesciunt expedita autem quisquam. Sunt non omnis enim eaque non. Similique sit sit ab voluptatum quia eos molestias. Ad quia dolores earum nisi.','2007-06-19 21:41:30'),
('191','91','91','Eos architecto necessitatibus a et. Autem fugiat velit eveniet qui consequatur sunt beatae aliquam. Iusto non ex itaque placeat quis aut quisquam. Quia neque quis maiores dolorem aut.','2002-03-28 15:44:24'),
('192','92','92','Voluptas quia a laborum voluptatibus non occaecati blanditiis. Enim exercitationem autem dignissimos voluptatibus suscipit ut.','1994-09-05 19:10:36'),
('193','93','93','Id placeat minima dolores blanditiis quos ipsum. Consequatur similique iure ratione dolor numquam consequatur. Modi sapiente eos nesciunt beatae sit autem fugiat. Consequatur optio doloribus reprehenderit modi sapiente quia magnam.','2017-07-11 21:47:19'),
('194','94','94','Occaecati iure perspiciatis vitae beatae magni molestiae temporibus. Molestiae sint soluta quibusdam dolorem ex nam omnis.','2019-07-07 09:31:11'),
('195','95','95','Rerum odio voluptate voluptatem consequatur in odit est. Et deleniti cumque molestias quia consequuntur. Illum sit maiores minus esse velit quia et. Velit dicta possimus sit alias vero consequatur veniam.','1981-03-24 07:56:24'),
('196','96','96','Ea consequatur laborum consequatur illum. Quos tenetur numquam architecto ut hic sed.','1977-04-04 01:29:20'),
('197','97','97','Ut porro libero culpa voluptatibus error minus quisquam. Natus ut aut beatae sint. Est rerum rerum autem cumque commodi eum animi. Praesentium molestiae repudiandae recusandae corrupti aut enim facilis.','2014-12-24 19:29:59'),
('198','98','98','Nisi suscipit sit provident et laboriosam ut aut. Quia sit a impedit. Quas in quo ut aperiam natus. At qui enim dolorem.','1994-10-10 06:30:56'),
('199','99','99','Fugit et aliquam incidunt non aliquid similique. Quasi est repudiandae atque est consectetur numquam.','1972-09-28 11:00:03'),
('200','100','100','Et porro voluptas aut exercitationem architecto. Rerum velit dolorem commodi rerum non. Veniam accusamus voluptas placeat. Excepturi nihil quasi ut voluptatem rem.','1994-05-10 05:17:29'),
('201','1','1','Quis et blanditiis esse eos voluptatem sint occaecati. Molestiae facere ut temporibus omnis. Error ut eum eos quos dolores pariatur doloremque. Error non at eveniet.','2019-07-24 19:25:14'),
('202','2','2','Velit recusandae animi perferendis autem nobis enim aliquam. Minima id deleniti maxime eligendi quam. Veniam aut sit nisi sed cupiditate labore.','2020-05-11 23:52:55'),
('203','3','3','Hic eum sapiente distinctio consequatur quisquam. Voluptates dolor minus temporibus illo maxime ab. Quaerat eum fugiat eveniet odit sed placeat quibusdam.','1992-07-15 23:00:23'),
('204','4','4','Assumenda aliquam error non qui beatae unde. Accusamus nobis blanditiis illo odit. Sunt fugit eius quisquam quae ullam.','1976-02-13 23:01:48'),
('205','5','5','Laudantium quia aliquam placeat quis. Autem necessitatibus eos officiis quis dolor non quasi. Dolor magni sed tenetur cum non expedita. Voluptatum reiciendis non labore iure iusto.','2018-07-03 05:59:56'),
('206','6','6','Molestiae dolor voluptatem officiis. Qui ullam quasi excepturi nisi repellendus adipisci. Veniam aut blanditiis perferendis at excepturi qui optio quae. Quod deleniti recusandae quas natus sit.','2017-02-23 07:31:52'),
('207','7','7','Autem voluptatem unde ab non. Culpa perferendis quia sed atque magnam tempora eveniet reiciendis. Dolores repellendus eum vero facilis atque.','2013-11-27 01:45:09'),
('208','8','8','Rerum nisi magni autem voluptate delectus expedita voluptatem. Quia commodi ut quis ratione animi. Quibusdam aut rem sint minima.','1985-07-17 11:20:23'),
('209','9','9','Tempora iure consequatur porro fugiat vel temporibus quae molestiae. Expedita dicta recusandae inventore consequatur ut praesentium deserunt voluptas. Beatae delectus quaerat eum vel. Ut sit recusandae dolorem perspiciatis aut in.','2005-09-29 05:29:04'),
('210','10','10','Dignissimos provident explicabo doloremque quo. Et sed fugiat exercitationem tenetur. Voluptatibus eos hic placeat error enim pariatur et.','1995-12-29 16:52:55'),
('211','11','11','Ut enim rem voluptas sed incidunt aut. Hic deserunt voluptatibus dolores at quia rerum aut.','1994-09-06 23:28:23'),
('212','12','12','Temporibus accusantium velit optio qui. Vitae nihil ad sed et commodi officia. Nobis atque beatae voluptas. Mollitia officiis temporibus et ullam incidunt.','1983-08-24 03:47:01'),
('213','13','13','Minus et quibusdam quasi. Qui aliquam et iusto velit officiis dicta eligendi enim. A voluptas est pariatur voluptatem aut maxime tempore atque.','2014-11-20 01:20:39'),
('214','14','14','Quos sit sunt impedit. Quia sit ut molestiae molestiae. Maxime dolorem recusandae quae et.','2004-06-01 19:12:23'),
('215','15','15','Placeat nemo sed aliquam. Modi quibusdam quos tenetur voluptatibus.','1977-07-14 18:47:57'),
('216','16','16','Optio quia velit est nisi ipsam dolorem. Veniam pariatur repellendus est aut incidunt dolor. Voluptatum quo consequatur veniam est est.','2004-11-05 10:56:41'),
('217','17','17','Et unde quia omnis ab saepe repellat vitae. Sequi consequatur eligendi quia accusamus harum sit non.','1991-03-15 21:31:00'),
('218','18','18','Ullam perferendis assumenda nisi saepe. Ab reprehenderit nemo reiciendis ut laudantium. Et adipisci doloremque voluptatum nobis corrupti numquam eum accusantium. Ipsam voluptas sapiente eum commodi est esse aliquam magnam.','2000-12-15 09:38:56'),
('219','19','19','Qui perspiciatis consequatur ipsam quae in. Odio adipisci ut magnam et quia sit similique officia. Libero consequatur sit quam aut aut quis debitis illo. Repellat quia labore voluptates aperiam rem eveniet fuga. Dolores ab ea quia ut deserunt vel.','1991-01-02 23:00:42'),
('220','20','20','Ex saepe in ullam dolore. Omnis quibusdam qui quia est cupiditate voluptates molestiae mollitia. Perspiciatis saepe qui velit omnis nemo temporibus. Itaque nisi alias nobis et.','1981-09-20 05:10:21'),
('221','21','21','Quibusdam aperiam et molestias ea officia. Temporibus aut aliquid dolor. Possimus veniam quaerat enim. Praesentium omnis voluptates eos dolores quod ad magni aut. Exercitationem ab et rerum quia dolores quam quae eos.','1986-04-27 03:22:45'),
('222','22','22','Sit doloremque dolorem sit similique nesciunt ut suscipit. Aut aut nesciunt eos vero dolor est aut. Molestiae repudiandae aut ea amet.','1992-08-06 09:00:40'),
('223','23','23','Odio voluptatibus in ut id ut est et. Dolorem nihil expedita sunt ut fuga. Sit quod ducimus qui magnam officiis ratione. Repellendus repellat praesentium impedit non voluptatem possimus qui.','2016-01-12 07:38:05'),
('224','24','24','Sit ea maxime repellat cupiditate temporibus. Unde aut corporis et id laborum nemo voluptas. Rerum ut velit autem beatae nesciunt placeat. Minus dolore qui dolore corporis est.','1990-01-02 00:13:24'),
('225','25','25','Qui et molestiae explicabo illo voluptas. Ducimus doloribus culpa ut in. Blanditiis odit a nihil magni. Corrupti eos dolores sit iusto.','1993-06-29 10:57:26'),
('226','26','26','Accusantium optio non soluta ut odit. Quis maiores dolor dicta. Ipsum dolorem libero cumque nihil. Voluptatem incidunt exercitationem quibusdam cupiditate.','1985-01-13 19:20:24'),
('227','27','27','Nulla ut sequi possimus nemo voluptatem enim. Tenetur magnam vel ut sint eveniet. Qui ipsam omnis ducimus similique. Vero et odio enim sed et velit laborum. Eos possimus quae aut doloremque ullam.','1983-03-25 22:30:02'),
('228','28','28','Veniam quia voluptatibus minus ut repellendus tempora. Beatae ipsum omnis voluptatem perspiciatis tempora. Sed voluptatem aut quae qui. Nostrum reprehenderit ab quis ducimus neque qui.','2006-12-13 00:24:46'),
('229','29','29','Optio optio necessitatibus facilis qui. Atque rerum neque aut reprehenderit. Maiores distinctio quo iste.','1991-04-09 06:31:54'),
('230','30','30','Voluptatem eveniet impedit illo hic. Voluptate eos impedit quibusdam at ratione natus ea. Rerum labore aliquid sapiente ipsum. Dolorem est iusto perferendis sint. Aspernatur ut dicta delectus quia repudiandae eligendi consequatur veniam.','1974-03-16 20:13:27'),
('231','31','31','Similique modi eveniet eius quis voluptate dolor nesciunt. Quia et est minus qui quas placeat. Eum non quisquam vitae.','2013-02-11 05:22:42'),
('232','32','32','Voluptatum magni qui facilis magni omnis velit. Harum laborum quia ut. Blanditiis excepturi quas et labore qui doloribus. Fuga et harum aut dolore laudantium.','1983-01-06 10:44:00'),
('233','33','33','Ea iusto asperiores id quia magnam. Aliquid assumenda corrupti dicta cumque ducimus ut dolorum. Voluptate non architecto labore fugit. Aspernatur sunt possimus vel consequatur iure molestias ipsam. Quos deserunt labore eum rerum mollitia temporibus.','1996-06-19 17:46:42'),
('234','34','34','Dolorem recusandae voluptatem ipsam autem reiciendis quia. Totam aut a quo hic aliquid. Est recusandae enim a in et maxime exercitationem dolorem.','1970-09-18 20:09:32'),
('235','35','35','Voluptatem quos vel quas iure illo qui facilis. Non incidunt cum quibusdam ab. Et a vero eum. Architecto provident et quia sit laborum.','1979-02-12 12:17:38'),
('236','36','36','Itaque dicta adipisci est. Totam eos adipisci autem et. Nemo quidem iusto velit illum.','2016-02-03 09:05:58'),
('237','37','37','Et laudantium sapiente modi rerum. Doloribus numquam illum provident asperiores molestias iusto provident. Architecto et corrupti occaecati molestias quisquam voluptas rerum. Mollitia consequatur ducimus officia blanditiis amet.','2018-11-03 21:17:06'),
('238','38','38','Officia cupiditate illum voluptas deserunt non sapiente. Voluptatem quas eos earum esse explicabo hic sint culpa. Ipsum aperiam et est molestias. Iste molestiae et et incidunt sed.','2020-01-24 01:20:24'),
('239','39','39','Voluptas architecto quod odio. Labore quia at aperiam dignissimos cum optio. Saepe sit perferendis voluptas eaque ab. Porro aut et tempora repudiandae vel autem.','1991-05-13 19:55:33'),
('240','40','40','Amet molestiae dolorum excepturi est esse. Officiis quidem eos voluptatem laborum aut voluptate. Sit itaque labore id commodi repudiandae odio voluptatibus. Qui est quibusdam laborum.','2012-08-19 17:44:11'),
('241','41','41','Cum officiis unde illo et. Quibusdam optio suscipit cupiditate et quae sint et. Numquam modi harum delectus aut. Esse et veritatis et recusandae. Autem dolorem sed et commodi aut in.','2004-11-28 07:08:43'),
('242','42','42','Quisquam molestias aut architecto voluptatem omnis optio adipisci. Ut est quidem totam earum. Deserunt quisquam aut nemo praesentium dolor eligendi. Magni laudantium rerum voluptatum qui.','2002-02-01 22:54:54'),
('243','43','43','Omnis fugit sapiente qui mollitia iure eum ut. Molestias sapiente consequatur magni fugiat exercitationem. Quo modi aut dicta odio impedit ipsa omnis.','2005-06-02 14:04:25'),
('244','44','44','Architecto nam doloremque sit voluptatem sed ipsam aut. Dolorem qui voluptatem quis distinctio quas porro aperiam.','2011-10-15 22:06:50'),
('245','45','45','Consequatur eum quo nostrum aut harum. Amet quia quibusdam labore qui ratione non est. Est est qui iste provident placeat.','1980-09-14 10:15:10'),
('246','46','46','Veniam fugit sed error fuga rerum qui blanditiis laborum. Nemo atque ducimus omnis facere. Reprehenderit enim sint at quos aliquid. Voluptatem nam est et neque atque est sint.','1972-01-15 07:33:04'),
('247','47','47','Veniam exercitationem maiores non molestiae earum autem. Accusamus in non earum temporibus. Ipsam voluptates possimus sit nulla ut expedita est molestiae.','1984-05-31 00:39:46'),
('248','48','48','Eum aut et nobis magnam quod. Totam voluptatem dolore dolores rem et doloremque sunt. Quasi odit consequuntur aperiam sit.','1997-05-15 05:54:59'),
('249','49','49','Perspiciatis asperiores dolorum ipsa ipsum eveniet perferendis natus. Fugiat est vitae saepe architecto non quo. Consequatur itaque quibusdam voluptas laudantium quaerat. Et numquam molestiae asperiores aut.','2016-12-22 10:58:51'),
('250','50','50','Ea beatae explicabo cumque voluptatem. Temporibus adipisci ipsa dolor qui consequatur. Assumenda eum asperiores ab id repellendus nostrum. Quas atque officia quis occaecati.','1974-07-04 05:27:41'),
('251','51','51','Sit quis temporibus occaecati praesentium expedita illo. Qui natus sint facere non quis labore nihil.','2011-09-27 15:02:45'),
('252','52','52','Perferendis sed tempora illo iusto soluta eum iste. Dolores rem atque laudantium sed.','2003-03-14 17:39:51'),
('253','53','53','Nobis iste autem aut qui. Repellendus sit expedita accusantium. Commodi id libero officiis quibusdam voluptates est eos.','1975-04-07 04:28:44'),
('254','54','54','Nulla rerum beatae voluptas voluptas repellat aperiam. Amet quod sint omnis dolorem iure quaerat ut. Velit voluptatem omnis esse. Modi quaerat nam dolores culpa nihil.','1998-10-02 02:57:01'),
('255','55','55','Atque rerum quidem in et tempora quisquam facilis. Minus mollitia quam commodi. Hic molestias aut non earum reprehenderit eligendi.','2006-03-30 16:09:14'),
('256','56','56','Cupiditate impedit ea non recusandae. Est id ipsam expedita aut accusantium est et suscipit.','1975-10-02 08:26:43'),
('257','57','57','Est perferendis ex quasi doloribus. Quaerat delectus numquam aut culpa corporis provident. Deleniti dolore fugiat at sed voluptatem quae ut.','1973-02-14 18:57:10'),
('258','58','58','Eos vel eligendi esse corrupti. Asperiores eligendi non perspiciatis veniam consequuntur ut velit. Veritatis et ut quos qui.','2002-08-20 17:03:03'),
('259','59','59','Aut corrupti sit commodi mollitia rem. Dicta quia accusantium adipisci officia eaque. Alias porro at et laboriosam est.','1977-08-20 08:16:04'),
('260','60','60','Et fuga et a asperiores ducimus enim. Dignissimos consequatur vitae in ea.','1995-12-20 10:00:22'),
('261','61','61','Omnis in cupiditate odit laborum vel. Eaque dignissimos cupiditate ut non ipsam magnam. Sed consectetur velit voluptas ipsam consequuntur ut sit. Optio deserunt placeat fuga ea.','2009-07-04 00:59:36'),
('262','62','62','Enim qui eum sunt in iste. Et fugiat et aut adipisci ut nihil. Sint rem debitis unde asperiores.','2000-01-13 19:10:49'),
('263','63','63','Asperiores illum est sint sunt eum consequatur. Maiores quas voluptas qui et adipisci odio fugiat libero. Consequatur autem magnam non est delectus reiciendis deleniti. Soluta ducimus dignissimos voluptas.','1988-03-05 04:19:19'),
('264','64','64','Recusandae architecto quia corporis similique. Ut neque qui quis sit suscipit. Ut eius quas magni excepturi quo.','2010-04-19 00:57:19'),
('265','65','65','Labore dolor voluptate omnis quis nostrum. Similique totam aut assumenda quo sapiente est magnam iure. Sint necessitatibus deleniti non ducimus. Voluptatem nihil libero voluptates consequatur.','1985-12-07 08:31:49'),
('266','66','66','Omnis qui iure consequatur. Quis qui optio consequatur sapiente voluptatem praesentium amet. Et aut aut voluptas et. Eveniet odit doloremque et labore.','1987-11-09 02:02:19'),
('267','67','67','Et aut ipsa quis numquam nobis minus tempore. Et eos voluptatem maxime est reprehenderit. Repudiandae quasi molestiae mollitia ut sunt. Eos culpa provident voluptatem dolores. Sint rem necessitatibus sint magnam similique.','1997-07-12 19:04:37'),
('268','68','68','Ut harum laboriosam est autem porro. Autem in veritatis itaque. Itaque est veniam excepturi necessitatibus sit nostrum laborum.','2001-01-28 07:21:10'),
('269','69','69','Consequatur aut optio ut et sed magnam perspiciatis. Hic non qui dolores labore. Est voluptas perferendis ipsam sit sed ut.','2012-12-30 15:21:01'),
('270','70','70','Incidunt tempore ex earum ea sapiente sequi repellendus. Iusto est inventore libero consectetur eos. Ipsum soluta qui doloribus aut. Nisi illo voluptas eos vel assumenda ipsum.','1993-06-04 04:00:54'),
('271','71','71','Id unde aspernatur eos vero eum corporis facilis. Magnam iste commodi sit numquam qui eius sint. Sed quisquam exercitationem tempora aut et. Exercitationem quasi sunt accusantium qui fugit quia est. Illum voluptas ut facilis fugiat.','2015-10-03 11:01:26'),
('272','72','72','Provident id sit ut sint repellendus sint. Sunt dolor rerum laudantium occaecati nihil. Sit cumque neque aliquid vero illum.','2006-01-13 13:23:00'),
('273','73','73','Ut omnis quidem reprehenderit rerum. Quas quam deserunt in totam. Voluptas consequuntur est magni nihil. Quaerat tempora maxime autem accusantium consequuntur.','2013-08-31 06:10:24'),
('274','74','74','Labore eos eaque aut sapiente veritatis sint a. Molestiae recusandae architecto enim. Laboriosam voluptate assumenda omnis veniam.','2014-10-28 10:35:20'),
('275','75','75','Iure hic corrupti est. Repellendus quaerat necessitatibus incidunt et dolores. Dolorem ducimus et nemo ratione sequi ut. Earum quasi non adipisci consectetur cupiditate velit.','2020-01-05 14:53:29'),
('276','76','76','Aut nostrum aspernatur enim ut distinctio rem autem voluptate. Iste animi vel numquam itaque laudantium magnam enim. Necessitatibus aut excepturi sed quidem asperiores officiis molestiae.','1990-09-12 05:33:15'),
('277','77','77','Voluptate et et consequuntur neque et. Inventore et animi atque labore praesentium velit debitis. Commodi quis vitae dignissimos pariatur. Reiciendis id voluptas dolor minus sit necessitatibus aspernatur incidunt.','2016-10-16 21:20:00'),
('278','78','78','Sed explicabo eveniet vel. Et et sed temporibus amet.','1990-07-12 04:14:55'),
('279','79','79','Inventore officia aut dolorum minima totam doloremque. Quod voluptatem placeat a nostrum eligendi qui sit itaque. Voluptatem pariatur recusandae dolor quasi saepe laudantium. Aspernatur molestiae veniam accusantium et et quas id.','1973-03-17 23:48:55'),
('280','80','80','Autem quis sed dolores quo blanditiis. Debitis aliquam porro non ullam labore natus ullam. Pariatur recusandae et qui aliquid voluptatem.','1989-11-14 15:27:05'),
('281','81','81','Error cum doloremque vero ducimus. Sapiente expedita asperiores deserunt beatae ut architecto. Consectetur aut fuga est mollitia.','2017-12-03 19:49:08'),
('282','82','82','In est eos assumenda nemo maxime. Autem enim porro vitae rem error. Voluptatem voluptatem enim similique maiores inventore.','2016-03-26 10:45:45'),
('283','83','83','Aut dignissimos aliquid deserunt debitis eum dolorem. Accusantium et facilis ipsam quibusdam aut. Dolorem in et harum et id. Qui ut et sit accusantium id expedita quisquam.','1988-09-30 21:34:20'),
('284','84','84','Culpa perspiciatis est ad qui. Cum qui eum ducimus similique necessitatibus repudiandae.','2015-09-22 00:28:17'),
('285','85','85','Aut fugiat nulla maxime et. Quo exercitationem aspernatur aperiam vero voluptatem velit. Impedit praesentium soluta aut odit non alias provident. Animi ut et corporis fugit non accusamus velit commodi.','2019-03-16 09:43:18'),
('286','86','86','Est inventore facere voluptatum. Beatae non voluptates sequi non molestiae autem enim. Hic nostrum aliquid qui fugiat iste.','1974-01-03 12:51:16'),
('287','87','87','In eveniet quia ad dolor quae ducimus totam maxime. Ea odit recusandae ut ipsam aut reiciendis culpa. Placeat ex quibusdam modi ea ut expedita sapiente.','2003-12-12 03:25:27'),
('288','88','88','Exercitationem similique officiis accusantium culpa eum recusandae distinctio. Iusto omnis quos et dolores harum dolorem eum. Nihil rerum nihil voluptatem iusto est minima qui.','2014-12-24 23:25:06'),
('289','89','89','Quidem molestiae enim ratione quidem ad qui alias. Harum quod quos aut nemo et. Perferendis nulla vero laudantium alias iusto delectus.','1976-12-28 11:26:53'),
('290','90','90','Autem quas repellat tenetur a alias et. Qui laborum ullam quis incidunt rem suscipit.','2004-02-29 18:07:10'),
('291','91','91','Rerum nostrum alias et molestiae laborum. Consectetur eum a praesentium. A qui assumenda ducimus numquam. Accusantium ut ullam sint eius et ducimus quod animi.','1973-06-01 00:49:00'),
('292','92','92','Eos quaerat et occaecati velit nam. Alias placeat nihil ut fugiat omnis et consectetur velit. Id enim aut corrupti facere.','2009-04-03 01:16:24'),
('293','93','93','Delectus fugiat ullam ut sed voluptatem. Dolor ut optio dolorem vitae aspernatur fuga doloremque. Provident officiis ut qui eum nemo molestiae consequatur. Consequuntur eos aut enim et quos fugit.','2016-10-20 21:03:26'),
('294','94','94','Sit consequatur incidunt aut vel. Ut maiores aut similique eos eum. Aut sed praesentium ratione veniam.','2006-03-30 12:42:41'),
('295','95','95','Officia sunt est voluptatem blanditiis doloremque suscipit delectus. Et dolore tenetur et itaque vero ea possimus. Reiciendis in aut aperiam ut tempore ut.','1982-11-18 00:10:48'),
('296','96','96','Earum recusandae blanditiis ducimus consequatur totam omnis aut. Dolor est est quidem dicta dicta. A consequatur dolorum dolor minus. Ut aliquam quos incidunt nobis iure.','2007-09-05 19:28:07'),
('297','97','97','Assumenda odio et animi dolores impedit quia nam. Enim unde officia aspernatur autem enim accusamus. Ut tempora nobis sit. Earum architecto est qui ipsum et in nemo.','2011-12-28 19:56:20'),
('298','98','98','Sunt distinctio omnis voluptatibus quia temporibus veritatis. Itaque quisquam inventore doloribus quis. Quo qui et fuga sint dolores dolorem. Sit ipsum beatae rerum sed sint.','2001-04-04 13:02:29'),
('299','99','99','Quas suscipit harum quam nostrum. Fugiat eum id ducimus accusantium veritatis. Molestias quaerat similique vel et.','1975-05-08 03:26:57'),
('300','100','100','Soluta tempore et a aut dicta nihil nam. Modi ab officia eos nihil quidem eveniet maiores. Ea non reprehenderit ipsum error voluptas officiis.','1982-02-12 03:41:06'),
('301','1','1','Blanditiis qui modi est eum officiis. In qui repudiandae ut et non officiis aut nihil. Omnis culpa non ut aliquid aut.','1995-05-06 05:00:33'),
('302','2','2','Et sunt autem nulla deleniti. Molestias rerum ut alias sed et. Ad et facere doloribus fuga nemo.','2015-08-05 00:48:31'),
('303','3','3','Ut dolorum sit atque qui non rem molestiae. Expedita amet magnam ipsum sed laborum sequi. Ut est laborum fuga dolore tempora dolor. Odio eum aut occaecati maiores sed.','1985-12-25 11:14:03'),
('304','4','4','Vel molestias sit accusantium sit in ipsam saepe qui. Explicabo qui possimus qui nihil quisquam. Voluptatem dolore qui quibusdam ex magni. Sint labore dicta voluptates qui. Voluptatem aperiam animi ipsa qui placeat totam temporibus.','1980-08-03 01:02:33'),
('305','5','5','Voluptatem qui voluptas autem error minima. Sint est eum ab facere voluptas vel aut. Vel numquam perspiciatis error aut. Fugiat reiciendis quas magnam et.','1975-05-09 03:31:22'),
('306','6','6','Ipsam id nemo doloribus molestiae voluptatibus tenetur ut. Excepturi nulla dolor quo doloribus nam aliquam delectus fugiat.','2007-07-04 07:21:00'),
('307','7','7','Voluptatum illo aut quia enim. Laborum omnis et impedit illum consequuntur autem.','1982-10-27 00:57:06'),
('308','8','8','Iure molestiae est harum suscipit voluptates architecto totam. Minus totam ea vitae officiis recusandae. Quaerat nam modi repellendus sed. Ipsam ut iure aut laboriosam.','1997-06-06 23:24:32'),
('309','9','9','Cupiditate aspernatur minus sed aperiam nostrum qui debitis doloremque. Et totam nesciunt nesciunt sit qui et tempore consequatur. Itaque aut ut doloremque suscipit voluptatum doloremque eius laboriosam. Asperiores voluptatum et iste velit reiciendis.','1983-11-12 22:08:35'),
('310','10','10','Nostrum sit nihil aut autem. Quis consequuntur aut unde neque corrupti ullam. Sunt cupiditate fugiat qui rem magni. Aut sint qui aut nihil.','1990-03-02 10:13:23'),
('311','11','11','Est ut vitae et voluptatem dolore cumque dolorum. Itaque qui sunt quibusdam sequi officiis est. Voluptatem repudiandae fugiat id ipsa.','1990-04-05 09:25:10'),
('312','12','12','Id nobis similique quasi. Quia enim perspiciatis temporibus. Consequatur dolores accusantium perspiciatis sit cumque aut itaque.','2016-07-23 04:40:03'),
('313','13','13','Animi sed dignissimos rerum fugiat et aut. Hic recusandae eius sed. Nam nam eum facere.','1981-01-10 05:22:26'),
('314','14','14','Repellendus at error est corrupti. Magnam aut adipisci dolores inventore veritatis. Qui tempore error optio omnis et. Ex ut tempora aut voluptates quos non.','1990-01-27 06:22:14'),
('315','15','15','Maiores aspernatur magnam adipisci cumque animi in. Modi quae quasi aut numquam fugit animi. Maxime facere voluptate veniam consequatur. Nulla quaerat quia laborum omnis illo quia molestias.','1972-10-07 13:41:49'),
('316','16','16','Ipsum impedit veniam quia perspiciatis omnis. Voluptas voluptatibus quod blanditiis voluptas. Aut sint aliquid aut sed autem eum.','1999-03-12 10:37:11'),
('317','17','17','Saepe dignissimos aut quisquam aspernatur illum eligendi dolor iusto. Non eos voluptatibus ut nulla. Nobis itaque rerum natus repellendus. Laborum unde minus optio et veritatis sit ut.','2007-01-07 12:37:48'),
('318','18','18','Qui quaerat harum itaque aut sit occaecati. Dolorem odio neque temporibus quia fuga porro. Consequuntur totam non autem. Libero dolorem voluptatum sed sequi facere natus.','2017-02-07 04:20:00'),
('319','19','19','Recusandae earum sint officiis est et necessitatibus ducimus. Illo id quas expedita fuga. Porro id neque quaerat architecto deleniti nobis quas. Eum voluptatem voluptas praesentium suscipit.','1975-03-18 14:50:23'),
('320','20','20','Aut praesentium fugiat nulla velit similique. Et dolorum numquam vero qui expedita. Totam esse nulla quibusdam. Doloribus officiis quis expedita autem esse accusantium.','1999-03-08 02:39:49'),
('321','21','21','Nisi consequatur autem voluptas at reiciendis necessitatibus. Adipisci iusto ut facere ut repudiandae ullam ut. Sunt aspernatur rerum voluptatem fugit sit delectus culpa.','2007-12-22 12:13:35'),
('322','22','22','Delectus illo incidunt molestias quae. Qui dignissimos nemo ullam suscipit. Rem fuga placeat rerum similique in. Soluta aperiam cumque sint neque deleniti et.','1993-08-21 07:32:57'),
('323','23','23','Consequuntur beatae repellendus in est. Molestiae adipisci ducimus libero itaque animi fuga. Ab rerum odio aut et iure suscipit alias aliquid. Minus reiciendis natus deleniti dolorem quia accusantium molestiae.','2008-08-30 16:05:17'),
('324','24','24','Nisi veritatis laboriosam accusamus cumque eos repellat commodi. Dolorem et ex dolorum sapiente ab. Est consequatur eligendi fugit maiores et. Voluptatum eius aut alias est nisi quia recusandae.','2004-06-22 02:15:00'),
('325','25','25','Eveniet ut quasi autem voluptas minus sapiente occaecati. Ut ratione perferendis in culpa eum aut sit laborum. Aliquid eius explicabo quis et molestias voluptatem numquam. Voluptatem voluptatem sed explicabo recusandae et libero reprehenderit. Dignissimos et sit ex qui consequatur fugit distinctio.','2000-12-23 08:10:12'),
('326','26','26','Sed non recusandae provident aperiam. Natus et distinctio in ut iure aut officiis delectus. Similique culpa cumque esse suscipit expedita est et. Eos similique et est omnis id.','2011-03-25 14:17:33'),
('327','27','27','Libero asperiores totam et incidunt consequatur et. Et facere et veritatis vero non aut. Ipsum omnis tenetur voluptates deleniti alias. Excepturi et inventore doloribus tenetur ipsam.','2010-11-25 16:04:26'),
('328','28','28','Hic officia nesciunt aliquam. Molestiae excepturi reiciendis ipsam rerum voluptatum. Assumenda ex aperiam aliquid harum. Molestias totam distinctio enim et consequatur id dignissimos.','1987-12-06 21:14:28'),
('329','29','29','Reiciendis sed et autem vitae reiciendis blanditiis. Sunt exercitationem ut facilis necessitatibus. Totam voluptatibus maxime rem quia et. Nostrum consequatur quam incidunt quia quos ut sequi.','1981-08-29 01:53:03'),
('330','30','30','Omnis qui eos in. Architecto vero laboriosam ut rem sint. Aperiam et est ut autem voluptas.','2020-02-06 21:14:11'),
('331','31','31','Ratione perferendis veniam expedita quasi in voluptatibus fugit. Excepturi voluptate veritatis deleniti eum corrupti. Facilis adipisci ut modi qui sit mollitia delectus.','1978-09-06 14:03:03'),
('332','32','32','Rerum laudantium fugit nemo aliquid accusantium voluptatem. Voluptatem eaque alias saepe. Eum et doloribus architecto qui repellat quos esse.','1988-06-07 17:48:07'),
('333','33','33','Error iusto accusantium explicabo consequatur quaerat a consequatur. Tempora dignissimos non omnis sit.','1978-10-20 15:06:26'),
('334','34','34','Et est illo architecto alias et. Officia hic veniam iste accusamus. Illo nostrum rerum aliquid.','1973-02-06 17:02:53'),
('335','35','35','Ipsum aut aut qui quia. Rerum est inventore aspernatur ab voluptas ut repudiandae. Dolor harum quas ullam tempore.','1986-02-02 03:54:15'),
('336','36','36','Optio sit reprehenderit sint ipsum voluptatem ut et impedit. Tempora deleniti laboriosam qui corrupti debitis nulla. Non quam labore est animi eveniet velit. Incidunt facere repellat et quia doloremque.','2005-05-11 04:52:23'),
('337','37','37','Quia nemo ipsum et quo. Tempore laborum dolores sunt temporibus quasi quia qui voluptas. Debitis autem molestias aperiam provident rerum eos. Dolore alias qui maiores excepturi voluptates quidem sit.','2020-02-25 17:16:52'),
('338','38','38','Quisquam est dolor ut eius est quo quae. Veritatis aspernatur ut corrupti a. Consequatur deleniti dolores eos delectus commodi eveniet. Et animi sunt nihil totam.','1975-12-24 05:33:37'),
('339','39','39','Nobis quam dolorum voluptatum ex quisquam earum. Provident dolor eaque quisquam eaque nostrum voluptatem non. Saepe suscipit nobis est at ut laborum facere facilis.','1983-04-16 21:55:46'),
('340','40','40','Pariatur maiores quasi repellat quod officia molestiae. Explicabo neque enim dolores magni pariatur voluptatum amet. Enim in atque id et earum voluptatem rerum. Sunt tenetur blanditiis alias et.','1981-03-28 10:20:43'),
('341','41','41','Et rem suscipit velit illum. Repellendus nesciunt et optio dolor. Nostrum aut aliquid quia tenetur et magnam.','1990-02-14 06:00:44'),
('342','42','42','Nobis assumenda quisquam consequatur sed. Praesentium et amet dolorem voluptas non porro. Eaque magni repudiandae vero sint culpa sunt quae sed. Sint voluptatem voluptatum nostrum reprehenderit nam.','2001-03-19 14:56:17'),
('343','43','43','Ullam dolor labore delectus a alias perferendis. Consequuntur molestiae nesciunt sed.','1972-12-03 11:02:40'),
('344','44','44','Cum officia omnis laudantium vel impedit. Et nam qui impedit magnam. Ullam blanditiis qui saepe blanditiis. Et ea asperiores est doloribus dicta.','1974-11-29 10:12:18'),
('345','45','45','Ut et sed et neque. Eum necessitatibus eum saepe laboriosam. Totam ex ut necessitatibus error. Fugiat laudantium facere id tempora sapiente explicabo impedit.','2019-07-02 15:25:00'),
('346','46','46','A similique sapiente eos similique dolorem consequatur. Excepturi laudantium labore magni. Officia sit reiciendis nihil libero voluptatem non. Sequi voluptate deleniti excepturi excepturi a.','1973-06-30 11:52:59'),
('347','47','47','Cum ullam ratione ex qui molestiae aperiam. Nihil vel aperiam quam ullam. Omnis officia qui suscipit enim unde. Voluptas nihil ipsum perferendis ipsa laudantium perspiciatis est.','2012-12-28 15:58:02'),
('348','48','48','Et assumenda vero nam et ipsam sit voluptates. Quod ratione reprehenderit repudiandae asperiores optio. Labore expedita unde repudiandae omnis dolores qui excepturi. Sequi soluta dolor consequatur quae porro.','2011-07-08 11:49:53'),
('349','49','49','A officia nobis et enim totam velit inventore. Fuga minus ut sed recusandae dolor ipsam. Qui magnam iure tempora. Sit amet alias impedit omnis numquam eos vitae.','1993-09-07 09:08:35'),
('350','50','50','Velit incidunt eveniet quis dignissimos aut. Quia magnam saepe sed quo. Cumque tempora porro aut est ullam. Ut ipsum cupiditate consequatur et aperiam non omnis. Voluptatem modi id quibusdam quia quidem commodi quia.','2017-04-14 21:36:03'),
('351','51','51','Sed non sint ad sequi quos. Aut nesciunt magnam iste dolorum est. Recusandae ipsum odio veniam eligendi rerum.','2019-07-30 07:55:13'),
('352','52','52','Et unde vel commodi voluptate et voluptatum neque at. Debitis unde sequi minima voluptatem minus. Autem doloribus occaecati natus.','2019-04-24 08:35:20'),
('353','53','53','Quia voluptates sed sequi quam et. Explicabo autem dolores unde adipisci et ipsum esse et. Enim consequatur aperiam qui illum id. Quidem est ut saepe exercitationem omnis delectus.','1990-03-16 07:09:01'),
('354','54','54','Ut eum doloremque quis omnis. Corporis ullam voluptatem eaque delectus quas. Consequuntur non ex vel ea veritatis exercitationem totam.','1996-09-10 16:22:17'),
('355','55','55','Accusantium ad qui molestiae. Vel maiores aperiam labore sed. Odio molestiae cum consequatur et ea magnam laboriosam.','1975-02-18 11:28:52'),
('356','56','56','Qui odit iusto ut aut nulla dolores. Odit soluta accusamus illum molestiae velit. Odio at aut quas ut laborum. Autem dolorem illo aperiam velit praesentium veniam dolor.','2003-03-22 07:06:35'),
('357','57','57','Reprehenderit consequatur impedit libero molestiae et natus temporibus. Aut rerum aut eveniet nihil qui amet. Animi id aut dolores est.','1992-08-19 23:18:58'),
('358','58','58','Qui ipsa laudantium et unde. Distinctio et corporis enim. Aut ipsum vel voluptatem et. Amet iste repellendus voluptas perferendis est debitis.','1979-05-23 05:07:23'),
('359','59','59','Distinctio aut placeat architecto nam. Aliquid eaque asperiores ut eius modi necessitatibus. Sit pariatur consectetur similique nisi ad a.','1974-08-15 16:36:37'),
('360','60','60','Magnam et ex tempore rerum doloribus ut. Voluptatem qui non aliquam minus aut. Aut tenetur veritatis et. Esse vel qui ex in nihil unde ut.','2009-01-05 08:03:55'),
('361','61','61','Placeat excepturi modi expedita enim. Officia voluptatem ut quasi ullam dolor. Assumenda sed est rerum in eum est.','1970-05-18 01:45:05'),
('362','62','62','Sit quisquam minima rem rerum. Est cumque rerum voluptate nulla. Repellendus nam qui corporis ratione expedita ut aperiam.','1997-01-25 19:19:56'),
('363','63','63','Ea voluptas dolore nisi saepe beatae at. Fugit et nesciunt ratione rerum et velit fuga. Cumque sed quos culpa atque quidem qui natus.','1977-07-04 14:47:48'),
('364','64','64','Dignissimos recusandae corrupti consequuntur quis amet dolores enim ut. Porro voluptas earum molestiae quidem modi sequi et. Debitis quis commodi itaque porro adipisci. Assumenda cum saepe eius qui.','2002-11-29 13:35:13'),
('365','65','65','Omnis eius dolor eius. Modi aut eaque tempore libero assumenda nostrum. Ut sapiente aliquam quis ipsam eveniet et consequuntur.','2002-12-06 22:34:12'),
('366','66','66','Voluptatum exercitationem cum placeat illum voluptatibus iusto reiciendis. Sit sint laborum est corrupti ipsum similique. Esse iste non laboriosam cum.','1978-07-10 07:17:58'),
('367','67','67','Debitis ipsum nostrum quo nam dolores fugiat. Sed asperiores eligendi occaecati facere. Deleniti quisquam sapiente quia et nesciunt quis illo.','2011-10-22 17:19:23'),
('368','68','68','Consectetur placeat ea nostrum est et voluptate. Veniam dolor porro corporis. Cumque est ut dolorum maiores et. Dolor voluptas ut sunt.','2012-09-04 03:58:39'),
('369','69','69','Natus et alias dignissimos non cumque. Neque debitis cupiditate earum voluptatum ex voluptate dolorem. Ut tempora dolorem veritatis corporis suscipit. Repudiandae maxime ipsa non modi ut.','1997-06-09 17:35:04'),
('370','70','70','Quaerat atque dicta unde qui sint ea optio. Ea ea saepe et est doloremque ut. Voluptate facilis officiis et. Commodi vero incidunt distinctio aut.','2009-04-28 06:32:48'),
('371','71','71','Unde doloremque non blanditiis sint et qui modi. Quis consequatur mollitia in laboriosam in ducimus dolor ut. Tempore ut ut quas numquam nobis voluptatem eos.','2000-07-02 09:56:02'),
('372','72','72','Voluptatem numquam id non natus magni. Cupiditate sapiente voluptates minus nisi aperiam. Quisquam iusto accusamus et atque minus.','1992-05-14 09:49:00'),
('373','73','73','Quis dolorum odit ducimus. Reprehenderit magnam quia aliquam nam nihil. Odio similique commodi quia aspernatur ex quod earum.','1978-09-09 00:00:23'),
('374','74','74','Voluptatibus ipsa perspiciatis ex voluptas officia aspernatur laborum. Minima quasi est quibusdam qui ad. Necessitatibus autem excepturi magni corrupti dolorum dignissimos esse consectetur.','2004-12-22 22:39:34'),
('375','75','75','Maiores ut tenetur enim blanditiis. Eum impedit iusto quibusdam enim et iure quod. Dolores illum impedit quasi aliquam.','1993-08-17 06:34:30'),
('376','76','76','Ipsa consequatur suscipit sit quasi facere earum recusandae quo. Ad dicta consequatur consequatur qui. Expedita quae est aut ipsum neque veniam quaerat sed. Neque veritatis recusandae molestiae molestiae.','2016-09-25 11:02:33'),
('377','77','77','Qui rerum in culpa velit. Occaecati aut optio ad sunt ut. Maxime nihil et culpa quibusdam eum.','1973-11-12 18:24:54'),
('378','78','78','Et qui esse omnis in libero voluptatem quod. Aut at ex nisi occaecati doloremque numquam ea aut. Quod rerum voluptatem nam magnam facere aut est voluptas.','2014-12-11 16:39:24'),
('379','79','79','Aliquam blanditiis nihil qui illo distinctio aut. Recusandae ea quia placeat sunt cumque ad. Suscipit consequuntur laudantium temporibus placeat vero minus.','1991-12-28 15:45:55'),
('380','80','80','Reprehenderit beatae voluptas et aut qui temporibus. Qui placeat exercitationem dolorem. Tempore autem minus et error enim. Inventore laboriosam sed voluptas placeat modi tempore iure.','1991-10-03 13:14:09'),
('381','81','81','Inventore animi aut quos et molestias et. Blanditiis impedit omnis et molestias.','1994-01-14 09:17:42'),
('382','82','82','Blanditiis amet est delectus nihil repellat recusandae explicabo. Facilis exercitationem voluptatem aut blanditiis est et impedit.','1990-03-14 02:56:50'),
('383','83','83','In et doloribus non earum aut animi. Aut perferendis consequuntur ea alias recusandae consequatur aliquid nisi. Est voluptatibus in aut fuga.','2016-11-04 12:02:27'),
('384','84','84','Sit fugit excepturi culpa dolorem qui recusandae consequatur. Qui ex placeat et velit sed. Maiores aut voluptatem facilis est.','1989-12-12 21:35:56'),
('385','85','85','Et deleniti veritatis et libero eum. Deleniti eaque cum animi earum. Perferendis qui esse eos magnam accusamus inventore. Aut sunt aliquam ipsum reiciendis non voluptate sint.','2004-01-06 08:04:10'),
('386','86','86','Aut quidem nostrum autem cum modi voluptatum. Dignissimos omnis praesentium ipsam unde. Alias id quod quos ea voluptatem. Dolorum qui nostrum perspiciatis est in. Ut numquam ea repellat et.','1971-03-03 14:53:39'),
('387','87','87','Quia deserunt alias laudantium. Earum ducimus aspernatur error. Est sit vel asperiores et animi ex. Nihil eum error quidem enim assumenda eius ut adipisci.','2011-08-27 10:15:22'),
('388','88','88','Quod qui odio labore aperiam aut natus. Ut reprehenderit magnam aut sunt. Aut est repellendus et nesciunt et. Error explicabo minima facilis maiores aut.','1983-09-15 05:41:18'),
('389','89','89','Aut non aut enim. Ut aliquid earum expedita occaecati molestias earum neque voluptatem. Doloribus voluptates sit eum ipsa vero. Dolores expedita est dolorem possimus eos.','2003-04-09 01:16:35'),
('390','90','90','Ut odio eum tempore rerum quia. Rerum provident quaerat minima et. Nobis ut ut quibusdam dolorem.','2007-01-22 00:54:42'),
('391','91','91','In sunt necessitatibus quis ratione iste. Quo aut ut impedit necessitatibus quia. Vel itaque voluptatum odio. Recusandae a ducimus modi qui et adipisci nihil voluptate.','1979-10-06 19:35:50'),
('392','92','92','Expedita adipisci corrupti assumenda dolores. Inventore aut enim ipsum et laudantium molestias. Eveniet sit deleniti dolor aspernatur dolorem impedit. Nisi est laborum magni minima et ratione ipsam. Suscipit ipsam voluptatem distinctio reiciendis sed.','1981-11-25 18:48:33'),
('393','93','93','Accusantium nihil et odit praesentium omnis asperiores. Repellat vitae maiores aut neque impedit. Non quos id voluptas numquam blanditiis aut.','1990-12-20 18:19:02'),
('394','94','94','Quia neque molestiae nesciunt eveniet corporis ab earum. Ea sequi dolor consequatur aliquam molestiae et. Maxime hic distinctio alias corporis quia voluptate.','2015-07-25 02:58:34'),
('395','95','95','Ut neque autem et tempore. Aliquam sit qui enim similique eius.','2001-07-29 22:10:49'),
('396','96','96','Quibusdam pariatur excepturi non cum voluptas dolores. Quasi quia assumenda reprehenderit id voluptas accusamus. Quasi excepturi cupiditate consequatur aperiam aut officia delectus ea. Amet repellat rerum distinctio sit odio dolor.','1987-11-11 12:34:48'),
('397','97','97','Maiores enim ad in cupiditate culpa cum non est. Ut minus blanditiis quis quia. Architecto et eos reprehenderit aperiam accusantium. Asperiores aliquam impedit nihil eum quo.','2018-06-27 06:20:37'),
('398','98','98','Velit saepe repellat quam rerum. Dolores architecto molestiae deleniti omnis est corporis ducimus. Dolorem blanditiis molestias quia adipisci labore aut iste.','2010-07-22 18:55:54'),
('399','99','99','Eveniet natus numquam doloremque a itaque voluptates suscipit. Numquam quo odit repellendus qui. Cum et dolor quaerat laudantium fugit et. Rem quo ad iusto molestiae incidunt fugit. Incidunt iste fugiat animi temporibus.','2000-11-03 00:29:40'),
('400','100','100','Dicta quo in perferendis velit libero quisquam. Corrupti earum asperiores totam porro ex repudiandae. Eius placeat quia quam repudiandae maiores tenetur occaecati. Voluptatum voluptatem natus expedita est dolorum molestiae omnis quam.','2016-10-20 14:28:12'),
('401','1','1','Eos est suscipit ratione et praesentium. Eos et similique praesentium et consectetur ex blanditiis. Itaque eum quos veritatis vero culpa aut.','2016-10-23 17:55:21'),
('402','2','2','Dolorem velit deleniti repellat eius ipsa quaerat consequatur. Laboriosam impedit ad nobis illo et consequatur est. Animi et ipsum suscipit nihil. Rerum blanditiis similique neque aut.','2015-03-19 23:46:04'),
('403','3','3','Eum eveniet facere ut. Ullam ut ipsam molestiae tempora omnis. Natus et repellendus eius.','1975-03-26 16:55:25'),
('404','4','4','Dolorum sint voluptatum possimus doloremque aliquid. Officia minima perferendis voluptate dolor veniam. Dolore possimus et id fugit.','2017-06-01 03:20:50'),
('405','5','5','Facilis deserunt magni omnis ducimus. Nesciunt non eos dignissimos cumque repellat est sunt. Architecto voluptatibus nam quam id deserunt. Facilis minus voluptatem aut eum officia enim. Et totam veniam omnis sed.','1970-05-07 15:15:57'),
('406','6','6','Laboriosam nisi quidem saepe fugiat sed sit ea dolores. Quia rem tempora consequuntur nam maxime sequi asperiores. Autem voluptatem dignissimos voluptates aliquid excepturi et. Eum ut sint consequuntur quidem quo a dolor.','1981-08-30 01:13:10'),
('407','7','7','Cum laudantium reprehenderit id. Commodi fugit distinctio voluptas voluptas consequatur placeat cum. Eum doloribus iusto eligendi quis dolore.','1974-10-28 01:20:13'),
('408','8','8','Rem et quis pariatur velit nihil reprehenderit. Dolor veniam consequatur et et et. Atque quasi ex qui est consequatur eligendi adipisci. Laboriosam quod rerum itaque nam quisquam et.','2007-11-10 01:53:19'),
('409','9','9','Voluptas et inventore possimus. Dignissimos animi voluptas laudantium autem. Vero qui sed aut sequi.','2008-03-22 03:23:20'),
('410','10','10','Excepturi quo explicabo modi eius autem soluta. Aut id quam suscipit voluptatem. Facere qui aut ipsa minus sequi occaecati. Quia distinctio nesciunt a quia est.','1982-02-09 21:53:52'),
('411','11','11','Dignissimos aut aut est quo autem. Quis accusamus adipisci incidunt at consequatur placeat. Veritatis ut ut praesentium quis. Qui pariatur tempore dolor nulla.','1990-12-05 05:41:13'),
('412','12','12','Rem ut adipisci odit est vero voluptatum. Est doloremque impedit voluptatem ab. Sed suscipit explicabo omnis expedita.','2002-04-10 22:36:23'),
('413','13','13','Aut molestiae expedita omnis non cupiditate. Laborum quia non ipsum voluptate. Velit et qui perferendis dicta quo et earum maiores. Aut facere fuga vitae.','2015-01-08 16:01:42'),
('414','14','14','Nulla ut natus illo nobis molestiae reiciendis unde. Id ad quia non quam. Eligendi distinctio eum sunt perferendis. Non cum facere voluptas expedita qui quo.','2002-09-11 22:31:12'),
('415','15','15','Quisquam cupiditate aperiam itaque necessitatibus. Enim iure tenetur placeat dolore nihil eos. Voluptas quam et perspiciatis magni corporis. Ab quae quis aspernatur molestias tempore.','1976-09-14 16:53:52'),
('416','16','16','Deleniti autem nemo ut ab. Accusantium nam aliquid omnis aliquid ipsum.','1972-01-25 11:18:36'),
('417','17','17','Accusamus aspernatur similique culpa repellat quis quibusdam nam. Eum impedit odio rerum harum alias est eos. Soluta pariatur itaque est sunt quasi non nemo quae. Quis natus aliquam itaque iste cum. Est quia et assumenda et accusamus veniam.','1999-07-25 05:30:52'),
('418','18','18','Ad labore deserunt quo. Incidunt minus quia quod ut nam alias delectus. Voluptatem earum sed et ut est. Incidunt adipisci quibusdam blanditiis et.','1998-09-23 10:10:40'),
('419','19','19','Quo totam expedita illum consequatur est sed. Consequatur possimus magnam recusandae enim. Et aspernatur sapiente adipisci vel et. Aliquid rerum necessitatibus reprehenderit sequi doloremque.','1992-06-11 01:03:45'),
('420','20','20','Enim animi possimus sequi. Dignissimos consequatur nesciunt nihil enim sed aut. Sed pariatur voluptas omnis doloribus. Laudantium quod minima et voluptatem est eveniet officia.','1983-12-07 02:39:25'),
('421','21','21','Ex optio ut neque aut deserunt. Iste in voluptas et eos. Modi ut iure non et molestiae quam. Aut omnis odit dicta non.','2018-02-28 08:42:15'),
('422','22','22','Aut magnam eum sit sit dolorum repudiandae atque. Fugiat aut quidem placeat vero maxime sunt eius. Nam aut nobis dolorum dolorem cumque corporis ullam.','2008-04-23 08:18:04'),
('423','23','23','Veniam et ut ex sequi. Incidunt corporis dolorem sunt quis officiis dolores. Vitae aut et dolorem quo suscipit. Molestiae quisquam tenetur est qui doloribus error ipsa.','2013-03-16 10:25:11'),
('424','24','24','Tempora minus et molestiae sapiente ducimus quia tenetur. Quia provident ut ab ut possimus ut iure. Inventore quasi omnis incidunt dolorem aut earum.','2005-04-19 18:33:18'),
('425','25','25','Nostrum harum nam qui laboriosam omnis doloremque enim voluptate. Harum deserunt quis occaecati quasi provident eos ea. Iusto quod magnam illum necessitatibus ratione rerum libero perferendis.','2006-10-14 02:37:06'),
('426','26','26','Beatae at cum dolores dolores consequatur quam asperiores. Beatae fuga harum in repudiandae est aut. Aliquid est ea dolorem dicta.','1983-04-11 04:10:13'),
('427','27','27','Error placeat dolores et incidunt ipsa vero. Adipisci optio quasi id alias sint. Reprehenderit nisi repudiandae sequi quos. Beatae velit ut accusamus.','2000-06-24 00:16:54'),
('428','28','28','Non dignissimos laudantium pariatur voluptatibus voluptatem. Nobis sit modi qui ea officia neque. Ut optio doloremque omnis nesciunt esse dolor.','2018-07-19 20:18:14'),
('429','29','29','Id et tenetur quaerat voluptatem reprehenderit. Voluptatem id minus sint consequatur. Dignissimos recusandae voluptas et in consequatur quod est.','1992-05-19 14:43:24'),
('430','30','30','Voluptas quo rerum est maxime explicabo et inventore. Sit sit sint quas quod. Expedita similique eos ea aut. Labore repellendus et recusandae enim.','2010-05-25 17:52:35'),
('431','31','31','Ut quaerat eligendi soluta exercitationem. Possimus fugit alias qui magnam id. Suscipit ut quia fugiat est ipsa dignissimos qui. Iure architecto maxime facilis nesciunt dolores sit aliquid.','2013-06-28 16:37:14'),
('432','32','32','Est ipsa est pariatur quis dolor sint libero. Ipsum excepturi omnis dolor libero dolorem deserunt molestias. Facilis alias sunt voluptas sunt. Est dolorem nisi voluptatibus.','1985-08-30 22:53:59'),
('433','33','33','Voluptatem nemo nobis est ea. Aut reiciendis totam numquam consequatur accusamus. Quia ex nam et. Et cum deserunt consequatur voluptas natus.','1989-07-26 22:59:39'),
('434','34','34','Molestiae enim quidem est voluptates eaque quam at nesciunt. Aut similique recusandae consequatur aut voluptatem quasi veniam. Et eveniet accusantium labore recusandae facilis sunt.','1976-01-24 04:13:59'),
('435','35','35','Autem sed rem et laboriosam repudiandae ex dolores. Qui eos quia explicabo adipisci aut non eveniet.','1983-05-04 23:46:46'),
('436','36','36','Eligendi sit dicta sit ducimus ut. Quasi laudantium aliquam sapiente dolor voluptas nostrum. Qui praesentium beatae ut praesentium ullam cupiditate soluta.','1988-09-07 16:04:43'),
('437','37','37','Ea dolorem et vero itaque repellendus laborum. Velit in quae voluptas possimus soluta et. Officia vel maxime molestiae itaque distinctio animi. Dolor dolores explicabo enim sit.','2009-07-13 10:42:56'),
('438','38','38','Accusamus quidem minima culpa quo architecto esse veniam et. Quia nostrum repudiandae ut dicta. Neque enim asperiores enim saepe molestiae consequatur vel.','1989-09-24 00:49:26'),
('439','39','39','Impedit est reiciendis maxime ad repudiandae aut facere. Voluptas impedit dolorem exercitationem autem quaerat quia labore. Quia culpa sunt dignissimos tempora sint corporis. Atque sed autem voluptatum ut sed.','1988-04-25 14:09:59'),
('440','40','40','Beatae modi fugiat ut corrupti rerum quia. Eius quasi voluptatum dolorem et vero sed. Blanditiis eligendi aut aut earum optio iure. Ipsum dignissimos rerum qui nulla.','2020-09-04 14:13:37'),
('441','41','41','Et repellat ad qui. Ad repellendus qui voluptas et in. Temporibus quas dolor debitis numquam ad. Magnam eos corrupti placeat enim numquam.','1978-08-21 04:52:20'),
('442','42','42','Est debitis dolorum veniam hic maiores ut expedita. Ut tempore et consequatur qui voluptatibus est. Quod facilis necessitatibus in nostrum.','1985-09-30 00:45:38'),
('443','43','43','Voluptate corrupti eius accusamus sed laborum nihil. Aspernatur ea sed voluptatem praesentium quia quo perspiciatis. Quod ut magnam a totam officia nihil.','1970-03-24 13:07:44'),
('444','44','44','Sapiente et non consequuntur pariatur. Magnam vel vel quia vero ea expedita. Autem voluptas veniam recusandae voluptatibus reiciendis.','1989-01-30 05:54:37'),
('445','45','45','Quod veniam molestias accusamus inventore dicta. Ut temporibus aut ipsa dolore velit.','1991-01-11 08:09:49'),
('446','46','46','Eos est sed rem minus. Aut officia culpa beatae vitae et quia. Et ex saepe beatae optio enim mollitia. Recusandae nulla fugit eveniet rerum.','1992-03-03 08:47:23'),
('447','47','47','Facere quis fugit dignissimos nihil. Quia et saepe quo quia dolor maiores. Sunt ut reiciendis fugiat. Rerum adipisci deserunt quod distinctio ut et inventore.','1996-08-27 14:07:08'),
('448','48','48','Quis quia iure et odit incidunt. In minima laborum at eum. Tempora quia praesentium dolores enim dolores pariatur inventore illo. Amet recusandae odio veritatis. In atque perferendis possimus dolore ea odit.','2010-08-10 12:01:44'),
('449','49','49','Doloribus ut omnis quisquam rerum perspiciatis rerum id. Ut reiciendis ad natus possimus officia. Rerum voluptatem consequatur asperiores maiores architecto esse. Aut aliquid molestiae eos.','2013-05-28 15:24:46'),
('450','50','50','Magnam fugiat odit et in dolore blanditiis quasi ea. Non voluptate sequi ut commodi beatae.','1993-11-21 12:05:27'),
('451','51','51','Voluptatem ratione ut dolorum maiores molestiae dolorem ipsam perspiciatis. Aut suscipit cupiditate sit cupiditate. Est officia similique aliquid omnis recusandae nihil voluptas. Ipsa placeat veniam facilis cumque voluptas.','1992-04-09 14:28:01'),
('452','52','52','Eum rerum quisquam quam velit officiis. Nostrum nemo quaerat quia nihil optio saepe cumque. Nisi qui est impedit beatae dolor ut. Rerum aspernatur dignissimos corporis vero qui voluptas ut.','1992-06-13 20:43:25'),
('453','53','53','Iure est nulla expedita officiis est possimus saepe. Earum quis non ducimus est temporibus. Voluptatem ut quia sunt minus omnis. Officia sit ut voluptatem fugiat. Iusto corporis et dolores sapiente voluptatem dolor.','2011-08-14 12:07:53'),
('454','54','54','Non cupiditate qui nostrum eos est. Est ea ea autem doloremque sed. Omnis aut aut tempora accusantium repellendus est.','1986-05-31 17:12:55'),
('455','55','55','Fugit voluptatem delectus recusandae qui quo aut veniam. Ut corporis repellat ullam. Ut accusamus et ad nobis.','1980-09-24 09:51:29'),
('456','56','56','Repudiandae tenetur excepturi exercitationem molestiae quae. Dolor molestias at accusantium culpa quia. Qui nam consectetur suscipit aut praesentium. Eveniet suscipit iure non pariatur quo et quis.','1972-01-24 04:58:33'),
('457','57','57','Velit consequatur eum perferendis et vitae natus. Est quidem hic fugit perferendis magni.','1991-05-19 07:18:56'),
('458','58','58','Aut veniam et exercitationem dolor ducimus non omnis molestias. Itaque occaecati delectus ipsam voluptatem voluptatem. Sequi veniam voluptatem et in enim sint quia.','1977-10-24 06:15:58'),
('459','59','59','Ad dolorem sed architecto adipisci. Et consequatur praesentium architecto tempora fugit. Enim rerum soluta sit in qui iusto. Numquam unde eligendi officia modi non. Est saepe veniam ea rem dignissimos sed dignissimos.','1986-04-12 04:41:48'),
('460','60','60','Ipsam voluptas et perspiciatis et. Suscipit eveniet et iste omnis consequatur et. Deleniti repellat sunt quia vitae sapiente culpa qui.','1980-12-09 09:03:04'),
('461','61','61','Cumque tempora quia aut. In sunt nesciunt ut consequatur blanditiis et sunt voluptatibus. Et non est officiis soluta aut illo. Eum ipsam non rerum eum expedita aperiam iusto.','1980-08-05 04:02:55'),
('462','62','62','Exercitationem impedit placeat aut dolorem ad qui inventore. Qui fugit minus necessitatibus iste suscipit nostrum sed vel.','2012-05-02 12:44:50'),
('463','63','63','Autem in perspiciatis recusandae consectetur modi incidunt neque fugit. Doloribus nihil corporis dolores aut aut neque quidem. Sunt eos tenetur aut occaecati. Qui sapiente et debitis voluptate ipsa expedita fugit.','2015-08-28 11:42:45'),
('464','64','64','Perspiciatis repudiandae culpa mollitia. Amet quia officiis placeat consequatur sed quos libero iste. Quia delectus quibusdam a facere ex neque. Praesentium quam ab autem earum.','1997-09-26 17:50:10'),
('465','65','65','Rerum quae reprehenderit vel minus consequatur. Et dolor ratione aut iure quam non. Autem officia eum voluptates pariatur enim vel.','1983-07-28 15:00:33'),
('466','66','66','Suscipit veritatis autem possimus rerum consequatur aut laudantium. Non dolorem id commodi aliquid nihil. Amet iste neque deleniti voluptas consectetur.','1974-10-01 11:41:05'),
('467','67','67','Quia omnis est dolor ab rerum. Amet ea laboriosam laborum tempore ut. Vero et repellendus sint ut reiciendis iure corporis.','2015-11-16 17:43:24'),
('468','68','68','Dolores autem enim beatae veritatis. Eum qui harum facilis fuga. Quo possimus architecto deleniti deleniti quae culpa.','2020-05-11 03:15:52'),
('469','69','69','Quisquam asperiores autem ducimus animi. Eum voluptatem perferendis minus et et adipisci omnis. Dolores corporis quas soluta laborum enim sequi laudantium.','1996-10-27 02:43:03'),
('470','70','70','Quaerat non cupiditate velit. Magni quo temporibus quam. Ea itaque et nostrum et et inventore ut. Quia quia repudiandae eveniet alias.','2004-01-07 09:14:23'),
('471','71','71','Facere soluta nisi dolores et. Aut non corrupti sint error doloremque facilis. Non aspernatur eius assumenda tempora voluptatibus.','2019-06-24 07:46:05'),
('472','72','72','Itaque adipisci quos exercitationem sunt consequatur ipsum cum. Quia assumenda voluptates qui est accusantium. Exercitationem officiis nam velit nam et qui et. Nemo facilis quaerat libero facere ex consectetur. Quae autem inventore nihil harum cum.','2003-05-25 06:00:14'),
('473','73','73','Velit eum enim ut hic et architecto nam. Velit nostrum animi exercitationem maiores adipisci. Ipsum cumque voluptas itaque laboriosam veniam praesentium. Qui accusantium ut nam nemo maxime esse a.','1977-04-23 19:56:21'),
('474','74','74','Sed hic sed qui quam deserunt sunt. Sunt porro est est possimus. Culpa magnam pariatur tempore quos sed eum tempora. Quo et vel hic vel nostrum.','1972-09-26 10:15:33'),
('475','75','75','Est quo veritatis totam quia quod. Non ad optio neque excepturi sapiente nihil sapiente. Illum fuga impedit est minus.','2016-08-01 12:41:02'),
('476','76','76','Asperiores eos distinctio ducimus blanditiis qui eos. Vel fugit in iusto reiciendis. Enim qui soluta qui culpa aut autem. Nemo possimus eum quas et. Vel rerum aut in ut fugiat.','2010-02-10 21:07:33'),
('477','77','77','Accusantium saepe quia quis consequatur. Quisquam porro saepe dolores ad. Laborum tenetur consequuntur sed facilis placeat laboriosam at.','1976-06-02 11:56:17'),
('478','78','78','Doloremque maiores numquam possimus. Ut consequuntur rem quo et ducimus. Impedit quam sint aut nostrum.','2008-05-12 16:55:38'),
('479','79','79','Autem soluta perferendis cupiditate repellat quis eum et. Ut dolorem provident dolorem laborum ut cupiditate sunt. Ut eos voluptate doloribus esse voluptatibus amet ea. Est iusto dolorum aut repudiandae ea nisi est atque. Et magnam voluptatem qui consequatur.','1986-04-18 08:12:12'),
('480','80','80','Et inventore sit autem corporis quia ratione nostrum. Aut accusantium enim adipisci impedit. Doloremque expedita modi unde consequuntur ex sit deserunt. Quia in laborum voluptatem necessitatibus maxime rerum tempore.','1996-04-24 15:44:23'),
('481','81','81','Rerum eum deleniti velit recusandae at. Rem itaque quia blanditiis odio vitae rerum quis. Molestiae quo sint ut cumque hic accusamus ut perferendis.','1984-11-08 09:15:29'),
('482','82','82','Commodi et officia quasi omnis. Nobis facilis voluptas non repellendus nihil et. Modi pariatur consequatur qui debitis accusantium velit. Id animi sapiente magnam voluptas pariatur dicta dignissimos natus. Molestiae ut laboriosam quis aspernatur.','1972-12-11 07:13:24'),
('483','83','83','Eveniet recusandae et dignissimos ab. Nesciunt voluptatibus accusantium enim laboriosam omnis. Consequuntur consectetur beatae doloremque praesentium.','2007-11-27 16:01:59'),
('484','84','84','Voluptatem itaque pariatur culpa omnis blanditiis voluptatem odio. Repudiandae reiciendis illo sit et velit omnis minima. Corporis nihil qui esse.','2014-03-25 05:34:21'),
('485','85','85','Veniam distinctio rerum ea et temporibus in. Quia debitis molestiae molestiae est a.','2018-08-10 15:05:59'),
('486','86','86','Et itaque quia quo quo dolor sunt. Tempore labore error et quas ullam enim impedit. Harum delectus et enim saepe maxime. Deleniti magnam id necessitatibus quisquam.','2015-11-23 01:32:31'),
('487','87','87','Rerum delectus consequatur reiciendis voluptate. Ut cum voluptatem adipisci animi quo eos eum. Ut est consequatur voluptate.','1978-04-07 10:10:17'),
('488','88','88','Tempora reprehenderit quisquam autem nisi expedita eveniet. Enim porro odio aut deserunt. Quisquam ipsam omnis magnam delectus suscipit. Placeat et id voluptates fuga ea.','1999-12-11 21:15:00'),
('489','89','89','Maiores consequatur aut cum quos. Ad impedit occaecati adipisci earum quas sit et. Saepe architecto est nesciunt. Aut molestias nisi velit quis consequatur nobis quae.','1983-05-06 23:35:28'),
('490','90','90','Deserunt deserunt odit suscipit expedita earum. Qui maxime officiis similique quis autem. Excepturi ea dolor dolores est. Quia saepe libero voluptas aliquid corrupti aspernatur omnis.','1975-07-29 23:27:58'),
('491','91','91','Alias sit rerum debitis aliquam consectetur nobis. Incidunt iste quibusdam et est quo et ipsam. Accusamus adipisci quae voluptatem similique.','2002-08-23 09:41:41'),
('492','92','92','Et ducimus illo voluptatem omnis optio. Sunt quis ea quis autem. Dolor aperiam quae quaerat nisi non. Consequatur laborum suscipit est.','2019-08-21 22:12:14'),
('493','93','93','Corporis possimus dolorum est. Eius vero doloribus cupiditate. Maiores quis dolore quia suscipit et. Sed odit sit est sunt optio ratione nisi. Quam est quia ea.','2001-08-09 02:31:41'),
('494','94','94','In eaque quasi ea consectetur et. Dolor et dolores qui beatae autem sit iusto dolores. Aut adipisci dolorum voluptates ab eos. Qui numquam nulla sequi sapiente sed sit.','1981-08-10 06:33:55'),
('495','95','95','Et enim qui cupiditate delectus suscipit eaque. Sunt illum provident autem neque.','2005-10-10 15:30:22'),
('496','96','96','Qui esse ut voluptatem itaque dignissimos velit voluptate autem. Consequatur perferendis suscipit vel non.','2000-09-12 04:01:36'),
('497','97','97','Delectus quo ut et inventore a officiis aut. Occaecati perferendis sint dolor occaecati amet quibusdam eveniet. Quia repellat saepe natus corporis debitis.','1972-09-09 14:22:22'),
('498','98','98','Et dolores adipisci ipsum repellendus voluptatem dolore. Expedita maiores dolor perspiciatis impedit cumque culpa. Placeat maiores sunt earum dolorum tempora tempore deleniti.','1973-04-05 20:54:33'),
('499','99','99','Doloremque qui dolorem deserunt magnam ducimus. Culpa iure nihil vel quis. Est illo est unde aut est.','1989-12-24 05:01:54'),
('500','100','100','Eos a quia et et ea voluptatem nihil accusantium. Dolorem rem recusandae tempore est voluptatem. Atque eius possimus nobis.','2012-08-15 10:02:18'),
('501','1','1','Facilis est quisquam vitae delectus molestias doloremque alias nesciunt. Qui iure voluptatem quis non esse. Nihil necessitatibus aperiam ea reiciendis ut fugiat. Harum quis officia et.','2012-01-20 17:51:25'),
('502','2','2','Voluptas aspernatur est autem veritatis. Et qui facilis possimus molestiae. Magnam repellat nobis est delectus voluptatem omnis suscipit ipsa.','1972-08-12 07:12:00'),
('503','3','3','Rerum qui quia itaque neque distinctio eum. Vel repudiandae consequuntur quo. Non facilis in fugit totam.','1987-07-27 18:02:32'),
('504','4','4','Qui molestias voluptas voluptatem dignissimos reprehenderit. Maiores dolores adipisci similique quasi laboriosam. Fuga rerum et expedita qui. Quia ut culpa necessitatibus dolore.','1983-06-01 11:41:56'),
('505','5','5','Sit cumque eaque quidem totam et. Dolor qui aut quis neque nam et voluptatem a.','1974-06-05 01:21:03'),
('506','6','6','Labore et optio dolorem voluptatem veritatis. Molestias consequatur reiciendis unde est qui. Eum non eaque molestias dolorum dignissimos deleniti debitis officiis. Nihil quidem consequatur eos illo.','2010-04-28 01:32:35'),
('507','7','7','Laudantium quisquam nesciunt corrupti alias non. Esse vel non maiores qui praesentium. Tempore sunt recusandae nulla et.','2004-02-26 14:47:39'),
('508','8','8','Molestias sit deleniti eligendi. Cum alias dolores enim sunt et nostrum neque. Dolores qui natus qui harum.','1976-08-18 20:42:00'),
('509','9','9','Est est et placeat voluptatem corporis voluptatem architecto eos. Et aut corrupti velit. Labore et repellendus aut itaque delectus odit. Occaecati quae est optio voluptates sunt ut.','1985-09-08 20:10:11'),
('510','10','10','Officia sapiente omnis fuga. Rerum qui ut cum alias vitae a. Quidem quia voluptatem magni quae assumenda optio.','1976-01-27 05:39:59'),
('511','11','11','Temporibus aut sed provident libero quo. Dignissimos deserunt asperiores alias laudantium praesentium commodi itaque. Exercitationem enim accusamus officia libero.','2020-10-08 11:30:23'),
('512','12','12','Sequi distinctio quam adipisci voluptatum sunt ratione similique. Enim ex eos pariatur incidunt repellat. Voluptatem commodi sequi sed laboriosam id adipisci. Assumenda dolor aspernatur eaque quasi ipsum velit quasi sed.','2002-03-30 22:17:17'),
('513','13','13','Dolorem voluptatem vel id nemo. Deserunt quasi repudiandae quis quae error consequatur eveniet. Sint aperiam qui dolorem ex voluptatem dolorem. Aut incidunt velit ut qui.','1990-08-11 13:39:27'),
('514','14','14','Dolores corrupti corporis modi culpa eveniet quia. Quia nisi quo qui eveniet ea ad. Nisi ut qui voluptates. Vel odit fugit et ut quidem veritatis.','1983-10-05 20:52:05'),
('515','15','15','Non dolorum dolorem in ipsa totam eveniet doloremque. Iste qui adipisci debitis non. Maxime numquam qui sapiente aut sit et officiis.','1983-06-27 01:59:19'),
('516','16','16','Quam aperiam et voluptatem ut voluptatem et at. Ex ut quos voluptatibus mollitia cum. Consequatur consectetur ad voluptatem quidem. Eos sint et quis.','1990-02-15 05:26:28'),
('517','17','17','Expedita architecto non sed vel et rerum. Enim voluptas corporis eum debitis odit. Asperiores doloribus et perferendis maxime nemo voluptas fuga vero. Maxime possimus aut cupiditate sed.','1978-03-28 05:33:33'),
('518','18','18','Nihil provident consequatur voluptas quasi. Quae molestiae eos consequatur et. Harum unde magnam rem libero repellat.','1990-12-02 15:36:44'),
('519','19','19','Consectetur laudantium fugit voluptatem qui quisquam recusandae. Nobis repellendus est exercitationem magni voluptatem fuga. Quos non voluptas ullam non saepe laboriosam. Velit esse fugiat accusantium.','2013-07-09 15:57:37'),
('520','20','20','Est laboriosam sint magni sint blanditiis id pariatur. Provident est ut sed atque nobis ut dolorem at. Porro sit reprehenderit voluptates.','2019-02-06 16:46:06'),
('521','21','21','Velit necessitatibus suscipit minus dolorum accusamus est doloremque natus. Perspiciatis voluptatem nesciunt natus natus omnis. Libero esse rerum quia.','1995-07-21 22:36:02'),
('522','22','22','At quod facere vel. Molestiae exercitationem sit dolorum incidunt. Minima et molestiae sequi saepe.','1983-09-24 09:58:26'),
('523','23','23','Tempore earum nulla occaecati qui. Vitae dignissimos consectetur repellendus doloribus temporibus nam quos. Quia cupiditate voluptatibus dolor.','1988-03-14 09:43:02'),
('524','24','24','Qui aut accusamus praesentium non ut. Totam ipsum aut fuga amet ea aut. Ut velit quod vero qui.','1978-03-30 01:15:00'),
('525','25','25','Est quo in expedita nam impedit. Aut deserunt velit ullam consequatur maxime facere incidunt. Tenetur fugiat aspernatur quia. Voluptas consequatur sit aut commodi deleniti.','1978-05-13 10:33:40'),
('526','26','26','Soluta beatae autem eos ad sed consequuntur molestiae. Omnis voluptas vel quae. Consequuntur necessitatibus molestiae quidem magni vel est facere dolorum.','1990-04-07 07:59:13'),
('527','27','27','Enim est eius veritatis nemo eos voluptatem omnis et. Animi quo praesentium voluptatibus optio. Consectetur sit ex nesciunt tempora vero magni quia. At nobis laboriosam temporibus.','1987-09-01 12:39:53'),
('528','28','28','Et exercitationem numquam cumque eum earum eum. Deleniti impedit qui enim. Laborum corporis labore est a quo eum velit magni.','2019-06-02 23:23:47'),
('529','29','29','Commodi repellendus vero eius architecto velit. Molestiae earum sint quod nihil facere officiis assumenda. Qui molestiae consequatur ad aut et est dolorem. Magnam in ea suscipit suscipit omnis odio eius sunt.','1986-12-10 21:18:22'),
('530','30','30','Neque perferendis odit est aut sit consequatur maiores. Pariatur dolores libero ut ut culpa. Debitis quaerat tempore facilis dolores aut quia.','1998-02-15 07:03:38'),
('531','31','31','Rerum enim hic dolorem quo mollitia consequatur. Fugit similique amet est repellendus vel. Est molestias odit qui voluptatem ut dolorem recusandae.','2005-10-15 16:33:46'),
('532','32','32','Expedita quam quis ex amet. Ipsa dolore fugiat qui ab mollitia voluptatem voluptas cum. Inventore consectetur molestias nulla et fugiat possimus facilis.','1999-10-18 17:47:59'),
('533','33','33','Exercitationem est quis magni eius. Omnis itaque praesentium aut minima ad. Et consequatur nostrum ut incidunt dicta necessitatibus. Sapiente adipisci iste accusantium omnis ut soluta.','1982-11-05 17:26:17'),
('534','34','34','Vero accusamus velit aut consequatur. Quo ducimus dolores ut consectetur laboriosam accusantium quas. Quia ipsa optio velit vel.','1981-04-18 10:30:46'),
('535','35','35','Quae sapiente natus numquam. Atque ut omnis aut voluptas quidem. Est a et commodi ab molestias voluptatem. Dignissimos rerum dolores sunt consectetur molestiae aut.','1970-10-01 03:20:13'),
('536','36','36','Ex excepturi sed corporis ut repellendus. Aut corrupti deserunt ut distinctio. Culpa dicta iste sit a voluptatem non.','1985-06-06 21:34:27'),
('537','37','37','Rerum natus sint eius optio. Aut quisquam et doloremque quis similique vel.','1990-09-29 17:22:46'),
('538','38','38','Alias eum repudiandae illo velit itaque dolores. Officiis consequatur facere fuga dolorem similique. Commodi est ut sit et illum dignissimos suscipit. Quod aut et esse quo molestias occaecati.','2015-09-06 00:07:23'),
('539','39','39','Aliquid reprehenderit eos sint ab aliquid quae. Vitae iure voluptas odio perspiciatis. Quia illo nobis voluptatem tempora dignissimos. Alias voluptatem dolore enim voluptatum sint ducimus et sapiente.','1975-12-18 18:59:36'),
('540','40','40','Quo ratione aperiam repellendus rem. Et odio nam qui explicabo quidem id voluptatem culpa. Quod cupiditate minima ab iusto neque sunt cum.','2016-02-12 03:40:31'),
('541','41','41','Numquam dolores esse vel. Mollitia ad repellendus et nihil repudiandae. Odio est ut vel libero dolorem consequuntur quisquam. Rerum qui iste laboriosam facilis qui nulla repudiandae.','1992-06-01 14:20:36'),
('542','42','42','Reiciendis ad quia voluptatem reiciendis eligendi aut. Ea dolor ut tenetur. Et corrupti facere quis nihil. Omnis sint voluptatem architecto optio assumenda cumque dolorem.','1994-05-09 16:12:04'),
('543','43','43','Debitis et corporis velit temporibus. Quasi maxime est ut unde dignissimos nobis est vitae. Officia voluptate veritatis iure voluptate velit impedit.','1971-07-31 01:27:45'),
('544','44','44','Non expedita odio accusamus quae. Et eligendi aut sit tempore incidunt consequatur consequatur. Nihil laudantium ad optio velit libero. Qui est adipisci aut adipisci.','2010-03-04 04:21:29'),
('545','45','45','Aperiam quas similique atque est. Impedit reiciendis est nostrum sit necessitatibus ut. Dicta nisi aliquid perspiciatis.','1995-07-12 10:00:22'),
('546','46','46','Repudiandae enim est et ipsam in culpa. Voluptatem excepturi placeat eius amet. Enim in quo sed quia. Dignissimos sequi ex qui id odio consequuntur adipisci.','2003-09-18 03:09:07'),
('547','47','47','Qui atque dolor quasi corrupti nesciunt. Quia nulla labore voluptatem possimus in eum veniam. Facere tempore exercitationem non et inventore omnis voluptatem. Ipsam aspernatur exercitationem atque iste neque. Voluptas et est voluptates et repellat.','1992-07-29 08:06:00'),
('548','48','48','Ut molestias et sit harum sunt. Omnis sed vero perferendis qui sed eos. Delectus et pariatur excepturi iste iure consequuntur repellendus.','2011-11-29 14:24:16'),
('549','49','49','Distinctio fuga nihil animi reiciendis. Ab omnis aut eius a ullam veniam. Soluta accusamus incidunt autem quia dolor voluptatibus. Beatae porro velit quidem magnam mollitia saepe commodi.','1985-03-16 21:23:08'),
('550','50','50','Dolor cupiditate est molestiae soluta ex et. Repellendus sunt eum commodi voluptas praesentium. Laudantium eum ex soluta qui iusto qui molestiae. A et ipsa iure assumenda sed.','2019-07-19 00:08:56'),
('551','51','51','Rerum enim inventore qui quas et eius. Temporibus officiis vel et sint qui et doloremque. Incidunt molestiae sed quos et placeat nihil dolores. Cupiditate suscipit quasi tempore velit voluptatem velit quis.','2000-09-15 19:10:45'),
('552','52','52','Et quasi hic expedita optio quidem. Rerum quis libero enim optio qui asperiores in. Necessitatibus qui doloremque impedit eius enim laborum. Sunt distinctio quae doloribus voluptatem. Id voluptatibus asperiores soluta pariatur.','1988-03-02 02:56:51'),
('553','53','53','Molestiae in architecto ducimus exercitationem quia. Ipsam inventore aut iusto quidem repudiandae repellat. Et molestiae nemo totam est ut hic. Quia perspiciatis est laudantium.','1989-01-19 05:09:35'),
('554','54','54','Dicta exercitationem aspernatur sed quos commodi ab non qui. Deleniti saepe voluptas quisquam officiis vero voluptas. Numquam similique aspernatur neque est distinctio totam in.','2002-11-02 02:46:27'),
('555','55','55','Et ad sint natus delectus est dolorem. Occaecati quaerat sint sed sunt ut repudiandae. Aut omnis voluptatibus beatae voluptatem quia esse.','1981-12-18 10:00:12'),
('556','56','56','Et repellendus placeat fugit illo veritatis quas. Odio optio fugiat itaque illum vitae cum nesciunt. Accusamus voluptatem qui aspernatur labore laboriosam ex in.','1974-09-22 01:52:29'),
('557','57','57','Quibusdam ut aut natus laborum et sunt. Praesentium voluptatum expedita magnam tempora maxime.','2014-03-22 12:19:07'),
('558','58','58','Cumque fuga nam reiciendis aspernatur tempora aut. Ut sit accusantium sit eveniet qui fugiat. Necessitatibus dolores molestiae et. Illo minima quod quos eum debitis non doloribus.','2001-03-18 21:54:37'),
('559','59','59','Sit dolores et et inventore sequi. Odio ad aut sit in maxime illo aliquam. Pariatur alias aliquid voluptates dolores nihil qui.','2018-07-03 14:26:46'),
('560','60','60','Quae quae eaque corporis fugiat qui enim sapiente. Aliquid ipsa ea et modi. Est amet suscipit quo corrupti. Adipisci maiores eum consectetur corrupti cupiditate atque.','2011-07-08 02:09:23'),
('561','61','61','Optio ut mollitia ducimus et ea iusto. Est ea dolore fuga odio omnis repudiandae. Ab sed ab et ea.','2010-12-07 18:51:23'),
('562','62','62','Et minima enim dignissimos est nesciunt. Labore ratione cum sed doloribus.','1988-05-13 02:28:03'),
('563','63','63','Numquam qui vel sequi voluptatum et. Quam ut ducimus pariatur voluptatem qui in. Doloribus dolores nemo praesentium molestias.','2017-12-27 09:56:27'),
('564','64','64','Sed odio id voluptatem dicta. Eos et ea sint delectus dolorum et et. Aperiam ut dolores quibusdam cupiditate neque et est.','1973-12-11 01:59:24'),
('565','65','65','Architecto velit repellendus nisi id dolor autem qui iusto. Illo voluptates saepe tempora iste quia quaerat. Explicabo dolorum amet possimus ipsa. Et aut enim in quaerat.','1972-12-21 08:30:32'),
('566','66','66','Fuga est non in illum fuga. Odio quas dolores fuga blanditiis eos veritatis sequi. Dolorum accusamus provident temporibus omnis. Iusto voluptates odit maiores at numquam culpa et.','1995-03-18 08:19:00'),
('567','67','67','Autem necessitatibus sed minima magni unde dolorem autem. Voluptates quidem aliquam et voluptatem qui totam est. Possimus tenetur aut nulla harum doloribus sunt dolorem. Quo aliquam est accusantium non voluptas inventore et.','2012-12-01 10:02:48'),
('568','68','68','Et maiores in delectus quo non quaerat. Et nobis odit sit voluptate. Omnis dolorum neque eum expedita dolor consectetur itaque. Ipsa veniam sunt et et.','1978-01-29 14:47:45'),
('569','69','69','Ab tenetur facere ut non. Quibusdam natus odit necessitatibus recusandae.','2008-02-18 17:25:49'),
('570','70','70','Asperiores accusamus tempora maxime nulla et consequuntur omnis odit. Dolorem veritatis ea minus tempora voluptatum sint accusamus. Expedita exercitationem similique omnis numquam temporibus. Similique est facilis in officia quas est.','1984-06-18 22:30:51'),
('571','71','71','Mollitia voluptas fuga quidem voluptatibus. Adipisci voluptatem fugiat rerum quis id libero. Suscipit impedit aut provident necessitatibus autem. Voluptas et magni ut esse quod eaque quas.','2016-04-04 00:41:41'),
('572','72','72','Ullam sunt atque dignissimos cum nam. Nesciunt quia ut accusamus est autem porro rerum. Nemo omnis non excepturi. Nostrum ab porro reiciendis nisi. Non laboriosam adipisci praesentium porro necessitatibus consequatur cum.','1975-06-12 14:38:52'),
('573','73','73','Cum ut rerum dolorem minima ut impedit rem. Adipisci ipsa incidunt laudantium optio reprehenderit tempora id tempora. Ut itaque voluptatem iste ut molestias qui sed. Vel magni illo minus porro.','2010-09-10 07:21:12'),
('574','74','74','Minima laborum dolorem qui sit delectus nostrum aut. Explicabo sed inventore sint sit aliquid eum. Facilis deserunt libero ipsa. Consectetur qui praesentium quibusdam laborum iure.','1971-04-23 02:26:15'),
('575','75','75','Consectetur enim ea et non. Ut nisi assumenda adipisci provident. Porro sit sapiente beatae eligendi laudantium et.','2010-05-22 13:52:14'),
('576','76','76','Totam enim et labore aspernatur nostrum eos expedita. Qui tenetur molestias libero sint excepturi consequuntur eaque impedit. Consequatur consequuntur placeat et excepturi perspiciatis.','2001-01-06 00:15:56'),
('577','77','77','Aut omnis dolore rerum et quo voluptas rerum. Velit ut incidunt pariatur error iusto qui animi. Quo sapiente quod temporibus provident.','2018-05-10 15:17:18'),
('578','78','78','Veniam a dolores deserunt voluptate omnis dignissimos numquam. Labore culpa dolorem aspernatur id. Repellendus sit culpa magni aperiam doloremque laborum.','1982-09-23 13:38:41'),
('579','79','79','Recusandae qui quisquam dolores possimus molestiae. Laborum dicta quo consequatur quidem aperiam non itaque. Sed libero saepe voluptatum. Doloribus voluptas est voluptatum aperiam.','2017-09-16 20:02:17'),
('580','80','80','Dolorum et dignissimos quis itaque eius velit. Id sit eos est sed. Ab repudiandae facere deleniti sit. Praesentium minus enim alias cupiditate.','2019-08-11 14:32:05'),
('581','81','81','Quia nostrum eos dicta ipsam libero. Exercitationem non et dolore eum.','2009-07-21 15:55:39'),
('582','82','82','Recusandae et veritatis qui vel. Quod maxime officia occaecati blanditiis. Quo esse nemo reiciendis ut ipsum tempore. Ducimus rem dolorem minima soluta at voluptatem consequatur vero.','1980-08-14 20:13:53'),
('583','83','83','Fuga sit rerum vel est animi. Aspernatur veritatis harum excepturi. Tenetur quo iusto sed possimus tempore esse. Culpa doloremque aut quia corporis.','1975-10-16 01:36:46'),
('584','84','84','Veritatis enim placeat velit et voluptatibus ea inventore. Facere quos laudantium qui. Dolorem velit pariatur tenetur sunt molestiae.','1984-09-18 02:11:28'),
('585','85','85','Natus eligendi totam voluptatibus ipsa. Ex perspiciatis eos doloremque facere cum. Nam qui iure et est voluptatem dolores.','2004-04-06 17:16:57'),
('586','86','86','Aut eum doloremque dolorem et doloremque. Est repudiandae explicabo eius. Amet alias accusamus et harum dolore.','1977-03-03 10:56:14'),
('587','87','87','Reiciendis exercitationem rerum delectus quo inventore. Vel tempore qui est aliquid illo nihil. Tenetur natus nesciunt aperiam sit nostrum qui. Cupiditate illo voluptatem maxime velit assumenda.','2015-08-31 09:28:25'),
('588','88','88','Sequi doloremque est ab perspiciatis. Modi reprehenderit facilis dolor aut facilis quis eum error. Numquam temporibus tempore et ullam quis et dolorum voluptate. Qui qui minima voluptatem consequatur sit sapiente asperiores.','1982-12-05 18:25:46'),
('589','89','89','Distinctio dicta sit voluptas tempore similique culpa. Vitae et consequatur ut odit magnam amet. Dolor enim hic quis.','1981-05-12 14:46:42'),
('590','90','90','Eos ipsam rerum aliquid. Optio aut a qui ut magnam occaecati. Quas possimus asperiores eum deserunt debitis. Et est natus est esse perspiciatis eos. Rem alias recusandae numquam est dolorem.','2002-09-06 21:19:18'),
('591','91','91','Dolor dolore officiis porro sed quo. Eaque minus consequatur dolorem tenetur rerum rerum. Reprehenderit recusandae est unde corrupti qui dicta. Sit sed consectetur qui repellendus dolorem quo laboriosam.','1985-11-27 13:57:49'),
('592','92','92','Officiis libero asperiores reiciendis nesciunt dolore. Fugit suscipit praesentium eum recusandae. Eum ratione perspiciatis ipsam iure. Non consequuntur consectetur harum pariatur adipisci.','1986-07-14 01:36:42'),
('593','93','93','Asperiores dolor sit est eos nihil eius ut. Porro alias qui voluptas sapiente. Magni asperiores corporis fuga unde aliquam.','1972-02-08 04:14:24'),
('594','94','94','Nam reiciendis laborum ut excepturi. Qui quasi minus ut aspernatur hic minima molestias. Est accusantium reiciendis voluptate.','1987-01-14 00:08:49'),
('595','95','95','Labore repudiandae voluptas cumque consequuntur aliquid non qui. Est ea cumque est. Sed nihil explicabo non blanditiis eius officia velit. Ea consectetur magnam enim atque accusamus accusamus qui unde. Nobis ullam rerum et sit ipsa commodi.','1980-04-29 12:35:56'),
('596','96','96','Ea aut est accusamus totam facilis. Fuga unde nobis incidunt dolor.','1988-07-27 12:36:25'),
('597','97','97','Cupiditate et eum qui totam. Aut voluptas sit occaecati sit. Exercitationem totam laboriosam vel laudantium molestiae voluptatem sit. Deserunt ut voluptatem et aperiam minima.','2008-10-12 17:54:38'),
('598','98','98','Minus id tempora labore quia explicabo repudiandae. Suscipit enim non labore et voluptates. Et architecto quaerat molestiae voluptates. Illum tempora maiores ea neque enim ut.','2008-09-04 07:00:30'),
('599','99','99','Ut culpa omnis voluptas eos saepe. Rerum nulla repellendus sit magni sit. Alias porro ipsam vel nemo et.','1977-07-11 01:03:11'),
('600','100','100','Asperiores laborum mollitia voluptatem iure aut ratione autem. Itaque sunt impedit voluptatem voluptatibus tenetur. Consequatur deserunt quisquam molestias vero eveniet amet et.','2011-10-06 23:51:37'),
('601','1','1','Voluptas sunt enim deserunt. Voluptatem rerum et rerum molestias voluptatum sunt et. Voluptatem est harum totam placeat rerum ipsam illo magni. Aspernatur harum rem corrupti magnam.','2013-11-26 09:58:13'),
('602','2','2','Et ut quia autem temporibus temporibus. Aliquam beatae doloremque dolorem et sapiente minima corporis. Error exercitationem ut molestias et. Fugiat tenetur vel et dolorem asperiores in atque.','2020-08-15 02:14:47'),
('603','3','3','Nostrum ipsa molestiae sit dicta iste. Maiores sint molestiae dolores qui omnis ullam provident. Saepe vero enim error consectetur corrupti in cupiditate distinctio. Incidunt dolor explicabo dolore delectus fugiat.','1971-12-21 23:21:57'),
('604','4','4','Qui vero facere ex. Eaque molestiae eveniet necessitatibus ab fuga sunt. Illum magni eum a rerum aut est velit.','2008-11-09 09:00:17'),
('605','5','5','Velit reiciendis saepe eius quo id tempore adipisci sit. Soluta enim nobis doloribus hic exercitationem qui. Qui delectus rem nemo fugiat. Et aut explicabo et beatae minus.','1986-03-16 17:05:07'),
('606','6','6','Sunt qui sed id enim facilis. Nam quae quia accusantium sapiente aliquid facere.','2018-12-05 07:13:14'),
('607','7','7','Provident facilis doloribus culpa possimus. Sapiente nam dolores dolorum qui in consectetur. Vel dolorum quia veritatis quis.','1983-06-25 08:20:13'),
('608','8','8','Minima soluta enim cupiditate dolor aut dolores unde. Est harum voluptatem voluptas sunt sunt. Ut necessitatibus voluptatibus incidunt.','2005-05-14 21:37:02'),
('609','9','9','Quo earum officia quo beatae aut odio in tenetur. Ratione quia dolores et possimus vel sequi sit. Eius non et iste beatae aperiam et tempora. Possimus quia debitis nobis dolorum excepturi. Eveniet sint quia cupiditate repellat et nostrum.','2001-12-09 09:26:03'),
('610','10','10','Eum in sint voluptates esse et libero. Deserunt veniam eum id voluptatem maiores. Aspernatur sed eum dolores et facere est est officiis. Sequi magni sequi non deleniti nihil accusantium provident dolores.','2004-10-01 21:12:22'),
('611','11','11','Fuga alias assumenda autem. Hic rerum unde necessitatibus expedita. Sit rerum perspiciatis laboriosam corporis aperiam. Saepe quia ipsa beatae est.','1990-08-16 02:12:46'),
('612','12','12','Inventore iure assumenda veniam sit facere tempore. Voluptas eius explicabo vel quia. Debitis deserunt qui qui. Ex ea hic repellendus id aliquid.','1982-03-11 20:04:46'),
('613','13','13','Pariatur aut eum vero enim aut doloremque consequatur aut. Qui consequatur quam eius ipsum. Quis inventore animi aliquid fugit ut fuga quae.','2004-08-19 18:19:17'),
('614','14','14','Et excepturi consectetur modi sapiente. Reiciendis eum autem itaque soluta commodi placeat. Molestiae earum veritatis veritatis dicta eum nisi.','2006-03-18 23:11:43'),
('615','15','15','Optio eos et sunt esse omnis. Ipsam eaque est voluptatem vel a. Repellendus corporis repellat est iste nesciunt consequatur ratione.','2008-07-06 15:04:04'),
('616','16','16','Accusamus quo est incidunt ab culpa. Sapiente iusto ut dolores consequatur. Labore tenetur quia vel aut.','1989-09-25 04:09:27'),
('617','17','17','Fugit perspiciatis et enim dolore ex est et quo. Quis beatae laboriosam minima voluptas in voluptas. Ut sit adipisci occaecati. Dicta ex molestiae corporis culpa harum.','2012-08-05 21:01:29'),
('618','18','18','Ducimus commodi aut voluptas velit in harum ut similique. Aliquid id rerum ipsum nihil inventore consequatur. Sit sequi laborum nam dolorum quaerat.','1988-09-25 02:26:59'),
('619','19','19','Qui consequatur vel in ut totam. Quam id quas quibusdam sint sed deleniti ullam. Voluptatibus rerum sint eligendi similique.','2000-05-05 21:41:27'),
('620','20','20','Quas quod dolore alias accusantium. Sint tempora distinctio ea. Qui fuga doloremque id fuga et tempore vel.','1983-08-22 05:07:16'),
('621','21','21','Molestiae ut accusamus suscipit et veritatis excepturi. Dolorem ea molestias molestias iste expedita voluptatum quidem. Provident nostrum iusto ea error iusto odio voluptates. Nihil aspernatur consequatur modi cum. Nisi ut quaerat placeat autem aut eaque vero.','1997-11-09 22:18:13'),
('622','22','22','Temporibus magni fuga voluptas. Dolore rem nihil modi est in et qui. Minima minima eos libero incidunt facilis sed velit.','2016-11-23 07:55:04'),
('623','23','23','Nisi aut excepturi illum sint unde necessitatibus quaerat enim. Et blanditiis inventore sapiente voluptas labore aliquam. Et odit iusto dolor et voluptatem minus.','2006-12-05 01:55:07'),
('624','24','24','Vel quod autem repudiandae. Consequatur sit sit accusantium praesentium magnam ut magnam doloremque. Aut ea magni praesentium corrupti et autem.','1978-02-07 17:33:21'),
('625','25','25','Quos laudantium recusandae sed quo velit fuga. Qui voluptatem dolorem ut qui. A velit ratione repellendus quia at culpa. Molestiae saepe minus placeat possimus.','1979-09-04 04:00:49'),
('626','26','26','Aperiam sequi sit et. Nobis laudantium libero velit aspernatur. Tempore aut enim tempore odit. Tenetur nam assumenda quidem amet.','1971-04-17 18:08:46'),
('627','27','27','Velit ratione minus et odio quos. Et magnam quia ea iusto. Nisi itaque eaque harum quia est voluptatem vitae. Non deleniti sed aliquam distinctio.','1983-01-28 12:39:49'),
('628','28','28','Quibusdam mollitia sunt qui aut qui dolorum. Quod assumenda ad consequatur eaque voluptate magni aut. Est earum et rerum deserunt.','1995-12-21 01:13:18'),
('629','29','29','Voluptatem quaerat harum rerum quia. Laborum blanditiis quas aperiam numquam quibusdam ea. Voluptatem autem voluptate modi a ullam.','1978-09-10 03:16:52'),
('630','30','30','Eos totam voluptas nobis consequatur blanditiis. Occaecati fuga perspiciatis sunt sit. Est consequuntur sed sapiente facilis totam. Harum doloremque repellat consequuntur est accusamus.','1979-10-24 15:23:00'),
('631','31','31','Deleniti est illo dolore quasi nihil. Eligendi rerum tenetur libero accusamus. Dolore animi dolore voluptas est. Porro aut autem nisi et autem et praesentium.','1985-10-13 05:43:22'),
('632','32','32','Sed voluptatem suscipit neque ea in et commodi. Ipsum accusamus necessitatibus ipsum non impedit. Facere sint officiis consectetur rem reprehenderit est. Velit nobis repellendus corporis rerum quia adipisci ipsam.','1986-04-03 17:37:12'),
('633','33','33','Eos dolor neque sapiente porro. Cupiditate dolorum atque eos repudiandae et illo illum. Et eaque recusandae error quaerat modi et.','2019-09-10 14:46:27'),
('634','34','34','Eum earum aspernatur perspiciatis consequuntur. Id quisquam deleniti deleniti illum similique et. Reiciendis doloremque quia saepe consequatur labore. Quibusdam esse sunt molestias eaque eos.','2006-07-27 13:26:50'),
('635','35','35','Deleniti molestiae eaque ex molestiae architecto. Tempora repudiandae qui voluptatem amet. Quaerat voluptatem et sint dolor. Id saepe voluptatibus praesentium odio eligendi.','1985-10-01 23:24:23'),
('636','36','36','Dolor sit asperiores et deleniti adipisci sint. Illum ut quia maxime aut tempore.','2000-09-22 20:06:51'),
('637','37','37','Dicta molestiae hic atque. Laborum commodi enim ut nisi maxime quo iure ea. Molestiae omnis dignissimos consequuntur.','2003-11-18 03:55:14'),
('638','38','38','Corporis suscipit ad unde accusamus consequatur eos. Cumque sapiente et dolor a. Omnis ut sed nemo et atque repellat dolor.','2010-06-20 18:36:59'),
('639','39','39','Molestias molestiae iure enim beatae voluptas ducimus sit. Consequatur eaque eaque provident dicta aut quasi non. Quasi ullam vel et nisi sit.','2000-07-06 00:40:27'),
('640','40','40','Natus aliquid ea magnam aut illo vitae. Reprehenderit iusto dolore eos eum accusantium. Ut earum aut soluta ratione suscipit distinctio blanditiis. Mollitia temporibus esse provident animi est. Illum beatae ut esse numquam odio.','2016-05-19 09:35:56'),
('641','41','41','Et est qui ex delectus quas et. Porro iusto corporis ipsam. Qui voluptatum aut laudantium inventore. Officiis enim eius placeat tempora.','1992-10-14 21:54:26'),
('642','42','42','Qui eius facere et totam nostrum harum. Dicta ea aut quam hic. Quia praesentium porro autem commodi magnam. Et quia hic eius ullam sit consequuntur aut quos.','1994-08-12 23:12:04'),
('643','43','43','Et est reiciendis minus nisi id corporis eius quia. Quos enim aut rerum aut voluptatem et ad. Maiores cumque dolorem nesciunt vitae enim rerum.','2016-09-03 17:46:29'),
('644','44','44','Ut pariatur iusto deserunt sed nemo nam. Nihil sit numquam nulla possimus ipsa consequuntur ab. Mollitia enim non autem non omnis natus iure. Expedita placeat non voluptatem vel necessitatibus enim vitae.','1994-06-08 09:05:37'),
('645','45','45','Ut officia laboriosam numquam enim. Quisquam illum qui ipsum. Non explicabo ut dignissimos vero eius laboriosam eos. Voluptatibus a distinctio adipisci qui itaque harum.','1987-08-22 03:48:42'),
('646','46','46','Dolores dolores corrupti quis neque temporibus labore. Fugit consectetur nostrum sunt debitis asperiores ullam. In doloribus asperiores dolorem cupiditate ipsum ex doloremque. Cum doloribus modi explicabo aut earum ex.','1990-01-16 09:52:13'),
('647','47','47','Id pariatur deserunt eligendi quo velit. Velit ut nisi officiis ut et a assumenda.','1982-06-30 18:07:11'),
('648','48','48','Perferendis blanditiis ratione nostrum. Qui quia nobis provident modi deserunt dolorem facilis. Nemo dicta molestiae deleniti voluptate molestiae iste omnis. Voluptatem provident quas culpa.','2019-02-17 00:42:06'),
('649','49','49','Aut ea maxime cumque voluptatem vitae. Eum deleniti nihil repellendus et sint. Tenetur et cumque maxime veniam et minima.','1981-07-01 06:03:30'),
('650','50','50','Est commodi non rerum vero ex nam porro. Reiciendis est sit quaerat ullam ipsum beatae. Itaque dolor voluptates repellat odio. Et nesciunt asperiores quam qui animi.','1991-01-21 08:41:36'),
('651','51','51','Pariatur dicta optio aut delectus aliquam mollitia. Voluptatem a modi repellendus ea officiis. Debitis neque iste est.','1992-12-07 16:37:12'),
('652','52','52','A quam saepe perferendis cumque eum. Sapiente quas sed esse similique fugit molestiae. Aspernatur quia nisi deserunt dolor repellendus aliquid occaecati. Voluptas cumque fugiat officiis sequi ut.','1994-11-10 07:14:39'),
('653','53','53','Eaque neque aperiam autem impedit quos. Praesentium est ducimus sint ea placeat dolore quis blanditiis. Quisquam quisquam fugiat est. Incidunt omnis laboriosam occaecati in.','1974-07-06 06:58:57'),
('654','54','54','Aut ab sit dignissimos rerum officiis alias autem. Qui explicabo consequatur maxime consequatur nihil. Quidem et sit ea eum.','1997-04-26 22:33:02'),
('655','55','55','Officia id repudiandae voluptatibus nobis velit. Quasi autem ex quaerat itaque est.','1989-04-16 01:58:34'),
('656','56','56','Officia itaque quas ratione ut voluptas id. Enim et non inventore. Et consequuntur tenetur ullam nihil aut.','1974-06-04 00:54:33'),
('657','57','57','Eius ad eveniet aliquam est cupiditate. Repudiandae eum omnis excepturi voluptas suscipit. Veniam repellat voluptate quisquam qui. Ipsam nisi sit voluptate minima fugit ab quod quis.','1974-05-08 11:26:34'),
('658','58','58','Excepturi quidem quis quod qui aliquam vel numquam. Suscipit aliquid et facere.','2001-01-16 12:01:54'),
('659','59','59','Omnis tempore iure dolor voluptatibus voluptas. Soluta aut quidem occaecati officiis accusantium. Dolor doloribus officia doloremque. Optio tenetur non esse ut.','2005-10-19 22:48:06'),
('660','60','60','Ut omnis eum quo. Rem explicabo voluptas laborum asperiores voluptatibus quis. Suscipit impedit labore fuga vitae.','2015-01-11 08:22:02'),
('661','61','61','Nam dolorem soluta molestias optio nihil id. Accusantium animi eligendi et necessitatibus molestiae. Modi et natus dolorem explicabo.','1980-03-01 07:25:34'),
('662','62','62','Explicabo consequuntur officiis in sit sit. Voluptates harum repellendus occaecati recusandae quos. Doloribus mollitia aliquid sed voluptates molestias. Et libero eum dignissimos non consequuntur quisquam. Qui molestias saepe iusto doloribus iste porro.','1971-09-02 11:16:23'),
('663','63','63','Iusto quidem non commodi et voluptatum voluptate. Nemo voluptatem quo ad repudiandae soluta culpa. Non eum dignissimos dolores quia asperiores.','2010-09-09 14:24:16'),
('664','64','64','Sunt odio recusandae suscipit eum consequatur maxime temporibus. Odio repellendus rem fugit ad libero. Magnam est asperiores quis. Blanditiis laudantium vero est rerum rem.','1981-03-16 08:15:45'),
('665','65','65','Reprehenderit molestias animi sequi reiciendis in ut. Accusantium inventore sint necessitatibus corrupti. Iste et exercitationem debitis aut.','2003-03-16 21:03:48'),
('666','66','66','Numquam nesciunt officiis aperiam explicabo qui fugit necessitatibus. Debitis commodi ut ut quas consectetur. Quia laborum aspernatur voluptatum aut sint modi veniam. Omnis aliquid alias dolorum totam sunt sapiente incidunt rerum.','1972-08-23 23:24:36'),
('667','67','67','Consequatur et quaerat voluptatem eum commodi repellat. Culpa tempora qui quia recusandae aut ut. Quis aut non doloremque voluptatem perferendis.','1982-09-23 00:43:37'),
('668','68','68','Culpa molestiae ut minima sit fugiat dolores quis quia. Totam modi atque voluptas magni unde saepe. Ratione modi et esse sed ipsum omnis.','2013-11-26 15:03:51'),
('669','69','69','Eveniet earum enim nobis accusantium rerum. Quod quos iste autem quas. Qui mollitia autem in explicabo autem architecto. Repellendus doloribus deleniti harum esse ad officia.','1976-01-03 20:58:40'),
('670','70','70','Eveniet enim ut molestias voluptate. Iste corporis temporibus delectus consequuntur iure qui. Numquam quaerat ratione ut eos. Voluptatem quam ut ipsum voluptas quia est sunt. Dolores qui minus et.','2007-04-27 19:15:26'),
('671','71','71','Itaque dolor optio hic reprehenderit nihil fuga et. Dolore atque odio sunt sed aut consequatur. Error nihil aperiam consequatur.','2001-04-19 08:04:44'),
('672','72','72','Totam qui eos sed nulla cumque magni. Reprehenderit earum sed aut. Quia accusamus vero et praesentium veniam reprehenderit corporis id.','2008-12-05 18:48:13'),
('673','73','73','Accusamus veritatis rerum tenetur excepturi commodi. Vel nisi ipsam eligendi vitae quia molestiae at et. Dolorem non suscipit consequuntur laborum accusamus.','1985-03-17 19:25:21'),
('674','74','74','Itaque non fugit distinctio velit fuga voluptas sequi sint. Dicta distinctio et reiciendis dolorum.','1974-05-22 12:15:21'),
('675','75','75','Soluta praesentium consequatur quo non. Tenetur non autem excepturi veritatis ut. Error nam tempora voluptate esse et quas qui.','2019-03-11 14:11:11'),
('676','76','76','Autem qui laboriosam autem consequatur maiores. Porro fugit atque quo sunt delectus iure vel accusantium.','2020-05-08 15:38:58'),
('677','77','77','Nihil earum dolore at temporibus vero ut. Earum numquam ex et similique maiores. Hic voluptatem sed qui ut. Labore et iste sunt dignissimos id cupiditate aut. Vel aut cum ea cumque labore veritatis.','1985-12-04 14:24:08'),
('678','78','78','Ratione eligendi repellendus ab laboriosam aliquid minus possimus omnis. Quo vero omnis et temporibus aut reiciendis. Sed id aut ut in voluptatibus excepturi sint. Id sed in eius occaecati velit.','1979-10-30 19:40:20'),
('679','79','79','Nostrum distinctio neque veritatis numquam commodi tenetur harum. Eos laboriosam ratione atque nostrum. Id voluptas aliquam expedita non cumque dolore.','2019-03-24 14:22:45'),
('680','80','80','Dolore blanditiis dicta eos. Porro quas corporis sit corporis modi. Aut voluptatem esse velit earum aut est quisquam rerum. Saepe odit autem quia enim reiciendis.','2003-09-27 03:18:04'),
('681','81','81','Placeat possimus incidunt accusantium repellendus sit. Animi expedita eveniet earum maiores vel totam. Iste magnam provident vero dolorem. Nam id animi sint natus dolor amet.','2008-10-06 03:37:31'),
('682','82','82','Pariatur reprehenderit aliquam in vel possimus dignissimos autem nostrum. Tempore assumenda porro voluptas nam quam optio. Dolor modi deleniti nam nulla nemo.','1987-11-10 04:26:01'),
('683','83','83','Autem nam consequatur quibusdam aut porro voluptate totam. Eaque dignissimos quo fuga distinctio ut quam perspiciatis aliquid. Quasi laudantium nostrum magni.','2002-08-10 07:50:21'),
('684','84','84','Vel enim eos doloremque. Excepturi dolorem alias voluptas error. Laboriosam non incidunt nisi aut ex.','1990-09-10 20:40:49'),
('685','85','85','Magnam sequi et autem qui ea. Quis explicabo alias omnis placeat aut ipsam et voluptas. Consequuntur itaque distinctio quaerat qui.','2009-06-19 07:58:18'),
('686','86','86','Nisi veritatis dolores voluptatem at. Qui voluptas animi voluptas sunt qui quia. Maxime eligendi possimus officiis ad ut voluptatem quam nihil. Minima est dolor magni possimus. Quia ea et dolorem et velit ut.','2002-09-22 04:53:48'),
('687','87','87','Deleniti quam cumque ab nobis voluptatem qui. Eum molestias necessitatibus voluptatibus dolor fugit incidunt reprehenderit illo. Quo laudantium in et et qui laborum voluptatem. Blanditiis facere minima quia quae possimus.','1990-08-19 04:50:48'),
('688','88','88','Ut magni facere voluptatem in. Corporis aut quis rerum iure blanditiis maiores impedit. Suscipit aut doloribus esse rerum nulla. Soluta asperiores quo sed dolore non et perferendis nihil.','1975-05-11 04:32:53'),
('689','89','89','Dolores itaque sunt ex quae ipsam vel. Qui corrupti fuga est itaque cum enim sit. Ad sit totam impedit aut in totam omnis. Est omnis aut fuga quis nobis consectetur doloremque.','1994-08-17 00:43:48'),
('690','90','90','Fugiat suscipit soluta consequuntur beatae enim possimus ut. Voluptas cumque odio aut dolorem qui magnam quia. Optio mollitia harum rerum rem omnis voluptatem repellat nulla. Libero molestiae itaque nisi error.','2011-07-11 12:21:28'),
('691','91','91','Quaerat eius nihil explicabo. Ut maxime qui perferendis est nobis architecto. Suscipit natus consequatur facere sequi perspiciatis.','1974-12-23 03:00:27'),
('692','92','92','Totam non excepturi culpa aut rerum dolores ut. Possimus velit facilis praesentium est voluptates sit. Dolorem soluta facilis numquam harum qui expedita ut.','2005-05-08 18:21:00'),
('693','93','93','Commodi repellendus non culpa nobis natus labore maxime. Voluptatem ut ipsa sit consequatur reiciendis. In beatae necessitatibus minus consectetur velit omnis laboriosam.','1976-04-30 22:07:39'),
('694','94','94','Dolorum quibusdam placeat distinctio quia aspernatur ipsa sapiente. Nesciunt deserunt atque sed laborum corrupti. Consequatur deleniti et tempore eos consequatur iusto et. Beatae totam minus asperiores ut nihil non.','2005-03-01 11:34:13'),
('695','95','95','Rerum at est facilis rerum. Quo sint accusantium aspernatur. Omnis accusantium est sed similique molestias vel.','1996-09-29 12:46:44'),
('696','96','96','Sunt ipsum necessitatibus sint. Est sed dolor quia non animi. Eum harum id ut voluptas distinctio beatae.','2011-02-21 19:19:02'),
('697','97','97','Necessitatibus ut enim aut ut. Quidem consequatur minus blanditiis quis nemo dicta. Dolores eos inventore necessitatibus.','2015-05-22 02:05:34'),
('698','98','98','Ea eligendi distinctio et amet. Consequatur praesentium distinctio sit ut nulla voluptatem dignissimos. Consequatur soluta nemo illum nisi autem temporibus.','2010-10-21 10:15:55'),
('699','99','99','Debitis est aut commodi consequatur eum hic. Et voluptatem ea maxime delectus. In consequatur fuga odit. Dicta laboriosam ut aut deleniti.','2001-07-10 08:04:09'),
('700','100','100','Corrupti eos in dolor voluptatum explicabo. Qui est nobis delectus nihil reiciendis et. Corrupti ut beatae sequi quod praesentium. Error aut rerum et aut sed assumenda quia.','1975-08-12 00:06:21'),
('701','1','1','Ut facilis delectus molestiae fugit sit veritatis non. Provident iusto molestiae quia quisquam quis. Deleniti minima sit numquam. Consequuntur doloremque reprehenderit est veritatis iste voluptatibus.','1988-01-07 23:55:32'),
('702','2','2','Voluptatem libero minima dolore alias enim dolores quo quia. Eos provident suscipit perferendis ipsam dolorum omnis error. Unde et est quisquam suscipit ipsam.','2006-02-17 23:48:09'),
('703','3','3','Ut suscipit esse facilis praesentium sed distinctio qui et. Corrupti in impedit quia est repellat. Aut recusandae qui quam iure quia pariatur. Commodi laboriosam esse magnam.','1986-10-19 18:25:31'),
('704','4','4','Optio reprehenderit optio aut explicabo hic sapiente et. Velit quo qui aperiam ut aliquam aliquid consectetur. Officiis omnis consequatur blanditiis tempore provident voluptatibus. Enim aut exercitationem labore voluptatem non.','1993-08-10 01:20:06'),
('705','5','5','Reiciendis repellat molestiae tenetur alias eligendi iste eos. Animi aut fuga molestiae vero explicabo cumque error.','1998-05-25 06:14:19'),
('706','6','6','Odio omnis molestiae possimus. Illum reiciendis rerum nesciunt labore iusto. Velit laudantium repellendus ea quaerat ut quis. Nam quas labore repellendus magni quod aut.','1985-08-16 18:45:20'),
('707','7','7','Doloremque fuga debitis hic veritatis ad. Itaque est enim eos dicta omnis officia inventore. Laboriosam nemo sunt quia laborum ut qui. Velit repudiandae eum fugit qui harum minima commodi expedita.','1981-08-02 13:33:00'),
('708','8','8','Et non quod est sed. Ullam aliquam tempore ipsum est voluptatem harum. Eaque magnam asperiores id quae non voluptates.','1977-12-28 10:07:39'),
('709','9','9','A eius inventore accusamus sint sunt. Fugiat ullam fugiat minima aut deleniti reiciendis. Laborum et neque consequuntur ex velit qui.','1987-02-12 04:43:01'),
('710','10','10','Eos delectus voluptatibus distinctio distinctio aliquam voluptas iure. Sed eos laborum cupiditate quaerat. Eligendi id et velit eveniet reprehenderit soluta commodi. Ipsa atque autem est vero ex nemo id.','1975-05-19 03:55:33'),
('711','11','11','Nobis voluptatem omnis odit ea. Eveniet commodi dolore est dolor non voluptas iusto suscipit. Ea odio consequatur perferendis non quidem et saepe. Qui vel ipsam commodi neque expedita.','2017-05-26 05:03:41'),
('712','12','12','Minus animi facilis voluptas dolorem. Adipisci aliquam est fuga voluptatibus quo eveniet voluptas. Deleniti laborum cupiditate doloremque deserunt magni velit. Ab unde aut quis eos.','1984-06-15 15:59:05'),
('713','13','13','Natus sint numquam aliquid voluptas fuga debitis voluptatibus eaque. Nostrum velit dolorum ad commodi dolore quia modi. Ut commodi fugiat sit harum voluptatum officiis quasi.','1984-08-24 18:49:09'),
('714','14','14','Sit mollitia tempora et dolore quibusdam. Ab non necessitatibus quos fuga. Nobis est aperiam sint vitae accusamus eum voluptatem unde.','1970-09-21 15:14:33'),
('715','15','15','Laboriosam exercitationem est vel ut. Nesciunt voluptatibus enim nisi consectetur. Dolorum in quod voluptatem sapiente. Voluptas aut molestias ut rerum nesciunt.','2013-01-07 15:58:41'),
('716','16','16','Maiores eos qui quia. Commodi hic laborum voluptas labore voluptate quis eveniet. Eos repellat et voluptatibus non temporibus.','2013-03-23 08:56:19'),
('717','17','17','Odit expedita magni laborum velit. Omnis nulla quo explicabo. Ea omnis aperiam sint laborum rerum.','1972-08-24 03:48:10'),
('718','18','18','Molestias vel et aut. Minus dolorem ipsam vel. Qui ut minima voluptatibus veniam excepturi praesentium dolor. Ea dolor quibusdam iusto debitis repellat.','1974-06-08 18:40:20'),
('719','19','19','Atque quisquam laborum culpa qui. Quia officia odit in. Ipsam suscipit omnis dignissimos et eum eos accusantium. Dolores non est aliquam repudiandae maiores et aperiam.','1985-06-26 00:17:08'),
('720','20','20','Sint esse porro id ad exercitationem ex eos. Assumenda enim aspernatur sunt amet suscipit. Cupiditate eligendi repellendus officiis dicta molestiae amet doloribus omnis.','1994-08-02 21:51:15'),
('721','21','21','Dolorum velit nam et. Dolorem facilis et voluptatem consequatur inventore animi. Quos non dicta aliquid totam est. Aperiam et sunt sint qui.','1979-06-30 03:36:06'),
('722','22','22','Eos deleniti adipisci saepe facilis adipisci impedit quam. Non quod cum at saepe consectetur eos sequi similique. Libero labore enim quis consequatur deleniti quas dicta.','1979-02-22 17:42:46'),
('723','23','23','Quaerat et quam est possimus quae sunt facere occaecati. Sed omnis et ut rerum quo labore. Repellendus eveniet nihil provident. Ratione error maiores atque adipisci voluptate id.','1972-08-20 23:50:41'),
('724','24','24','Velit consectetur nihil sit doloribus ex. Animi perferendis ipsum eos laborum. Dignissimos et rerum pariatur et omnis.','2005-04-26 07:47:19'),
('725','25','25','Sint aliquid vel voluptatibus qui voluptatum. Dolorem perferendis amet labore unde atque. Quas officiis animi saepe sed asperiores omnis sint consequatur. Maxime esse et voluptas rerum ut.','1978-01-24 21:29:15'),
('726','26','26','Voluptas distinctio est dolorem mollitia itaque deserunt nisi officia. Tenetur quia assumenda omnis exercitationem. Sit rem qui aliquid qui.','1997-09-25 14:24:52'),
('727','27','27','Esse quibusdam quibusdam id cupiditate. Perspiciatis placeat aut nemo consequatur. Iure inventore dolores maiores excepturi itaque iusto autem. Id ex sit molestias corporis voluptas aspernatur.','1987-09-19 08:44:23'),
('728','28','28','Praesentium omnis nesciunt ipsa. Placeat illum blanditiis natus enim. Assumenda tempore qui distinctio.','2017-01-03 06:32:49'),
('729','29','29','Et libero deleniti perferendis sit ducimus. Debitis consectetur dolor iste. Qui aut fugiat voluptas saepe. Tenetur laboriosam quas labore ad tempora distinctio rem.','1987-03-16 05:38:52'),
('730','30','30','Deserunt excepturi soluta qui qui quisquam. Doloremque harum sapiente illum odio quia.','2007-07-28 06:21:25'),
('731','31','31','Officia vel laborum maiores. Qui soluta quas similique accusamus id. Neque perferendis aut quia harum qui nemo voluptatum.','2011-04-16 18:33:10'),
('732','32','32','Et facere laborum consequatur qui quidem sunt. Totam nihil vel excepturi. Beatae fugit veniam molestias suscipit.','2002-08-06 19:16:40'),
('733','33','33','Libero perferendis sunt impedit eaque expedita illum voluptatum quia. Dolor ipsum incidunt sequi voluptatem dolores. In impedit quo aliquam molestias aliquam. Sequi voluptates vero distinctio vero dolore sint.','2008-09-04 18:12:39'),
('734','34','34','Nihil unde omnis nihil corrupti velit. Mollitia dolorem explicabo dolor modi at ea saepe repellendus. Voluptatibus necessitatibus velit nemo repellendus.','2013-07-07 10:55:59'),
('735','35','35','Fugiat nostrum voluptatem optio consequatur natus. Quia eos beatae non et aut sequi. Fugiat veritatis modi ipsam voluptate accusamus non maxime.','2007-12-23 17:36:09'),
('736','36','36','Est dolorem ex labore omnis quos. Delectus expedita illum facilis qui officiis quisquam. Dicta tempora qui dolorem. Optio architecto itaque odit id. Asperiores eum minus quibusdam.','1985-05-31 00:22:47'),
('737','37','37','Suscipit sint et expedita perspiciatis voluptatem voluptates consectetur. Enim voluptates ut voluptatibus porro. Aut fugit nisi doloribus amet non nemo. Dolorem ex vel nemo odit quibusdam tempore omnis.','1995-02-16 05:32:27'),
('738','38','38','Eaque ducimus qui sit. Nam rerum incidunt impedit repellat unde voluptatem. Laudantium consequatur qui dolorem sint nulla et. Qui eum deserunt est optio.','1993-08-15 17:54:53'),
('739','39','39','Et mollitia excepturi voluptatibus odio aperiam ex sit. Dolorum perferendis qui velit praesentium neque aut. Numquam labore at doloremque.','2010-10-24 21:00:12'),
('740','40','40','Accusantium deserunt qui et officiis nihil ea dolores. Earum labore fugiat deleniti qui nobis sed. Aut corporis placeat dolores ipsa pariatur corporis et itaque. Rerum mollitia reprehenderit officiis quis et reprehenderit.','2008-09-30 13:05:08'),
('741','41','41','Molestiae dolore cumque aut impedit necessitatibus esse inventore. Et voluptatem et eveniet unde. Illo et molestias possimus sint aperiam. Nostrum doloribus autem assumenda eius et occaecati.','1972-02-02 00:26:57'),
('742','42','42','Temporibus qui omnis voluptatem vitae. Aut magnam repellat fugit qui expedita commodi. Eveniet eos tempore nihil. Qui aliquid minus repellat consequuntur laboriosam et.','1980-10-20 05:26:46'),
('743','43','43','Sed pariatur rerum in et consequatur molestias suscipit. Saepe maiores enim fugit laudantium eaque. Est ducimus eum optio provident occaecati culpa molestiae. Quidem sunt ut qui. Enim velit veniam accusamus eligendi.','1981-04-06 09:41:12'),
('744','44','44','Et numquam iusto excepturi. Iusto dolores et esse optio labore est. Exercitationem consequatur aut reiciendis magni occaecati veritatis. Reiciendis quia ut voluptatibus et neque vitae. Doloribus nulla voluptas amet vero adipisci mollitia explicabo.','2005-04-08 20:50:13'),
('745','45','45','Autem molestiae modi veniam explicabo occaecati est et voluptate. Voluptatem in similique ipsam quod cupiditate numquam. Qui nisi qui repellendus vel sunt mollitia accusamus occaecati. Aut accusantium enim aliquam laborum.','1971-05-05 12:22:09'),
('746','46','46','Maiores repudiandae impedit rerum ut ut vero. Alias quam cupiditate ut saepe accusamus explicabo sit voluptatem.','1999-05-08 03:05:16'),
('747','47','47','Eveniet tempore et tempore vero quo omnis. Labore consequatur eveniet explicabo rerum vitae.','2008-02-09 17:23:01'),
('748','48','48','Id est non molestiae. Quos quis qui facilis sunt. Laboriosam ex dolorem asperiores vitae. Ad odit quia natus hic.','2015-08-26 22:57:46'),
('749','49','49','Hic sit rerum eos et sit. Recusandae voluptas eum doloribus corrupti. Sint assumenda aspernatur illum dolores.','2000-03-25 08:08:22'),
('750','50','50','Vitae sint pariatur officia ducimus doloremque est. Distinctio at et odit. Illum saepe ea voluptate iusto.','1975-09-23 00:17:24'),
('751','51','51','Quia molestiae tempore esse ducimus. Tempora enim ipsum aut voluptas in. Illum molestiae dolorum libero tenetur eveniet.','2013-09-11 10:11:14'),
('752','52','52','Voluptatum non dolorum magni. Cumque hic at quasi nisi suscipit quae quis. Accusamus libero et vel voluptatem at magni. Asperiores omnis pariatur dolorum voluptas sint ea porro quae.','2010-07-22 18:43:51'),
('753','53','53','Amet ipsa ut optio possimus accusamus et sint. Explicabo id est beatae rem veritatis at enim dolorem. Ut dolor ut est et sunt aspernatur eius voluptates. Quia sit non rerum maiores ea.','1999-03-16 18:19:19'),
('754','54','54','Doloremque qui dicta rem eos exercitationem sunt aut. Saepe asperiores tenetur magni magnam dolor modi. Qui aliquam deleniti unde placeat voluptate quidem voluptas.','1988-11-07 11:46:38'),
('755','55','55','Et reiciendis magnam sunt magnam qui qui dolorum rerum. Tenetur facilis in qui nihil qui. Neque provident odio voluptatem in illum ullam tenetur.','1977-03-15 04:46:02'),
('756','56','56','Laborum est natus minima ad voluptatum. Fugit adipisci accusamus quia nemo omnis. Consequatur ipsa inventore nulla aliquam.','1994-11-27 17:20:21'),
('757','57','57','Recusandae beatae voluptatem et iusto sit dolorem. Non ducimus voluptatem qui nam qui dolore enim.','1976-09-09 10:50:41'),
('758','58','58','Vitae laborum commodi aut laborum repudiandae. Est debitis ut aut impedit dolores sint iure. Alias labore nulla rerum voluptas asperiores asperiores. Quisquam enim dolores dignissimos est nulla.','2003-06-28 16:10:48'),
('759','59','59','Laudantium vel excepturi corporis illo maiores assumenda cumque reprehenderit. Quia omnis culpa ipsam ducimus voluptas quis vel doloribus. Esse quia et rerum.','1973-11-07 12:25:31'),
('760','60','60','Aut sunt sit culpa illum assumenda non modi magnam. Rerum aliquam autem dolor ut ut aspernatur est voluptatum. Tempora temporibus voluptas unde eligendi deserunt est.','1988-04-27 20:15:03'),
('761','61','61','Consectetur est est occaecati sint at explicabo et. Sit rem est magnam consequuntur dicta quasi. Fugit id dolorem illo laboriosam itaque assumenda quidem.','1991-04-13 23:15:51'),
('762','62','62','Qui fuga rerum sint voluptates. Voluptates ipsam sit aliquid enim.','1972-05-26 05:20:42'),
('763','63','63','Omnis nisi ab dolorem incidunt magni atque facere esse. Quaerat sed optio iusto saepe inventore dolores illum qui. Voluptas fuga ducimus quas odit eos.','1987-03-15 23:47:41'),
('764','64','64','Assumenda sequi eos est natus deleniti amet itaque. Debitis quas molestiae qui commodi. Dolores ea est alias et nesciunt. Aut consequuntur ipsam aspernatur fugiat rerum.','2019-03-11 10:36:38'),
('765','65','65','Suscipit distinctio velit ea nulla. Voluptatibus ut qui rem placeat consequuntur. Dolor voluptatem sed delectus necessitatibus sint recusandae.','2002-03-10 06:24:45'),
('766','66','66','Quas iusto et et in occaecati sapiente. Praesentium sit ex est exercitationem voluptatibus. Explicabo eos a voluptates corporis.','2017-01-17 13:03:14'),
('767','67','67','Doloribus voluptas beatae culpa totam et in. Voluptas itaque fugit dolorum incidunt aspernatur modi magnam consequatur. Aut eos aut expedita exercitationem sed in sit pariatur. Eligendi laudantium laborum laborum earum voluptas.','2016-03-20 11:12:14'),
('768','68','68','Qui et quis ipsa. At mollitia modi in eaque similique placeat necessitatibus doloribus. Quae at cupiditate voluptate blanditiis omnis fugit.','1981-04-12 16:00:21'),
('769','69','69','Et autem in aut dolorum dicta et occaecati nam. Ullam dolorem a numquam voluptatem esse odit sapiente. Consequatur optio fugit sed in voluptas quidem nam ut. Sed dolorem asperiores ipsa quae.','1983-03-15 00:57:51'),
('770','70','70','In aperiam et ut sit ad. Dignissimos aliquam sed dolor aspernatur in. Et similique non omnis alias pariatur. Et dolor similique esse debitis qui quia aut sit. Voluptatem consequatur blanditiis harum consequatur corporis dolorem ex.','1998-02-20 17:54:00'),
('771','71','71','Voluptates quasi veritatis distinctio sint. Sit facilis quia blanditiis quasi doloremque. In non unde est voluptatem consequatur aspernatur.','2016-12-10 22:25:42'),
('772','72','72','Est corporis nulla inventore vel amet. Rerum aut sint itaque et et.','1976-05-08 01:50:29'),
('773','73','73','Vel nihil cupiditate hic. Quidem incidunt dolorum non et id facilis optio. Aut reprehenderit non aut dolor eum velit ad.','2013-12-24 05:21:19'),
('774','74','74','Omnis at nisi voluptatem. Voluptatem et tempora sapiente tempore ullam. Consequatur dignissimos quia sit aut est ut.','2011-04-04 17:57:49'),
('775','75','75','Architecto tempore qui fugiat distinctio voluptas sunt voluptatem. Repellat adipisci sit officia aut nobis omnis. Optio possimus quia natus. Aut dolor soluta nobis provident ut aut voluptatem.','1974-03-08 15:34:40'),
('776','76','76','Doloribus praesentium nulla optio eum. Amet omnis pariatur dolor culpa ut. Et sunt hic eum et.','1981-04-29 14:05:43'),
('777','77','77','Debitis deleniti sed id dolore vel. Iste consequatur excepturi harum sapiente minima.','1980-10-29 06:43:35'),
('778','78','78','Similique ullam ab nam qui sed qui ut. Qui impedit perferendis laudantium odio impedit laudantium id ullam. Voluptatem maiores quod tempore et harum error quo. Voluptas amet officiis nobis exercitationem qui accusantium fugiat laborum.','1987-11-09 00:50:18'),
('779','79','79','Et ea similique deserunt dignissimos ullam id expedita. Facilis officiis nesciunt aut animi. Fugiat nostrum impedit non dolor doloribus pariatur ut tempora.','2015-02-09 05:01:52'),
('780','80','80','Voluptatem et delectus architecto consequuntur pariatur est architecto pariatur. Rerum odio voluptatum aliquid molestiae tempora voluptate perferendis.','2007-07-09 08:11:17'),
('781','81','81','Molestiae illo ipsam harum qui architecto. Magni vitae placeat inventore tenetur similique. Dolores cum repellendus earum.','2000-07-11 04:19:24'),
('782','82','82','Nulla mollitia minus beatae sint. Vero saepe non neque dolore consequatur quasi dolor. Natus odit qui deserunt voluptatem aut. Vel ut est unde quia natus rerum vitae. Perferendis sint in nulla dolor omnis ut.','2008-09-17 17:26:58'),
('783','83','83','Quia tempora veniam nobis quia suscipit. Debitis consequatur consequatur ea iure et. Eum maxime corporis sint qui. Officia sunt dolore incidunt non omnis.','1990-02-22 13:06:31'),
('784','84','84','Eaque ut dolor minus totam quisquam ut. Voluptas ut totam nam repudiandae sed veniam. Officiis dolorem aut voluptates ab. Error perspiciatis eligendi iure ea.','1985-01-18 01:30:25'),
('785','85','85','Quam qui voluptatem corrupti laudantium nihil dolores. Non distinctio nobis molestias nesciunt quod ab. Recusandae modi harum sunt sint laudantium. Non nostrum dolorem voluptate cumque assumenda beatae.','2020-01-12 06:28:23'),
('786','86','86','Et ut iusto eum id reiciendis. Delectus beatae reiciendis et consectetur quidem facilis dolorem veniam. Recusandae voluptatem ea quo sit itaque exercitationem.','2008-12-23 14:30:39'),
('787','87','87','Doloribus in commodi molestiae. Voluptas quas soluta quia itaque expedita est. Quia ut perferendis voluptatem autem placeat.','1983-09-16 13:50:11'),
('788','88','88','Exercitationem provident quo enim aut molestiae voluptatibus. Non est corrupti doloremque nobis ea consequatur. Incidunt aut nulla molestiae aliquid aut.','1978-10-19 21:38:35'),
('789','89','89','Sed perspiciatis et a perferendis. Rerum incidunt aut unde deserunt. Ut nisi provident similique qui sit in. Quae porro ab soluta ut placeat laudantium vero.','2019-01-29 14:57:10'),
('790','90','90','Reiciendis facere quo aspernatur magni veniam provident. Error voluptatibus dolor eos omnis enim. Rerum nobis rem earum. Eum fugiat similique laborum eligendi qui adipisci quod.','1990-11-16 11:01:36'),
('791','91','91','Aut saepe rerum neque sed illum illo. Sunt sit enim reiciendis maiores architecto velit. Sed enim ex ut aut in voluptas. Et repudiandae asperiores repudiandae suscipit sit.','1983-03-05 16:30:35'),
('792','92','92','Consequatur maxime cum sunt sunt sed molestias aliquid. Accusamus quia quod at quo maiores. Tempora ullam culpa ad.','1981-03-08 00:43:36'),
('793','93','93','Id ipsam libero odio amet et. Ullam ex similique recusandae non dicta quod. Praesentium sunt libero in officiis. Dolorem molestiae blanditiis enim impedit laudantium.','2003-08-01 04:21:53'),
('794','94','94','Qui itaque quo cum rerum eum officiis sunt. Sed quia at in omnis neque mollitia aliquid dolorum. Vel minima repellat perspiciatis aut dolor autem.','2000-01-28 20:24:12'),
('795','95','95','Suscipit eveniet aut corporis vero et. Sint delectus dolor voluptas qui. Eos rem ipsa reprehenderit dolore delectus.','2007-03-31 20:33:05'),
('796','96','96','Qui at ut consequatur dolorum in animi. Amet quasi amet ut occaecati cupiditate ab velit corrupti. Aliquid pariatur non ut accusamus autem reprehenderit tempora. Temporibus et laboriosam saepe sequi sit omnis dolorem.','1986-06-01 02:00:23'),
('797','97','97','Quas omnis deserunt ut quod magnam. Rem iusto ullam ad nisi consequatur. Ut neque adipisci adipisci consequatur praesentium voluptatem. Sequi facilis reiciendis id et quo facere est.','1984-08-08 07:44:20'),
('798','98','98','Iure qui maiores iste ducimus voluptatem recusandae quisquam. Iure quisquam dolorem ipsa. Deleniti harum et dolores rerum repellat.','2006-11-22 08:04:10'),
('799','99','99','Dolore dolor ea velit fugiat quis inventore eaque. Et architecto consectetur atque reiciendis. Reiciendis animi odit nihil ipsam recusandae quaerat excepturi. Recusandae iusto pariatur iusto quas fugiat aut dicta.','1983-08-25 05:45:49'),
('800','100','100','Assumenda consequatur culpa placeat amet. Reiciendis laudantium voluptatibus et incidunt in.','1992-05-08 21:53:23'),
('801','1','1','Soluta dolorum itaque nobis nihil consequatur. Aperiam vel qui animi. Quas libero nesciunt et quibusdam.','1992-05-02 13:04:54'),
('802','2','2','Quia odio asperiores quia rerum. Voluptatibus laboriosam est hic ipsam ea. Placeat sint expedita voluptatem enim.','1971-11-23 13:21:44'),
('803','3','3','Est voluptatem commodi similique similique. Labore id ab eaque quod eos similique est.','1997-09-18 14:48:21'),
('804','4','4','Voluptatum assumenda ut sit veritatis eius eos. Eum qui consequatur rerum accusantium dolores hic. In rerum modi dolor quia nobis.','2000-08-25 04:14:52'),
('805','5','5','Enim a explicabo est excepturi eveniet. Laudantium aspernatur sed perferendis adipisci laboriosam. Est sed deleniti sunt rerum. Quis doloribus officia incidunt ea explicabo molestiae voluptas.','1991-03-03 17:51:33'),
('806','6','6','Quidem voluptas magni quae veritatis est. Et vel qui et et iste assumenda accusamus quis. Sint doloribus atque enim qui et aut.','2013-01-05 20:54:17'),
('807','7','7','Aut repellat veniam ut et. Sed provident et suscipit sunt omnis. Quae ex dignissimos exercitationem rem qui atque.','1991-03-21 11:56:19'),
('808','8','8','Dolores natus sunt dignissimos. Autem illum possimus suscipit. Et inventore impedit placeat iure fugiat. Provident velit harum porro voluptatum ipsa.','1980-08-16 23:36:35'),
('809','9','9','Blanditiis soluta ullam deleniti ut nesciunt voluptatem. Nisi reprehenderit repellendus sequi. Animi omnis voluptatem odio non sequi assumenda.','1986-09-08 23:36:45'),
('810','10','10','Rem perspiciatis ipsum non aut dicta rem. Qui suscipit qui eum.','1989-08-10 04:03:40'),
('811','11','11','Eum exercitationem consequatur at similique nostrum. Omnis quia quod delectus ab autem qui dolorem.','1973-12-15 11:36:55'),
('812','12','12','At est quibusdam mollitia voluptas repellat sed aut reprehenderit. Est fugiat voluptatem qui enim explicabo sunt. Atque aut cupiditate voluptates doloribus debitis quibusdam accusantium.','1979-12-25 06:51:10'),
('813','13','13','Aut veritatis ut consectetur molestias. Ut hic voluptatem esse. Ut necessitatibus sunt fuga et. Placeat consequatur quasi et et.','1987-09-24 01:35:51'),
('814','14','14','Suscipit quia dicta velit possimus. Error eius est quibusdam voluptas ad sed. Qui corporis nostrum distinctio.','2010-07-19 07:33:20'),
('815','15','15','Recusandae nesciunt expedita nostrum. Ipsa voluptatem similique atque. Porro et aut sint sint libero pariatur reiciendis. Rerum et sunt consequuntur odio voluptatem.','1983-01-01 01:37:33'),
('816','16','16','Sit officia odit ducimus rerum. Dolorem eius quod blanditiis facere. Qui ut vel repudiandae maiores sunt. Ullam qui beatae expedita rerum itaque.','1987-05-12 22:46:02'),
('817','17','17','Id ut vitae consequatur est. Veniam sed vel atque et suscipit sit. Voluptate itaque repellendus doloribus quis.','1983-09-09 16:49:27'),
('818','18','18','Occaecati incidunt rerum assumenda corrupti. Sit numquam doloribus quod excepturi odit optio. Quia maxime sed iusto aut architecto veritatis tempore. Numquam vel consequuntur sunt ea.','1998-09-27 18:22:02'),
('819','19','19','Est sed reprehenderit in aut dolores laboriosam necessitatibus. Inventore autem reiciendis iure minus repellat explicabo dicta. Maiores omnis nihil veritatis odit amet reiciendis. Quia earum omnis labore facere id aspernatur inventore. Qui itaque eum voluptatum temporibus.','1987-11-12 07:53:30'),
('820','20','20','Ut et eos velit reprehenderit qui voluptatum autem qui. Nobis consequatur nihil fugit cum est exercitationem. Et cupiditate a aut repudiandae qui iste. Aperiam doloremque repudiandae consequuntur esse nesciunt fuga.','1992-05-21 19:15:49'),
('821','21','21','Nulla voluptas fugiat libero laboriosam. Natus est quia sed blanditiis hic voluptas. Officia ad iusto autem soluta ut sed et.','2009-03-30 12:13:26'),
('822','22','22','Aut odit rem dolore dignissimos in. Iusto est ea eos dolorem enim nam et qui. Est soluta provident voluptates et voluptate suscipit praesentium. Tempore ea nihil magni ipsum autem possimus culpa.','1997-08-08 17:10:04'),
('823','23','23','Non qui temporibus repudiandae quasi praesentium blanditiis quia harum. Occaecati quasi tenetur commodi nesciunt quasi totam. Sint aut velit ea sapiente quasi omnis ducimus. Ipsum commodi modi fugiat.','2000-06-10 09:48:10'),
('824','24','24','Illo repudiandae sit necessitatibus accusantium consequatur maiores dolores. Et cupiditate maxime libero aut. Eum fugiat dicta sunt dolorem sint vero. Nemo voluptas debitis nulla eum nobis. Et placeat corrupti vitae doloremque fugit quibusdam facilis.','1977-12-13 14:59:52'),
('825','25','25','Quo illo debitis aut eos cumque voluptas. Dolorem atque omnis recusandae rerum. Minus autem error itaque quasi eum. Nobis corporis sint totam molestiae illo earum.','1998-04-11 10:36:30'),
('826','26','26','Quisquam consequuntur necessitatibus expedita sed perspiciatis ea sit ipsam. Dolor harum molestias provident sed nisi. Ullam culpa sit nesciunt omnis qui.','1994-10-28 20:25:41'),
('827','27','27','Iure dolor dolor quis ut sunt aut. Dolore culpa maiores et quia. Eius tenetur possimus quos aut commodi distinctio.','1992-11-23 09:38:18'),
('828','28','28','Sapiente repellendus distinctio exercitationem quo quae. Pariatur possimus et quo aspernatur. Laudantium veniam voluptas quo illo.','1980-01-04 16:37:44'),
('829','29','29','Enim praesentium deleniti minima vel. Voluptatem est sit temporibus facilis non laudantium facere. Mollitia officia aperiam aut velit eaque et.','1979-12-05 23:11:28'),
('830','30','30','Repellendus sunt architecto esse similique. Nisi et numquam explicabo ut perferendis. Illum ducimus earum minima omnis delectus. Autem fugit eos libero assumenda iure corrupti.','1982-02-06 19:50:21'),
('831','31','31','Impedit sit qui error eum reprehenderit. Earum voluptas perspiciatis et magni esse alias a. Quo culpa voluptas ipsa similique consequuntur numquam. Voluptatem quo consequatur nulla autem in qui fuga.','1998-03-09 20:35:40'),
('832','32','32','Quia ut eum incidunt sit nihil deleniti eaque. Quos aut laudantium quo in dolores. Magnam distinctio ex est nemo optio corrupti velit. Est quo fugiat architecto corporis eius.','2002-08-22 13:56:48'),
('833','33','33','Voluptatem suscipit accusantium quo labore. Sed aspernatur qui ducimus aut temporibus odit. Quae numquam officiis molestias hic porro quia quis facere. Id voluptatem consequuntur consequatur excepturi molestiae laboriosam dignissimos.','1991-06-22 03:28:14'),
('834','34','34','Fuga quia quam et repellendus iure. Nihil et et impedit laudantium repellat. Error id illo nihil quam.','1996-12-22 09:59:51'),
('835','35','35','Sapiente dolor consequuntur impedit molestiae. Voluptates assumenda dolore tenetur consequuntur. Est id unde repudiandae.','1978-04-02 21:43:15'),
('836','36','36','Est corporis quo ut amet est perspiciatis. Non sed rerum magni voluptate et consequuntur. Voluptatibus voluptatem est maxime quisquam amet aut sunt.','2016-04-20 17:40:36'),
('837','37','37','Enim earum consequatur et sit et. Qui amet facere atque beatae. Quo consequatur voluptatem veritatis dolore.','2003-06-01 15:21:10'),
('838','38','38','Ut non vero fuga placeat tenetur alias adipisci. Qui et et animi minima. Voluptatum ut praesentium officiis.','1970-06-28 14:29:11'),
('839','39','39','Qui optio a rerum eos molestiae ut et. Eaque velit molestias enim perspiciatis tempora voluptatem dolor. Id reiciendis ad repellendus autem sit.','2011-04-26 23:27:41'),
('840','40','40','Voluptatem esse perspiciatis dolorem alias omnis omnis. Nam ea et quo. Incidunt suscipit non nulla modi esse.','2017-08-23 23:10:37'),
('841','41','41','Illum velit eos ducimus eveniet quis qui doloremque nihil. Voluptatem deleniti quia illum quo. Harum velit rerum molestiae pariatur debitis dolores eaque odit.','1973-05-25 04:50:59'),
('842','42','42','Et omnis et est provident qui. Eum eos omnis a aliquid totam. Earum laudantium suscipit nesciunt nulla repudiandae iure ea ex. Reprehenderit aut possimus aliquid quis rerum dolor sequi et.','2000-06-29 17:53:39'),
('843','43','43','Non voluptas recusandae dolore aut qui consequatur ducimus dolorem. Porro est commodi itaque adipisci similique amet eum. Officia quis esse officia pariatur ipsam in iure qui.','1976-04-05 17:58:56'),
('844','44','44','Aut non qui aspernatur. Sapiente aperiam possimus suscipit voluptas perspiciatis possimus. Nulla totam totam reprehenderit magnam explicabo.','1984-12-11 18:41:57'),
('845','45','45','Iste quae laudantium reprehenderit ad consequatur non aperiam. Assumenda mollitia optio cupiditate laboriosam aut nulla nisi et. Quidem quas qui ut dolores est accusamus. Non omnis autem velit veniam adipisci.','2018-08-24 17:25:45'),
('846','46','46','Nostrum fuga corrupti cum soluta. Fugit totam qui similique commodi. Facilis modi modi et occaecati labore. Ea maiores et modi earum explicabo quis.','2012-03-21 10:40:22'),
('847','47','47','Et dolorem unde velit. Et omnis magni quae eaque non dolor. Sunt voluptatem aut quis et.','2000-01-11 10:14:53'),
('848','48','48','Repellendus ad sapiente ratione porro. Deserunt rerum adipisci id omnis.','2005-12-28 06:59:22'),
('849','49','49','Non id repudiandae autem eos quia quisquam. Autem iure quis sint et earum aut molestiae officia. Et numquam ex ea minima dolor qui rerum.','2005-08-01 14:47:30'),
('850','50','50','Et maiores labore laudantium vero consequuntur. Ipsam nobis quam veniam sit. Aliquid sit qui rerum quis alias quaerat.','1993-08-06 10:46:53'),
('851','51','51','Quo blanditiis magni est iusto facilis consectetur autem. Delectus autem aliquid quod dolores est. Dolorem autem vel commodi. Tenetur porro repudiandae quia corrupti.','1979-04-28 19:33:45'),
('852','52','52','Perferendis sunt qui cupiditate et quis dolor distinctio. Quam error earum ipsam saepe. Dignissimos dolores impedit non corrupti.','2015-02-12 13:11:07'),
('853','53','53','Dolorem eligendi unde ut commodi qui cumque quasi. Quam ea et ea et aut. Vel eveniet odit magni magni nesciunt voluptatem.','1999-09-02 02:08:01'),
('854','54','54','Ut eveniet laborum a non maxime quisquam. Et aut et eveniet in sint voluptates. Temporibus et odit qui. Magnam et exercitationem nihil cum architecto.','1974-10-14 17:10:24'),
('855','55','55','Dolores temporibus sint magni illo aliquid illum. Similique saepe odit exercitationem dolor et voluptas iure. Cumque reprehenderit accusamus amet laudantium. Ut atque accusantium voluptatem quis. Quo ipsam porro consequatur in sequi hic officia.','1970-03-11 10:39:53'),
('856','56','56','Iste voluptate dolor ut et sequi. Qui nobis hic assumenda pariatur temporibus eos libero. Sequi quo ad modi est eaque quae. Id rerum nisi atque et sed totam vel iusto.','1989-02-12 21:50:10'),
('857','57','57','Sapiente nisi eum neque ut. Eligendi qui repellendus nihil. Aut eaque accusantium vel.','1989-09-16 03:30:37'),
('858','58','58','Cumque eos rerum earum error qui debitis. Ratione cupiditate temporibus odio quia id fuga esse similique. Sunt in quaerat cumque optio reprehenderit ut reprehenderit.','2000-10-05 06:17:06'),
('859','59','59','Repudiandae illo ea expedita et animi. In voluptatem vero eligendi exercitationem quod nostrum deleniti.','2013-03-28 03:44:15'),
('860','60','60','Sint et dolor minima numquam et. Aperiam est doloribus eaque et. Enim perspiciatis dolor rerum harum quas est sunt sunt.','1988-02-03 17:50:27'),
('861','61','61','Ea eligendi officia ipsa molestias ut commodi temporibus. Natus nulla quo nihil odit quia. Odit ut beatae repellendus facere eveniet voluptatum. Voluptas excepturi sequi doloremque neque.','1983-03-10 11:44:47'),
('862','62','62','Qui soluta quia id. Quos quo hic atque unde dolor repellendus totam. Similique expedita unde sint harum facere quam. Facilis dicta debitis mollitia doloribus ratione quo.','2007-06-17 11:43:32'),
('863','63','63','Iste adipisci accusamus maxime asperiores qui sequi tenetur. Error cum pariatur magni voluptate excepturi modi in. Libero itaque quam tenetur quia in.','1992-10-31 22:42:17'),
('864','64','64','Rerum et cumque id maxime id illum. Repudiandae aut natus molestias enim non. Et eligendi ut dolorem ipsam sunt. Omnis nihil doloribus sint vitae placeat.','1979-06-05 06:01:07'),
('865','65','65','Vitae recusandae ut nostrum doloremque alias quia et. Et accusamus et illum mollitia et aut aut. Est et cum recusandae minima voluptatem.','1989-06-25 18:51:07'),
('866','66','66','Quibusdam ipsa animi nesciunt molestiae. Omnis ullam id perspiciatis sint. Ducimus dolores harum repellendus natus est tenetur. Est deserunt libero omnis et ad quisquam sed.','1976-11-16 01:35:19'),
('867','67','67','Iste quod nobis reiciendis dolorem. Dicta hic animi facilis voluptas. Voluptas ut quas laborum pariatur aut.','2019-03-14 04:55:41'),
('868','68','68','Nihil sunt impedit nam nobis porro rerum sequi. Placeat consequatur esse omnis aspernatur cumque sapiente. Aut qui corporis et odio molestiae quisquam. Esse occaecati nostrum repudiandae qui eos et commodi.','1980-10-01 04:18:40'),
('869','69','69','Sint exercitationem et placeat autem earum hic eos. Commodi alias sed culpa quos velit. Voluptatem ut vero quibusdam laudantium omnis eum.','1989-05-07 20:33:27'),
('870','70','70','Fugiat ea iste similique soluta aut quo rem. Repellat ut repellendus adipisci sed. Maiores ut molestiae totam facilis enim debitis.','2008-05-06 04:51:02'),
('871','71','71','Delectus a tenetur et minus ullam. Debitis dolor ea totam ut reiciendis est eius id. Nobis qui fugit occaecati at aut ex illo fuga. Sunt praesentium nisi eaque quaerat.','1997-04-12 07:17:20'),
('872','72','72','Qui sit commodi ipsa officia. Nihil fugiat culpa omnis. Voluptas magnam consequatur blanditiis.','1972-06-06 05:33:52'),
('873','73','73','Eos voluptas non esse aspernatur repellat quaerat quibusdam. Vel corporis ex maiores voluptas non. Dolores sed molestias aut sit sequi veritatis quos. Quibusdam rerum officia explicabo aut.','2014-04-28 21:04:35'),
('874','74','74','Eos ut ipsam praesentium. Officiis quisquam sed reiciendis qui. Quos est dignissimos odit similique. Nostrum voluptatem nemo maiores fugiat culpa aut porro.','2005-04-24 21:47:58'),
('875','75','75','Earum rem veritatis odit eaque. Non ut et dolore sunt neque. Aut laborum cupiditate earum.','1981-10-12 09:24:47'),
('876','76','76','Illo iusto amet eius iure. Quisquam voluptate rem enim asperiores excepturi. Doloremque cumque ullam ducimus.','1988-04-22 11:00:20'),
('877','77','77','Sunt omnis itaque fuga modi. Corrupti qui accusamus a in voluptatibus vero. Culpa reiciendis quia ipsa voluptas perferendis aut occaecati. Dignissimos necessitatibus dicta voluptatem minima sequi nam aspernatur dolores.','1992-12-16 23:22:05'),
('878','78','78','Et maiores adipisci ut et est rerum dolor. Voluptate cumque est fugit mollitia. Asperiores voluptate dolores enim totam.','1985-07-15 12:40:43'),
('879','79','79','Voluptatem recusandae beatae dolor cumque consequuntur minus numquam. Modi qui qui animi at debitis rem. Ut distinctio ratione eveniet numquam ipsa. Suscipit eos dolor blanditiis sed cum ducimus quo. Laboriosam corrupti at culpa sed aliquam exercitationem.','2008-01-31 12:08:14'),
('880','80','80','Aut voluptatem repudiandae sint dolorem. Occaecati aspernatur voluptatibus tempore molestiae est molestiae. Consequatur doloremque qui voluptatem. Modi molestiae vero nemo aut distinctio.','2006-07-30 16:46:35'),
('881','81','81','Sunt voluptas rerum hic vel repudiandae possimus. Eos quis dolores ducimus aliquam quam.','1971-07-04 03:49:16'),
('882','82','82','Non explicabo illo eum fugiat ullam distinctio sint in. Quod blanditiis in velit ut iusto. Dolore neque sapiente id vero autem cum. Optio cum omnis qui repellat et ut nostrum earum.','2020-06-04 14:32:40'),
('883','83','83','Eius ipsam dolores similique dolorem. Aliquam et mollitia atque vel. Neque recusandae dolores sapiente velit.','1985-03-27 12:38:13'),
('884','84','84','Est vero magni officia corrupti quo aut amet. Est fugiat amet ipsum officiis voluptatum.','2007-10-06 17:27:09'),
('885','85','85','Veritatis officia voluptatem fuga qui. Ipsum voluptatibus voluptatibus laboriosam soluta reiciendis adipisci eius. Modi architecto et quia veritatis perspiciatis.','1979-05-10 16:56:37'),
('886','86','86','Mollitia saepe aliquam sit et. Est aut officiis rerum aut. Assumenda eligendi sit sunt et asperiores reprehenderit. Et eos dignissimos molestiae nostrum placeat.','2015-03-11 06:45:04'),
('887','87','87','Quasi nostrum enim voluptatem culpa voluptatem debitis vel. Ex corporis laborum odio ad. Et voluptatem totam dolor eum.','2020-05-09 02:40:41'),
('888','88','88','Iure et eum et quos voluptas sit maxime. Quisquam assumenda nihil odit alias occaecati sint. Dolorem voluptas perspiciatis inventore repellendus omnis.','1980-04-28 19:31:16'),
('889','89','89','Error et enim laborum alias. Ducimus tempore aut voluptatem ut enim. Minima quidem dignissimos magni dolorum sint ut minima. Aliquid beatae non ipsum eos.','2015-10-04 19:39:53'),
('890','90','90','Illum nobis beatae voluptatem id eius esse nemo. Facere perspiciatis quidem quibusdam quia molestias ut voluptas. Laborum est odit nam ipsa.','1976-01-29 19:09:04'),
('891','91','91','Rem omnis quas vitae aut adipisci ut. Porro ut qui totam labore voluptas. Aut cupiditate doloribus voluptatum quasi tempora. Voluptatum praesentium quia neque aliquid.','1999-07-11 13:46:25'),
('892','92','92','Illum omnis voluptatem asperiores exercitationem ea aut. Aliquid aperiam cum magni nemo rerum vel. Doloremque ad beatae dolor ut cumque est est.','2018-02-15 05:54:10'),
('893','93','93','Similique optio inventore exercitationem animi. In aut dicta hic reiciendis distinctio tempora incidunt. Omnis autem quasi maxime nostrum velit.','2019-09-26 21:09:16'),
('894','94','94','Consequatur rerum sapiente omnis. At blanditiis porro odit et quia odio laboriosam. Facilis enim amet rerum et.','1972-09-08 09:33:58'),
('895','95','95','Pariatur facere magni aliquam et rerum voluptatem. Tenetur saepe quos eius reprehenderit assumenda at. Nihil consectetur ipsa sint totam odio.','1995-03-02 07:40:26'),
('896','96','96','Hic ut ut quod tempore neque. Necessitatibus tempore odit ex amet ipsam maiores. Dicta perspiciatis praesentium reprehenderit ducimus enim et ut. Et iste dolor necessitatibus rerum vel ut.','2000-04-13 01:10:15'),
('897','97','97','Vel totam quasi ut et doloremque veritatis voluptatem. Quis quasi praesentium consequatur voluptatibus. Odio asperiores rerum minima. Non ut ut maiores accusamus aut. Et possimus dolorem nisi optio exercitationem iste id.','1972-10-17 17:48:39'),
('898','98','98','Corrupti aperiam rem rerum qui. Temporibus ut fugiat vero optio qui et repudiandae. Dolor et ducimus perferendis adipisci.','2000-10-20 23:04:56'),
('899','99','99','Unde harum quisquam et quia. Eos illum qui explicabo officiis quis id ut. Dolor est blanditiis ea quisquam et ut.','2011-03-10 23:12:00'),
('900','100','100','Est enim voluptatem est quisquam hic ea sed. Distinctio error velit rerum optio aut dicta quia. Et nam nam ut harum. Doloremque perferendis aut vel esse.','1996-06-18 16:08:28'),
('901','1','1','Quo dolor et necessitatibus voluptas. Commodi ea aut quam ut. Eius consequatur assumenda qui deleniti nam quasi. Ut illum quas officia molestiae qui eligendi veniam.','2018-02-18 02:06:07'),
('902','2','2','Quibusdam dolor est tempore facere soluta quia sed. Necessitatibus alias soluta blanditiis voluptatem totam. Doloremque unde quisquam et placeat excepturi sit. Explicabo et porro dignissimos asperiores fugit. Neque animi repellat est dolor facere.','2004-01-15 14:43:53'),
('903','3','3','Distinctio adipisci harum quia harum consectetur. Sequi nihil porro minima id quidem perspiciatis.','1970-12-16 08:18:45'),
('904','4','4','Dolor distinctio minima minima quaerat repudiandae tempora. Illum fugiat minus perferendis. Aliquid porro architecto illo dicta. Dolores provident corporis voluptatem voluptatum quasi.','1990-09-13 14:45:19'),
('905','5','5','Voluptas voluptas corrupti expedita dolorem perferendis in tenetur natus. Eos sunt itaque voluptatibus est veniam ad rerum. Repudiandae occaecati repudiandae quia explicabo. Iusto autem voluptates minima suscipit dolor nobis aut.','1998-09-27 19:55:56'),
('906','6','6','Quis earum quidem delectus mollitia fuga voluptate. Quia iure corrupti molestias iure sit occaecati. Nisi quia cumque nulla aut dolorem sunt esse ut.','1998-07-24 17:37:52'),
('907','7','7','Voluptatem sed sunt quia aut sunt illo quo. Dolorum eaque pariatur fugit velit eum cupiditate voluptatem a. Consequatur dolorem labore ut debitis suscipit debitis.','1977-03-05 17:21:56'),
('908','8','8','Ut totam labore odio asperiores. Reprehenderit voluptatem voluptas quis eum quod beatae asperiores. Consequatur officia exercitationem voluptatem atque consequatur. Amet sequi voluptate voluptas rem placeat sit soluta.','2004-06-27 18:22:54'),
('909','9','9','Nostrum esse velit molestiae maiores ea nemo. Ab voluptas in non qui aperiam hic amet. Doloribus cumque sunt fugiat eum.','1977-08-06 10:08:02'),
('910','10','10','Quia suscipit quis laudantium blanditiis debitis. Distinctio iste maiores pariatur laboriosam architecto cum maiores maiores. Dolores laboriosam sint facilis fuga a ad.','2004-04-12 13:43:53'),
('911','11','11','Dolorem rerum similique dolor dolor modi. Maiores sit sint sapiente sint. Quia id maxime maiores sit.','2008-10-12 18:26:32'),
('912','12','12','Molestiae at dicta sit laudantium et. In doloribus iste dicta tenetur qui saepe. Voluptas quia eos quo placeat expedita. Facere et aliquid tempora aut. Aut sit fuga minima nobis et explicabo et.','1997-03-13 03:35:32'),
('913','13','13','Et quae alias qui voluptatem et quasi molestias. Ex harum rerum autem ratione ut sint. Voluptatem officiis nam sunt nam quasi saepe est.','2001-04-16 17:55:48'),
('914','14','14','Est maiores quidem odit. Magni quam expedita nihil adipisci. Amet voluptas qui ab ipsum magnam odit beatae.','1999-12-18 08:27:58'),
('915','15','15','Ullam est nemo laboriosam fugiat sint iusto. Sunt at amet autem quas ea dignissimos incidunt. Saepe ipsum quia ut saepe.','2002-06-23 20:10:04'),
('916','16','16','Illo consequatur quisquam omnis qui excepturi. Occaecati deserunt nesciunt voluptate fuga. Temporibus et illum fuga consectetur aut deserunt officia. Similique voluptatem magni velit ab atque commodi.','1977-08-25 09:47:48'),
('917','17','17','Laborum corrupti occaecati tempora suscipit nesciunt. Qui dolores ipsa qui atque ipsam. Sed qui sunt distinctio non ratione vero. Nam et asperiores incidunt molestiae dolorem id fuga.','1999-07-15 00:34:55'),
('918','18','18','Tempora ex dolores aut quidem aut et architecto molestias. Ipsum quia repudiandae accusamus quibusdam. Nostrum ut repellat sit cum minima. Laboriosam velit incidunt quas et quo ut.','2006-09-07 17:43:29'),
('919','19','19','Libero dolorum est tempore nostrum est. Hic commodi eaque velit possimus tempore minus sint reiciendis. Perspiciatis molestiae nam tempore quos ducimus consequuntur.','1996-01-02 21:14:40'),
('920','20','20','Rerum ut ullam occaecati perferendis ut. Quia facilis nisi minus nobis qui facere voluptatem repudiandae. Quia voluptatem quia eaque alias excepturi mollitia exercitationem.','1980-12-20 06:41:35'),
('921','21','21','Est omnis voluptates magni incidunt et illum unde quam. Voluptates ipsam ipsum aut alias deserunt aperiam sed. Quia et cupiditate atque odit necessitatibus enim nostrum. Culpa ea odio et assumenda voluptas fugiat qui quia.','1981-05-12 20:55:55'),
('922','22','22','Hic accusantium nisi provident saepe eaque ea incidunt. Dolore quo voluptas sint perspiciatis modi alias et. Aperiam ea qui doloribus vel doloribus accusantium.','2013-05-10 00:45:12'),
('923','23','23','Architecto temporibus aperiam nihil minima. Sit aliquam dolorem voluptates occaecati aliquam et quam nostrum. Omnis consequatur sunt eligendi excepturi.','1999-06-20 21:16:57'),
('924','24','24','Consectetur qui vel voluptas dolorum et odit. Quidem molestias aut et ipsa et distinctio. Molestias porro numquam sint ipsa necessitatibus quam accusantium.','1989-09-15 21:47:06'),
('925','25','25','Dicta modi et est ex qui molestiae. Veniam rerum iste error nihil vitae. Et aliquam aut commodi nisi ad sit. Nemo distinctio corrupti unde a tempore blanditiis eveniet.','1980-07-04 14:21:32'),
('926','26','26','Quia magni similique autem amet animi perferendis. Labore et consectetur aut et non eius. Eligendi adipisci facere quia expedita quod quia vel. Dicta quo harum est doloribus.','1991-11-08 15:16:54'),
('927','27','27','Voluptate repellendus in tenetur rerum enim itaque ducimus. Et assumenda et reiciendis adipisci rem quo quae.','1974-09-20 07:10:14'),
('928','28','28','Impedit vitae ut mollitia eveniet nihil. Consequatur velit ea nostrum natus. Inventore ducimus sit nihil. Vitae culpa ut non velit a. Voluptatem veniam ab hic omnis.','1976-09-01 02:02:09'),
('929','29','29','Molestiae est amet id sunt. Est quasi nulla ullam enim in quo. Eum sapiente quisquam aut ex eligendi soluta laborum.','1978-12-30 16:48:44'),
('930','30','30','Sint rerum culpa rerum qui modi. Earum mollitia nobis et dolor. Et earum sit deleniti cupiditate.','1985-02-22 17:40:30'),
('931','31','31','Autem accusantium error eum possimus sed rerum. Rerum sit autem ea asperiores deleniti sapiente nihil officia. Id vel facilis dolorum. Laudantium quaerat et totam.','1970-12-05 07:41:06'),
('932','32','32','Delectus commodi beatae cupiditate sed ut. Similique ut debitis sed explicabo unde. Aliquid maxime nobis est id. Modi tempore corporis ullam neque distinctio sit. Autem qui aspernatur corrupti aut earum eos.','2008-03-28 21:19:20'),
('933','33','33','Repellendus placeat sint sint corporis. Quod perspiciatis reprehenderit vitae ut aut sequi ea iste. Fuga voluptatem est voluptatem beatae. Quidem quia ex reiciendis et.','2005-09-15 00:38:23'),
('934','34','34','Ab minima veniam perspiciatis soluta sint quia. Veritatis error id exercitationem vitae. Quo asperiores voluptatem praesentium ex.','1997-08-07 00:55:03'),
('935','35','35','Voluptates ea aut molestias dolore inventore. Vel similique commodi eos consequatur natus culpa aut. Aut possimus facere quia est quae non dolor. Enim vel enim eligendi cum quia necessitatibus.','1990-07-06 17:18:36'),
('936','36','36','Reprehenderit delectus adipisci sed qui nemo. Aut molestias molestiae quasi quas. Similique et quibusdam aliquid inventore.','1981-06-13 04:37:29'),
('937','37','37','Assumenda dolorem quasi quis numquam odit dolorem. Voluptate optio dolorem porro ut consequatur. Ad hic consequuntur aut et a quidem.','1991-05-17 05:05:56'),
('938','38','38','Est maxime voluptates recusandae qui. Enim veniam laborum non. Dolorem consequatur et aut quibusdam praesentium. Id assumenda sunt facilis voluptas dicta facere itaque. Qui et aut ullam delectus sed tenetur.','1995-10-15 09:16:15'),
('939','39','39','Accusamus cupiditate quia ullam nisi. Ullam animi autem commodi velit dicta quis. Dolorem ipsum corporis at eveniet labore quo.','1980-06-01 17:41:02'),
('940','40','40','Consequuntur debitis et et. Sed cum et non eaque. Ducimus repudiandae et occaecati ut.','2006-09-19 16:11:06'),
('941','41','41','Eligendi sit doloremque vero voluptatem voluptas eligendi totam. Quam nihil eius qui nulla vel ullam consequuntur. Natus itaque sit aut et. Libero laudantium aut veritatis soluta reprehenderit adipisci est. Eum quia consectetur omnis ex vitae voluptatem accusantium.','1976-08-19 14:28:39'),
('942','42','42','Nisi officia voluptatem dolores deleniti sapiente aut. Ut illo velit sed. Eaque molestiae accusamus molestias dolores a sunt deleniti. Esse animi in mollitia et.','2006-10-22 12:15:49'),
('943','43','43','Cum beatae cumque aspernatur suscipit. Laudantium exercitationem est qui voluptatem. Sint architecto enim modi est. Qui sint provident nihil.','1971-07-30 11:54:48'),
('944','44','44','Dolores recusandae occaecati tempora facilis deleniti autem. Facere occaecati qui in quia adipisci. Ut officia ut qui aut quos quia. Recusandae perspiciatis molestiae eius occaecati qui quis.','2002-09-02 07:09:54'),
('945','45','45','Asperiores minima vero beatae nihil praesentium. Quia tempora numquam placeat aspernatur quia necessitatibus. Voluptatibus occaecati dolorum perferendis quia. Qui illum explicabo non magnam occaecati voluptatem. Exercitationem labore dolor debitis aut perferendis sit adipisci qui.','2019-09-25 15:19:22'),
('946','46','46','Non enim doloremque aut. Deserunt sed laborum reiciendis vitae et. Qui recusandae dicta nostrum voluptas fuga ut ipsam.','1979-08-03 11:40:14'),
('947','47','47','Et voluptatem ipsam sit occaecati alias error tempora. Dicta dolor rem atque nihil unde tempora. Et quasi in omnis laboriosam consequatur occaecati cum.','2011-09-21 11:11:28'),
('948','48','48','Aut laboriosam beatae qui et ipsa voluptatem. Dolor qui quod beatae fugit deleniti placeat laudantium corporis. Et possimus quia non est consequuntur eius quae qui.','2010-11-16 17:32:15'),
('949','49','49','Eos perferendis ipsum beatae aliquid corrupti ratione rerum. Aut velit nihil id aut ratione excepturi.','2006-03-07 06:59:37'),
('950','50','50','Quae doloremque placeat a error quo optio aspernatur. Assumenda accusamus iure doloremque ipsum ut aut.','2004-03-12 11:16:24'),
('951','51','51','Vero laudantium velit ut nihil. Tempora omnis dolor harum minus. Quibusdam inventore voluptas necessitatibus voluptatum. Et tenetur sequi doloribus nisi autem.','1998-02-13 09:04:14'),
('952','52','52','Sapiente distinctio sit doloribus mollitia quibusdam. Quae iste provident sit necessitatibus dolor asperiores. Rerum fugiat sit rerum culpa.','1981-08-18 17:26:03'),
('953','53','53','Aut exercitationem totam et. Sequi laborum dolorem illo.','1987-05-07 15:11:27'),
('954','54','54','Tempora reiciendis est explicabo consequatur saepe. Est laborum illum ducimus laboriosam. Consequatur velit culpa sapiente magni delectus ut et. Vitae illo non voluptas sunt debitis earum.','2002-10-01 02:35:32'),
('955','55','55','Ea voluptas quia veniam sapiente sed fugit iste. Reiciendis quae tenetur voluptatem similique perferendis iure. Quis nesciunt ut voluptatum incidunt iure recusandae. Voluptas molestiae quo asperiores quis tempora.','1984-10-16 11:31:30'),
('956','56','56','Facere non veritatis et expedita ea. Exercitationem tempore totam officiis necessitatibus perferendis. Non harum perferendis exercitationem et occaecati earum.','1992-01-03 08:27:19'),
('957','57','57','Possimus in at reprehenderit veniam alias qui ipsa. Amet et assumenda magni consectetur voluptatem perferendis. Ipsa inventore id similique et repellendus eum illo. Qui dignissimos accusantium accusantium delectus.','1995-09-02 16:24:31'),
('958','58','58','Accusamus voluptatem quibusdam asperiores atque quos rerum pariatur reprehenderit. Rerum quas dicta error dolor quis.','2014-07-02 14:45:16'),
('959','59','59','Nostrum earum aut quis quos aut reprehenderit consequuntur. Animi quia quia laboriosam facilis et. Quia rerum eaque ut quia possimus. Esse aut corrupti ea quod alias accusamus rerum est. Deserunt facilis et et porro repellendus praesentium sit dolores.','2011-02-03 11:41:52'),
('960','60','60','Ea voluptatem odit dolores quasi dolores occaecati nihil. Ea adipisci id optio ab quia voluptatibus nisi. Nobis sed neque sed dolorum aut ea. Beatae assumenda occaecati nostrum provident veniam quisquam.','1985-09-17 03:10:58'),
('961','61','61','Numquam cum alias excepturi est soluta neque veritatis necessitatibus. Cumque est et rem blanditiis consequatur ut sed.','2019-01-11 08:04:55'),
('962','62','62','Repudiandae omnis autem debitis ducimus. Quia provident libero quis ut rerum. Odio sed possimus dolorem non. Quo consectetur alias esse et enim blanditiis. Corrupti reiciendis aut sit enim illum aliquam.','2012-11-21 07:27:24'),
('963','63','63','In aut sit enim velit. Magnam culpa tenetur reiciendis labore ut modi dolorem. Ut aut unde nisi dignissimos. Modi voluptate dolorum quos cumque facere.','2002-09-27 00:35:55'),
('964','64','64','Consectetur et occaecati qui modi. Deserunt repellendus voluptas officia aut laboriosam.','1971-01-03 07:39:04'),
('965','65','65','Iusto et quasi autem quas voluptas quis. Nesciunt nostrum fugiat ut porro. Voluptatem repellat ut sit consequatur placeat ullam. Sit esse fugiat non ullam iure.','2008-11-20 13:29:06'),
('966','66','66','Quae expedita molestiae laborum rem architecto dicta doloremque laudantium. Temporibus eveniet et cum dignissimos provident vero eveniet. Amet ipsa quia consequatur.','2010-06-20 20:29:18'),
('967','67','67','Maxime ipsam occaecati qui molestiae suscipit maiores quis dolorem. Incidunt ea rerum commodi. Et facere velit suscipit at ratione et.','2019-05-16 01:25:32'),
('968','68','68','Aut corporis temporibus porro veniam. Ratione voluptas minus odit dolor. Et ut omnis vel fugiat quia labore sed.','1996-12-19 03:17:24'),
('969','69','69','Qui quibusdam accusamus harum explicabo repudiandae. Sapiente dolor aut iste cumque rerum. Suscipit ut ipsum quasi sapiente.','1997-05-15 04:17:53'),
('970','70','70','Repellat voluptatem ea sed et architecto. Quia iusto fuga voluptas adipisci. Aperiam inventore et voluptate repellendus. Natus optio porro id voluptates accusamus quidem iure nisi.','2020-02-16 09:10:25'),
('971','71','71','Ut et rem rem eius. Nam in et in qui. Qui et expedita quas enim.','1980-05-26 00:45:10'),
('972','72','72','Mollitia odit corporis officia. Ipsum labore quia modi. Qui quas quibusdam corporis inventore odit ea doloribus.','1994-07-07 00:07:28'),
('973','73','73','Ratione voluptatem cum ea consequatur consectetur maiores. Ipsum qui voluptates aspernatur est soluta id nulla. Et voluptatem aut recusandae.','1993-03-02 19:22:09'),
('974','74','74','Doloribus blanditiis aut soluta rem sunt ducimus et. Voluptates magnam ut est quo eum consequuntur quia. Repellendus voluptas harum qui repudiandae porro recusandae. Qui et eligendi amet quo ducimus cumque.','2004-07-15 14:43:50'),
('975','75','75','Consequatur et alias quae minima quo rerum deleniti. Deleniti dolorem aspernatur sequi repellendus laboriosam esse nulla. Perspiciatis commodi praesentium qui quos nostrum.','1970-02-20 03:25:24'),
('976','76','76','Maiores possimus fugiat et unde numquam incidunt dolores. Minima non quasi voluptatem recusandae. Voluptate quia sed vel. Repellat qui perferendis iste.','1994-12-03 09:44:46'),
('977','77','77','Odit nostrum non odit hic incidunt sunt. Adipisci voluptatem unde rerum voluptatem repellat rerum. Consequuntur mollitia culpa eum possimus eos ea autem. Et voluptatem unde porro distinctio iure dolores quo.','1986-04-23 14:22:44'),
('978','78','78','Neque enim magni et dicta temporibus ullam sint. Quo repellendus qui non excepturi officia reprehenderit. Rerum excepturi quas illo et.','1992-04-12 22:55:13'),
('979','79','79','Inventore blanditiis eveniet nemo sit. Quisquam aliquam sapiente labore dolor vero earum exercitationem doloremque. Qui neque suscipit quaerat rerum. Minus non ad et et autem.','1986-01-05 23:11:47'),
('980','80','80','Sequi necessitatibus cumque et dolorem rerum maiores eum. Aut perspiciatis est voluptas illo hic dolor mollitia. Et quae quis doloribus deserunt officiis et eligendi qui. Ut deserunt eius voluptatem. Delectus ut excepturi quis recusandae dolorem saepe occaecati inventore.','2002-04-25 02:41:59'),
('981','81','81','Delectus unde est nihil accusantium adipisci necessitatibus quaerat sint. Omnis facere rerum ipsum. Laudantium rem hic dolorem nisi qui aut. Quia et minus adipisci maxime est. Quis quaerat vel delectus pariatur eveniet.','2006-08-17 02:57:17'),
('982','82','82','Voluptatibus quisquam fugiat amet laudantium fugit animi quasi. Iusto tempora aut et deserunt officiis iusto. Quaerat minima quidem ratione eligendi qui dolores.','2006-06-28 01:41:53'),
('983','83','83','Dolorem qui accusamus in nostrum rem aut. Rerum consequatur dolor recusandae aut. Occaecati consequatur temporibus earum quo culpa.','1994-05-10 19:19:34'),
('984','84','84','Harum eum aspernatur velit est. Autem rerum cupiditate enim neque saepe aut modi. Ipsam nam dignissimos minima eos enim dolorem facilis aut. Libero nihil est praesentium delectus.','1980-07-25 13:18:38'),
('985','85','85','Voluptatem dolorem unde dolores molestias. Dolores sapiente ut ipsam et eos facilis. Reiciendis repudiandae est veritatis reiciendis placeat repudiandae non. Eaque quis voluptas qui magni odio veniam error.','1981-08-12 22:25:41'),
('986','86','86','Ducimus odit vitae alias quia quod quisquam. Omnis officia in voluptatem ipsum doloribus laudantium inventore. In perspiciatis et labore doloribus esse.','1989-12-12 19:51:46'),
('987','87','87','Sit earum tenetur veritatis recusandae pariatur natus debitis omnis. Eos distinctio quia odit consequatur. Esse officiis ut eum corporis aspernatur et et. Placeat eveniet officia dolorem minus error.','2020-04-10 13:19:25'),
('988','88','88','Quae autem et et error iusto temporibus. Deleniti tempore autem officiis inventore est non. Mollitia dignissimos voluptatum velit praesentium asperiores tempora accusamus sed.','1987-03-06 20:53:44'),
('989','89','89','Voluptatem consequatur autem est. Id suscipit voluptas ut nihil. Exercitationem quo a harum. Ut excepturi ea quibusdam expedita optio et nostrum voluptatum.','1970-10-15 14:20:02'),
('990','90','90','Ad aut perferendis est illum cupiditate. Rerum sed quas porro quia deserunt expedita quia. Dignissimos natus aliquam rerum eligendi quisquam quae.','1979-03-09 09:21:17'),
('991','91','91','Consequatur nesciunt fugit ut. Et commodi facilis expedita. Fugiat aperiam aut adipisci hic.','1974-02-14 05:46:46'),
('992','92','92','Qui voluptates culpa impedit molestiae beatae vero. Et a et totam ad quo. Harum deleniti doloremque cum aut qui. Praesentium voluptas error aut dolor velit sed.','2006-07-21 00:22:30'),
('993','93','93','Porro omnis eaque assumenda necessitatibus quam occaecati asperiores. Alias mollitia cumque sit in natus.','1999-10-31 21:46:18'),
('994','94','94','Fugit quia vel quae consequatur rerum. Sint et itaque nam maiores officia libero ut. Aliquid pariatur laborum temporibus laudantium.','1976-03-24 14:08:17'),
('995','95','95','Debitis doloremque commodi aut et accusamus in distinctio. Et sapiente cupiditate sed possimus iure hic. Magnam libero et ut quia quia. Laudantium voluptas animi repudiandae quo dolorem ea.','1971-03-20 10:51:57'),
('996','96','96','Sapiente quo alias quia est fugit. Itaque et aut vitae quas enim velit. Doloribus harum consequatur eaque nihil tenetur ullam.','1982-06-30 08:51:58'),
('997','97','97','Excepturi voluptatem voluptas aliquam voluptate. A provident molestiae dignissimos nam ut eligendi. Inventore est sed quae corporis corrupti. Voluptatum tempore ipsa enim voluptatem. Perspiciatis incidunt similique aut rem sint ex ut.','1986-07-25 14:49:42'),
('998','98','98','Dicta minima officiis accusantium doloremque alias. Consectetur asperiores est accusantium ipsum. Distinctio earum dolore et quia nisi eveniet atque. Fuga similique necessitatibus ut molestias consequatur sit.','1970-07-10 14:32:58'),
('999','99','99','Autem omnis enim rerum nesciunt ea aut itaque. Quia et natus consequatur voluptatibus iste et ad. Voluptates voluptatibus magnam est excepturi excepturi sed et.','1984-04-28 07:42:29'),
('1000','100','100','Officia qui facere animi iste. Quos culpa quis officia illo fugiat ex beatae. Veniam consequatur corporis omnis.','1989-03-29 16:36:42'); 


DROP TABLE IF EXISTS `photo_albums`;
CREATE TABLE `photo_albums` (
  `id` bigint(20) unsigned NOT NULL AUTO_INCREMENT,
  `name` varchar(255) COLLATE utf8_unicode_ci DEFAULT NULL,
  `user_id` bigint(20) unsigned DEFAULT NULL,
  PRIMARY KEY (`id`),
  UNIQUE KEY `id` (`id`),
  KEY `user_id` (`user_id`),
  CONSTRAINT `photo_albums_ibfk_1` FOREIGN KEY (`user_id`) REFERENCES `users` (`id`)
) ENGINE=InnoDB AUTO_INCREMENT=11 DEFAULT CHARSET=utf8 COLLATE=utf8_unicode_ci;

INSERT INTO `photo_albums` VALUES ('1','quo','1'),
('2','rerum','2'),
('3','eaque','3'),
('4','magni','4'),
('5','rerum','5'),
('6','ea','6'),
('7','cum','7'),
('8','quae','8'),
('9','hic','9'),
('10','quas','10'); 


DROP TABLE IF EXISTS `photos`;
CREATE TABLE `photos` (
  `id` bigint(20) unsigned NOT NULL AUTO_INCREMENT,
  `album_id` bigint(20) unsigned DEFAULT NULL,
  `media_id` bigint(20) unsigned NOT NULL,
  UNIQUE KEY `id` (`id`),
  KEY `album_id` (`album_id`),
  KEY `media_id` (`media_id`),
  CONSTRAINT `photos_ibfk_1` FOREIGN KEY (`album_id`) REFERENCES `photo_albums` (`id`),
  CONSTRAINT `photos_ibfk_2` FOREIGN KEY (`media_id`) REFERENCES `media` (`id`)
) ENGINE=InnoDB AUTO_INCREMENT=101 DEFAULT CHARSET=utf8 COLLATE=utf8_unicode_ci;

INSERT INTO `photos` VALUES ('1','1','1'),
('2','2','2'),
('3','3','3'),
('4','4','4'),
('5','5','5'),
('6','6','6'),
('7','7','7'),
('8','8','8'),
('9','9','9'),
('10','10','10'),
('11','1','11'),
('12','2','12'),
('13','3','13'),
('14','4','14'),
('15','5','15'),
('16','6','16'),
('17','7','17'),
('18','8','18'),
('19','9','19'),
('20','10','20'),
('21','1','21'),
('22','2','22'),
('23','3','23'),
('24','4','24'),
('25','5','25'),
('26','6','26'),
('27','7','27'),
('28','8','28'),
('29','9','29'),
('30','10','30'),
('31','1','31'),
('32','2','32'),
('33','3','33'),
('34','4','34'),
('35','5','35'),
('36','6','36'),
('37','7','37'),
('38','8','38'),
('39','9','39'),
('40','10','40'),
('41','1','41'),
('42','2','42'),
('43','3','43'),
('44','4','44'),
('45','5','45'),
('46','6','46'),
('47','7','47'),
('48','8','48'),
('49','9','49'),
('50','10','50'),
('51','1','51'),
('52','2','52'),
('53','3','53'),
('54','4','54'),
('55','5','55'),
('56','6','56'),
('57','7','57'),
('58','8','58'),
('59','9','59'),
('60','10','60'),
('61','1','61'),
('62','2','62'),
('63','3','63'),
('64','4','64'),
('65','5','65'),
('66','6','66'),
('67','7','67'),
('68','8','68'),
('69','9','69'),
('70','10','70'),
('71','1','71'),
('72','2','72'),
('73','3','73'),
('74','4','74'),
('75','5','75'),
('76','6','76'),
('77','7','77'),
('78','8','78'),
('79','9','79'),
('80','10','80'),
('81','1','81'),
('82','2','82'),
('83','3','83'),
('84','4','84'),
('85','5','85'),
('86','6','86'),
('87','7','87'),
('88','8','88'),
('89','9','89'),
('90','10','90'),
('91','1','91'),
('92','2','92'),
('93','3','93'),
('94','4','94'),
('95','5','95'),
('96','6','96'),
('97','7','97'),
('98','8','98'),
('99','9','99'),
('100','10','100'); 


DROP TABLE IF EXISTS `profiles`;
CREATE TABLE `profiles` (
  `user_id` bigint(20) unsigned NOT NULL,
  `gender` char(1) COLLATE utf8_unicode_ci DEFAULT NULL,
  `birthday` date DEFAULT NULL,
  `photo_id` bigint(20) unsigned DEFAULT NULL,
  `hometown` varchar(100) COLLATE utf8_unicode_ci DEFAULT NULL,
  `created_at` datetime DEFAULT current_timestamp(),
  UNIQUE KEY `user_id` (`user_id`),
  CONSTRAINT `fk_profiles_user_id` FOREIGN KEY (`user_id`) REFERENCES `users` (`id`) ON DELETE NO ACTION ON UPDATE CASCADE
) ENGINE=InnoDB DEFAULT CHARSET=utf8 COLLATE=utf8_unicode_ci;

INSERT INTO `profiles` VALUES ('1',NULL,'1976-08-28','1',NULL,'2009-05-10 17:42:27'),
('2',NULL,'1991-10-18','2',NULL,'1984-08-20 09:34:21'),
('3',NULL,'1990-07-22','3',NULL,'1999-02-05 12:02:53'),
('4',NULL,'2006-03-23','4',NULL,'1978-07-10 05:02:49'),
('5',NULL,'2007-11-28','5',NULL,'2002-10-23 08:32:45'),
('6',NULL,'1993-10-10','6',NULL,'2007-04-07 22:29:21'),
('7',NULL,'1998-03-19','7',NULL,'1998-06-03 05:38:36'),
('8',NULL,'1989-11-14','8',NULL,'1981-08-20 16:02:36'),
('9',NULL,'2013-04-04','9',NULL,'2009-09-25 05:09:01'),
('10',NULL,'1971-08-25','10',NULL,'1996-03-15 11:23:28'),
('11',NULL,'2011-08-30','11',NULL,'1975-12-21 14:26:14'),
('12',NULL,'2008-11-13','12',NULL,'1974-07-09 16:37:22'),
('13',NULL,'1986-01-04','13',NULL,'1973-12-27 19:12:32'),
('14',NULL,'1974-12-27','14',NULL,'1989-08-20 20:32:16'),
('15',NULL,'1970-11-10','15',NULL,'2018-12-17 14:15:46'),
('16',NULL,'2011-06-27','16',NULL,'2014-09-27 18:30:07'),
('17',NULL,'1977-12-26','17',NULL,'1975-03-31 04:03:28'),
('18',NULL,'2008-09-10','18',NULL,'1998-08-29 01:30:24'),
('19',NULL,'1983-05-05','19',NULL,'1985-01-09 00:30:51'),
('20',NULL,'2006-06-28','20',NULL,'1985-01-14 20:07:31'),
('21',NULL,'1988-01-20','21',NULL,'2019-02-25 09:30:31'),
('22',NULL,'1998-01-19','22',NULL,'1985-03-30 17:31:21'),
('23',NULL,'2013-06-30','23',NULL,'2009-05-09 15:08:25'),
('24',NULL,'1983-04-11','24',NULL,'2017-05-16 20:06:34'),
('25',NULL,'1973-06-29','25',NULL,'1993-07-27 22:10:12'),
('26',NULL,'1994-08-15','26',NULL,'2014-10-31 01:54:52'),
('27',NULL,'2011-11-24','27',NULL,'1997-12-07 23:21:38'),
('28',NULL,'2010-01-01','28',NULL,'2001-04-29 09:50:37'),
('29',NULL,'2015-10-18','29',NULL,'2012-09-26 15:54:42'),
('30',NULL,'1985-08-19','30',NULL,'1980-01-11 03:12:15'),
('31',NULL,'2008-06-05','31',NULL,'2003-04-19 13:04:25'),
('32',NULL,'2010-12-24','32',NULL,'2002-08-17 04:47:37'),
('33',NULL,'1989-02-04','33',NULL,'2006-10-29 02:01:24'),
('34',NULL,'2019-10-07','34',NULL,'2000-12-20 02:52:15'),
('35',NULL,'1991-03-22','35',NULL,'1983-07-22 00:10:53'),
('36',NULL,'1976-04-30','36',NULL,'2014-11-23 23:34:05'),
('37',NULL,'2016-01-07','37',NULL,'1992-02-03 00:33:30'),
('38',NULL,'2001-03-15','38',NULL,'2007-10-16 15:46:10'),
('39',NULL,'1999-04-03','39',NULL,'2007-12-24 21:53:09'),
('40',NULL,'1994-09-07','40',NULL,'2018-10-28 04:28:25'),
('41',NULL,'2004-02-05','41',NULL,'1987-12-22 10:29:24'),
('42',NULL,'1997-03-10','42',NULL,'1991-03-23 22:14:27'),
('43',NULL,'1995-05-19','43',NULL,'2015-05-02 00:32:11'),
('44',NULL,'1994-06-11','44',NULL,'2019-08-21 18:42:26'),
('45',NULL,'1980-11-03','45',NULL,'1987-05-20 10:16:03'),
('46',NULL,'1998-12-29','46',NULL,'2018-06-22 16:37:01'),
('47',NULL,'1984-01-11','47',NULL,'2007-09-21 15:37:40'),
('48',NULL,'1984-04-08','48',NULL,'2020-06-22 19:15:05'),
('49',NULL,'1983-01-29','49',NULL,'2018-06-06 17:06:49'),
('50',NULL,'1971-02-12','50',NULL,'2009-12-03 19:16:22'),
('51',NULL,'2015-01-09','51',NULL,'2010-08-05 01:31:58'),
('52',NULL,'2011-10-21','52',NULL,'1997-01-28 21:21:02'),
('53',NULL,'2001-11-24','53',NULL,'1989-06-08 02:16:05'),
('54',NULL,'2020-06-11','54',NULL,'1987-11-26 10:44:31'),
('55',NULL,'2009-10-23','55',NULL,'1984-05-10 03:56:34'),
('56',NULL,'2016-08-01','56',NULL,'1979-07-05 20:21:59'),
('57',NULL,'2010-01-22','57',NULL,'2011-10-08 23:23:24'),
('58',NULL,'2001-09-13','58',NULL,'1989-02-17 08:22:08'),
('59',NULL,'2006-06-05','59',NULL,'1980-02-12 19:57:54'),
('60',NULL,'1988-08-06','60',NULL,'2012-08-18 22:45:12'),
('61',NULL,'1987-10-06','61',NULL,'1987-03-27 17:11:35'),
('62',NULL,'2000-09-10','62',NULL,'1973-10-26 06:43:06'),
('63',NULL,'1999-03-24','63',NULL,'2010-01-15 04:25:43'),
('64',NULL,'2014-09-05','64',NULL,'1995-06-09 20:31:09'),
('65',NULL,'1997-11-08','65',NULL,'2017-03-16 17:25:50'),
('66',NULL,'1975-01-06','66',NULL,'2011-12-14 09:17:32'),
('67',NULL,'1998-08-02','67',NULL,'1983-05-28 23:39:47'),
('68',NULL,'2011-12-11','68',NULL,'1971-11-28 01:26:37'),
('69',NULL,'1974-04-16','69',NULL,'1983-08-13 14:14:43'),
('70',NULL,'1983-11-23','70',NULL,'2004-03-22 18:54:01'),
('71',NULL,'2002-11-19','71',NULL,'2002-05-03 16:06:43'),
('72',NULL,'2006-01-16','72',NULL,'1979-10-08 16:00:48'),
('73',NULL,'1990-06-25','73',NULL,'1990-07-10 09:29:13'),
('74',NULL,'1980-11-28','74',NULL,'1998-03-15 00:47:24'),
('75',NULL,'2004-11-19','75',NULL,'1989-11-27 19:43:26'),
('76',NULL,'1996-10-16','76',NULL,'2005-02-10 06:23:05'),
('77',NULL,'2016-01-05','77',NULL,'1988-02-06 11:33:56'),
('78',NULL,'1995-04-08','78',NULL,'2011-02-18 10:38:38'),
('79',NULL,'2010-04-05','79',NULL,'1998-07-25 11:18:26'),
('80',NULL,'2016-06-05','80',NULL,'1974-09-07 03:16:53'),
('81',NULL,'1990-11-07','81',NULL,'1985-11-06 02:53:00'),
('82',NULL,'1980-03-17','82',NULL,'2013-06-10 21:23:58'),
('83',NULL,'1992-10-22','83',NULL,'1971-02-12 10:32:29'),
('84',NULL,'1995-07-31','84',NULL,'1977-01-23 12:18:35'),
('85',NULL,'1980-07-07','85',NULL,'2005-09-29 21:23:33'),
('86',NULL,'1975-06-15','86',NULL,'2005-12-20 04:10:41'),
('87',NULL,'2013-11-16','87',NULL,'1972-04-02 07:50:24'),
('88',NULL,'2001-09-19','88',NULL,'1982-09-09 16:27:06'),
('89',NULL,'1975-05-29','89',NULL,'1979-09-28 19:08:14'),
('90',NULL,'2003-06-04','90',NULL,'1984-05-01 02:15:10'),
('91',NULL,'1994-11-28','91',NULL,'1990-06-10 03:08:16'),
('92',NULL,'1980-08-19','92',NULL,'1976-04-25 19:02:27'),
('93',NULL,'1989-12-03','93',NULL,'1976-07-16 00:58:33'),
('94',NULL,'1995-04-14','94',NULL,'1973-10-09 08:45:14'),
('95',NULL,'2004-02-12','95',NULL,'2006-01-30 21:48:32'),
('96',NULL,'2016-11-05','96',NULL,'2016-12-29 12:49:40'),
('97',NULL,'2018-01-29','97',NULL,'2006-08-15 09:38:52'),
('98',NULL,'1980-09-29','98',NULL,'1975-10-20 08:06:41'),
('99',NULL,'1983-04-25','99',NULL,'1990-07-20 02:10:33'),
('100',NULL,'1984-01-08','100',NULL,'2000-04-06 19:22:42'); 


DROP TABLE IF EXISTS `users`;
CREATE TABLE `users` (
  `id` bigint(20) unsigned NOT NULL AUTO_INCREMENT,
  `firstname` varchar(100) COLLATE utf8_unicode_ci DEFAULT NULL,
  `lastname` varchar(100) COLLATE utf8_unicode_ci DEFAULT NULL,
  `email` varchar(100) COLLATE utf8_unicode_ci DEFAULT NULL,
  `password_hash` varchar(100) COLLATE utf8_unicode_ci DEFAULT NULL,
  `phone` bigint(20) unsigned DEFAULT NULL,
  PRIMARY KEY (`id`),
  UNIQUE KEY `email` (`email`),
  UNIQUE KEY `phone` (`phone`),
  KEY `user_name_idx` (`firstname`,`lastname`)
) ENGINE=InnoDB AUTO_INCREMENT=101 DEFAULT CHARSET=utf8 COLLATE=utf8_unicode_ci;

INSERT INTO `users` VALUES ('1','Nakia','Marvin','angelica34@example.net','f4321cca1dd89c66c04a2f6fe62d34c1686f18d7','89044121603'),
('2','Kara','DuBuque','waino.crona@example.net','487721a7089ac614fed18645f9be9ce6b9398518','89706996313'),
('3','Lexi','Marquardt','jaeden.schaden@example.net','217c4920ddc0b9fcb1434d2bd53aaf9aca75f48b','89778066725'),
('4','Isadore','Farrell','ibrahim.rogahn@example.net','7bb5c16b38c2312cce33dfdb789d929c46d3b4a1','89643387906'),
('5','Aniyah','Schaefer','green.kory@example.org','0e23c1f8ffc12ff3c4be5779443481d53b89c40e','89471910323'),
('6','Rory','Satterfield','hettinger.leif@example.org','4236eee7f8a5c4bad72d42d2f728522c419547e9','89590557551'),
('7','Justyn','Walsh','eino46@example.net','747844613e4fdf39836c24b61aca768a1f3ccf7f','89811888208'),
('8','Ruthie','Hessel','lenny65@example.org','83a35e564fc5ddba234a0aa3ae0e59043b2fe75e','89921663366'),
('9','Dewayne','Brekke','savanna.raynor@example.net','969f7eadbf88eb11b313a61e1df41fec55cb3721','89648494169'),
('10','Violette','Brown','icollier@example.net','57a44232bcaadadc1f9d5e4c1c4439f680d92ded','89886028997'),
('11','Kira','Farrell','joshua07@example.net','400849c1ff37822378b51351137062f156316921','89829866137'),
('12','Taylor','Hyatt','gstehr@example.com','218726ab3e257ccba7f805985fcf096882dd9141','89731530817'),
('13','Retha','Corwin','schumm.kayden@example.com','9086509ea8e8721bad6e60956f87f4c139a77e40','89030307943'),
('14','Ubaldo','Reichel','rashad.harvey@example.org','f2095e18d3e80e0dfae5fb8f7133190160954aa1','89967035567'),
('15','Noel','Gulgowski','benjamin09@example.org','dd88f7bf441417668d350c7e44436e07bb29635f','89083552389'),
('16','Brendan','Mitchell','hermann67@example.org','573081539116b42e28c6ee79132acdf38f023654','89524370260'),
('17','Katheryn','Becker','sporer.harry@example.org','750f32187b6c1e1ab670ea267924a1b7e5e88b8d','89024328689'),
('18','Katrina','Bartell','hkoepp@example.com','8e9ba13b530d07397fe96ff8a425ba360d254d04','89751458286'),
('19','Nova','Glover','fermin.jerde@example.org','4ffa45e7f6d7262b2edb1e850266c08c2f09c922','89183154116'),
('20','Renee','Terry','gabriella72@example.com','a488a54fd48a514b3243b9a4c8202aac0ec2cd92','89508090893'),
('21','Celestino','Powlowski','courtney98@example.net','675e066127d621dc4350702131260e926d4adb19','89925522612'),
('22','Alessandra','Steuber','acremin@example.org','8f4596fc18dda7e2a26e63b7b860310450a1938a','89435057515'),
('23','Berneice','Feest','johnston.anastasia@example.net','ab748c187b4cacd08296b049c944f319dc029f2c','89382523778'),
('24','Clinton','Mann','angelo75@example.com','e735d6706f86d373374c2ddcab89ee28e8a2223f','89335796485'),
('25','Bell','Grady','travis51@example.net','a0eca998887fe84d4091a66664173488f21f3c6b','89498064580'),
('26','Ofelia','Huel','rschoen@example.net','36e2be78d714a6c8f93e13526d6d8b157b36dc57','89912905612'),
('27','Laron','Ward','pmante@example.com','1bd0c28e77a09dc462ed471742a6fecb60a84788','89596839878'),
('28','Jude','O\'Reilly','brown.steuber@example.net','cd0852311b68ecb8acb45d6a29c75c3a2cc5b631','89845780406'),
('29','Lenora','Dare','araceli74@example.org','147d26565ebc425903d34e618aeab281bf68adc8','89590451627'),
('30','Lorenz','Dare','hmosciski@example.org','a49108b7e6ff59deb36431c64c3bc144310a85fb','89899445710'),
('31','Ignatius','Herzog','chartmann@example.net','1f4c16d6f95207d8ddfdfb73be239759c3c29065','89281957844'),
('32','Chance','Moen','yessenia.hahn@example.org','64510af51ee8ccada33d8204b1f242baa60b4708','89627843488'),
('33','Gay','Hartmann','ashton83@example.com','b1517349a3d9e74dddc9bd3b4ffe0e3de663c2a7','89081053624'),
('34','Amiya','Bednar','armando90@example.org','c546ff7777b2cd8dfdd0421ea3f744fea4581f3a','89644196910'),
('35','Kenyatta','Buckridge','grimes.lacy@example.com','86044adf65655e867cb3d8e2ec39d571658600a9','89962221866'),
('36','Augustine','DuBuque','rempel.hector@example.com','42b653b2fb79f99094df1681e708ecce1cbe8427','89070801159'),
('37','Terrence','Koss','witting.mervin@example.org','baedb5b7eaa66b522102c621040948b46d6a573e','89843148975'),
('38','Eriberto','Cassin','kristoffer.quitzon@example.com','1fd0d21d75235f43c42f49682364f9d2c713783b','89370845916'),
('39','Amiya','Olson','britney87@example.org','e30842055e8e44242276b0da20e1ae950fd979f4','89116423969'),
('40','Gunner','Kling','rdare@example.net','600501a1597460a2f41c96876a39bcbfb5ee800f','89975337125'),
('41','Theodore','Reichel','wframi@example.org','1cd9afec572e2310945bfe56c7c0f4b6e98afe56','89707342523'),
('42','Anika','Bruen','murazik.karina@example.net','cfc0a2ec25870ca1bfbb933a1e969f4f474c0ff0','89116683228'),
('43','Larissa','Ernser','heidi48@example.net','7f1c47d9a052a2d815c8efc31c889439c2dff3bb','89210525023'),
('44','Lazaro','Pfeffer','samson.dubuque@example.com','ffe36fd9fd171047d3eb0270d416756e624221ce','89890081260'),
('45','Gladys','Ritchie','braeden45@example.com','5aef81ef90b2a8878a8fbd45b033cfd0a0011167','89105460091'),
('46','Dee','Nicolas','tgreenfelder@example.org','a360134ba81f889c61e2714edbbfc3464f58676b','89729728641'),
('47','Conrad','Feeney','milford28@example.org','c2a0f0f0ce3f18bd6156c3dc47d60457e6b6138a','89791095457'),
('48','Jaden','Marquardt','jovani97@example.com','ba9a89e47e012a6f4634ab748505e36c125006c6','89785863899'),
('49','Jarrod','Boehm','ecassin@example.org','332125012c9fd986e974218ba711945d29db0c61','89328876556'),
('50','Willa','Mayer','fadel.faustino@example.org','a4a0e1cb398bbad0d0798a208524d113ed7d9ff2','89230615518'),
('51','Alec','Rolfson','jack.hagenes@example.com','28c2e726ed0c6fd6bf6e1801204658e6a3df8c02','89692264490'),
('52','Cloyd','Macejkovic','cruickshank.edwin@example.com','b5493c6b64264948b18df9830606c4a381178ff2','89161053212'),
('53','Elisabeth','Lowe','zechariah66@example.org','09324913737cab10f99f9649a998d573006feca6','89992278390'),
('54','Sabina','Gislason','stamm.merritt@example.net','b7d428deea95bf2a7b9552682c08e3a6d9104709','89037221034'),
('55','Darian','Kohler','hiram69@example.net','45e2e18b8035d91f743e1cb04d7f3d53a8f501b5','89096958422'),
('56','Marcos','Schiller','sylvester68@example.org','8076e44b35280ff33326092cc1c6a57f69283d60','89452223038'),
('57','Ona','Gibson','adouglas@example.org','d0eec90c286e56aeac9a453bc6d9d9c937946712','89960096748'),
('58','Delaney','Wintheiser','zella40@example.com','6845def5902aeba9cb279c98e0a230051af7b515','89120288210'),
('59','Jack','Schimmel','camille.leuschke@example.com','87120837cff7fd34dd2cdadbf78642f6fe928df6','89648214878'),
('60','Clarissa','Kshlerin','abbott.dominic@example.com','2ca435a911dd4e823de1ff99548f82cb8b7a109a','89241516526'),
('61','Idell','Zieme','dprohaska@example.org','39fc6f59f9c353d7e383c0750f217b4573a8d759','89200784842'),
('62','Buddy','Lindgren','wtorp@example.org','609ece7027c1a4ab4310f6257809e568e0f49f49','89058569861'),
('63','Sam','Kreiger','yspinka@example.net','6eb8a0f7e1846af0ae74e2139b3ed01bbc5ecc42','89186285756'),
('64','Sister','Wiza','heaney.tianna@example.com','2d31bf264e16a97aa80833ee2c9794296c6004e5','89377908233'),
('65','Wayne','Windler','jefferey75@example.net','4804b85ae919ab9b57f4b6b5e37da762835570e5','89825533499'),
('66','Miller','Haag','travis30@example.com','4108fa7f5028c886d608fdfa70f11abbe034ee29','89695887888'),
('67','Missouri','Bosco','whackett@example.net','ab3bc4f205451bebc6d35fbb2474bf644b2f2d90','89740390813'),
('68','Jovany','Schmidt','emmerich.jaqueline@example.com','e952eea2160067abff8cf83125ca09cd43a74467','89334544752'),
('69','Ursula','Miller','considine.keegan@example.net','87015ba18354f5066d445a017d61f462a6679043','89982159109'),
('70','Kay','Altenwerth','flatley.una@example.org','fa02d3cdc4a947087c5c077117461b675417166b','89285509374'),
('71','Porter','Bayer','dwindler@example.org','c40323ca2c6d0bf2493be10e5d15ed21b3e99278','89243552351'),
('72','Katlyn','Waelchi','kris.allan@example.org','a5f8476a880f8cb2ee47339b090f2dbf5fe5a115','89187823328'),
('73','Oren','Legros','emclaughlin@example.net','efb63dc98bb192c04e0271d7ed249a4d12b9faff','89697254707'),
('74','Vivian','Wilderman','uwolff@example.org','ae255630588b505fe42826a2bffaabc83a4e63fe','89638912974'),
('75','Nyah','VonRueden','jamal45@example.org','363a2d35197d51cab1abdfd27660b30eaddde025','89581914404'),
('76','Marjolaine','Wunsch','nlehner@example.org','f203867452637ed358c3bbc339d58fffb60e6779','89744048147'),
('77','Deshaun','Donnelly','kertzmann.anastasia@example.net','a4ce55bd69ede4964fa684f49cd54e4dad89edb6','89087633344'),
('78','Nicole','Kunde','rosenbaum.jaylan@example.net','bef40f2277203db8ad594e5c43b5c0a62a1ef9dd','89031353380'),
('79','Graham','Reynolds','demarcus.wiegand@example.net','a28597bf83f5073051ed6c3a859009d748b974d0','89191325491'),
('80','Leopold','Roob','zdicki@example.com','68ffadaee1d7bfb3ab850923e966add9d4256817','89104704030'),
('81','Ali','Mraz','chanel42@example.org','fe8b248ede92b395281cf404cc13ea312bf76510','89716063756'),
('82','Sebastian','Bode','chasity.batz@example.com','34479da2d58d0539a9fd4b7431b80036d8cd11e6','89517211951'),
('83','Shirley','Johnston','lenora.carter@example.com','afe1d0cc3a32119e175cc106cf47249196d60ef8','89869584341'),
('84','Vivianne','Hagenes','hauck.ruthe@example.com','75a0b89c31843b0bf3dd56fe090c775cd9e172fe','89638763873'),
('85','Elsa','Hodkiewicz','fidel.welch@example.net','d63731e2c86770c4128e94fe765dc2e6594f65db','89976025227'),
('86','Katlyn','Ward','thora.prosacco@example.net','2774029cf3c2c28598c5249452a09a391d4c3e9c','89795256834'),
('87','Mauricio','Strosin','rosamond09@example.org','3dc97e93e172d5f55889f025ed7ac863af803fcc','89274797088'),
('88','Mae','Parisian','feest.destin@example.net','56c68b54805c814e4325121d090a81ebb17597f9','89940072931'),
('89','Celestino','Hudson','langworth.arvel@example.net','67adec9bb810e39aa519015347b21812542525b7','89096888536'),
('90','Olin','Braun','bria36@example.com','644550aeca61dbe568fce29518f3293b1a45d8f8','89825053324'),
('91','Pietro','Wuckert','jadon.grady@example.org','38450862da3875186dbbab7134a40318e1501ba6','89609407840'),
('92','Zander','Bailey','arianna86@example.com','35f2abeac7ba46cf619fedbd6f45b587ee057b7f','89011972306'),
('93','Reinhold','Wintheiser','drenner@example.org','522c497124433ef677b2232e128a5e89464389c9','89999926256'),
('94','Rosalind','Purdy','botsford.max@example.net','7bf93e6439dadad01c548fcbe9d59e1cf8eedfcb','89618471080'),
('95','Dillan','Witting','marlen44@example.org','893ce3bef8b3dafb83a2f198c101c7364b1249d3','89304906732'),
('96','Mya','Rowe','orosenbaum@example.com','77e628771f61fa6d1bb0111cba0d5151fb9b9338','89799508017'),
('97','Cecile','Brakus','mollie.price@example.net','ddad6e6dd8b62a42cda731bb4c3b63701708c87e','89955203405'),
('98','Maryse','Lebsack','bosco.warren@example.org','da0c0944f44ae427f79ea8ec26546c451bb8ad27','89586984630'),
('99','Ayla','Waters','ahauck@example.net','336a6c384dd1d66fbaf3e2220889196de1dfdb05','89838874462'),
('100','Casper','Mayer','gmosciski@example.org','2fe909f1c7633af4b2950d2f21d52a4a0e1f3803','89213150688'); 


DROP TABLE IF EXISTS `users_communities`;
CREATE TABLE `users_communities` (
  `user_id` bigint(20) unsigned NOT NULL,
  `community_id` bigint(20) unsigned NOT NULL,
  PRIMARY KEY (`user_id`,`community_id`),
  KEY `community_id` (`community_id`),
  CONSTRAINT `users_communities_ibfk_1` FOREIGN KEY (`user_id`) REFERENCES `users` (`id`),
  CONSTRAINT `users_communities_ibfk_2` FOREIGN KEY (`community_id`) REFERENCES `communities` (`id`)
) ENGINE=InnoDB DEFAULT CHARSET=utf8 COLLATE=utf8_unicode_ci;

INSERT INTO `users_communities` VALUES ('1','1'),
('2','2'),
('3','3'),
('4','4'),
('5','5'),
('6','6'),
('7','7'),
('8','8'),
('9','9'),
('10','10'),
('11','11'),
('12','12'),
('13','13'),
('14','14'),
('15','15'),
('16','16'),
('17','17'),
('18','18'),
('19','19'),
('20','20'),
('21','21'),
('22','22'),
('23','23'),
('24','24'),
('25','25'),
('26','26'),
('27','27'),
('28','28'),
('29','29'),
('30','30'),
('31','31'),
('32','32'),
('33','33'),
('34','34'),
('35','35'),
('36','36'),
('37','37'),
('38','38'),
('39','39'),
('40','40'),
('41','41'),
('42','42'),
('43','43'),
('44','44'),
('45','45'),
('46','46'),
('47','47'),
('48','48'),
('49','49'),
('50','50'),
('51','51'),
('52','52'),
('53','53'),
('54','54'),
('55','55'),
('56','56'),
('57','57'),
('58','58'),
('59','59'),
('60','60'),
('61','61'),
('62','62'),
('63','63'),
('64','64'),
('65','65'),
('66','66'),
('67','67'),
('68','68'),
('69','69'),
('70','70'),
('71','71'),
('72','72'),
('73','73'),
('74','74'),
('75','75'),
('76','76'),
('77','77'),
('78','78'),
('79','79'),
('80','80'),
('81','81'),
('82','82'),
('83','83'),
('84','84'),
('85','85'),
('86','86'),
('87','87'),
('88','88'),
('89','89'),
('90','90'),
('91','91'),
('92','92'),
('93','93'),
('94','94'),
('95','95'),
('96','96'),
('97','97'),
('98','98'),
('99','99'),
('100','100'); 




/*!40101 SET SQL_MODE=@OLD_SQL_MODE */;
/*!40014 SET FOREIGN_KEY_CHECKS=@OLD_FOREIGN_KEY_CHECKS */;
/*!40014 SET UNIQUE_CHECKS=@OLD_UNIQUE_CHECKS */;
/*!40101 SET CHARACTER_SET_CLIENT=@OLD_CHARACTER_SET_CLIENT */;
/*!40101 SET CHARACTER_SET_RESULTS=@OLD_CHARACTER_SET_RESULTS */;
/*!40101 SET COLLATION_CONNECTION=@OLD_COLLATION_CONNECTION */;
/*!40111 SET SQL_NOTES=@OLD_SQL_NOTES */;
